Sales Person,Country,Product,Date,Amount,Boxes Shipped,Amount_MinMax,Amount_ZScore,Boxes Shipped_MinMax,Boxes Shipped_ZScore
Jehu Rudeforth,UK,Mint Chip Choco,2022-01-04,5320.0,180.0,0.30182588898354673,-0.1578734982340903,0.37883597883597886,0.14423872380902203
Van Tuxwell,India,85% Dark Bars,2022-08-01,7896.0,94.0,0.44816571394526633,0.4422772688816593,0.19682539682539682,-0.5813689235887023
Gigi Bohling,India,Peanut Butter Cubes,2022-07-07,4501.0,91.0,0.2552993685473478,-0.3486823019094781,0.19047619047619047,-0.606680818265367
Jan Morforth,Australia,Peanut Butter Cubes,2022-04-27,12726.0,342.0,0.7225528857484906,1.5675599572236898,0.7216931216931217,1.5110810363489213
Jehu Rudeforth,UK,Peanut Butter Cubes,2022-02-24,13685.0,184.0,0.7770326575413047,1.7909856504162378,0.3873015873015873,0.17798791671124178
Van Tuxwell,India,Smooth Sliky Salty,2022-06-06,5376.0,38.0,0.30500718952619277,-0.14482674242722618,0.07830687830687831,-1.0538576242197786
Oby Sorrel,UK,99% Dark & Pure,2022-01-25,13685.0,176.0,0.7770326575413047,1.7909856504162378,0.37037037037037035,0.1104895309068023
Gunar Cockshoot,Australia,After Nines,2022-03-24,3080.0,73.0,0.17457386727770358,-0.6797437305086552,0.1523809523809524,-0.7585521863253558
Jehu Rudeforth,New Zealand,50% Dark Bites,2022-04-20,3990.0,59.0,0.22627000109570233,-0.4677339486471132,0.12275132275132275,-0.8766743614831249
Brien Boise,Australia,99% Dark & Pure,2022-07-04,2835.0,102.0,0.16065567740362696,-0.7368232871636857,0.21375661375661376,-0.5138705377842627
Rafaelita Blaksland,UK,Smooth Sliky Salty,2022-01-13,4704.0,62.0,0.2668315830144398,-0.30138781210959564,0.1291005291005291,-0.8513624668064601
Barr Faughny,USA,Orange Choco,2022-03-10,3703.0,11.0,0.20996583581464118,-0.5345985721572918,0.021164021164021163,-1.2816646763097617
Mallorie Waber,Canada,Eclairs,2022-01-13,1442.0,286.0,0.08152082640530577,-1.0613613378594307,0.6031746031746031,1.038592335717845
Karlen McCaffrey,New Zealand,Drinking Coco,2022-07-28,168.0,156.0,0.009146239060107477,-1.3581750324655895,0.328042328042328,-0.058256433604296366
Marney O'Breen,New Zealand,Peanut Butter Cubes,2022-08-03,8379.0,173.0,0.47560443112558876,0.5548055377158624,0.364021164021164,0.08517763623013751
Beverie Moffet,Australia,Organic Choco Syrup,2022-01-26,6790.0,356.0,0.3853350282280063,0.1846038416960929,0.7513227513227513,1.6292032115066903
Van Tuxwell,Canada,Organic Choco Syrup,2022-02-14,4067.0,42.0,0.2306442893418407,-0.44979465941267505,0.08677248677248678,-1.0201084313175588
Roddy Speechley,USA,Smooth Sliky Salty,2022-04-05,3017.0,140.0,0.17099490416722674,-0.6944213307913774,0.29417989417989415,-0.1932532052131753
Beverie Moffet,Canada,Milk Bars,2022-02-16,8799.0,250.0,0.49946418519543434,0.6526562062673432,0.526984126984127,0.7348495995978673
Curtice Advani,UK,85% Dark Bars,2022-06-08,1085.0,172.0,0.061240035445937015,-1.1445344061281895,0.3619047619047619,0.07674033800458258
Brien Boise,Australia,Eclairs,2022-06-27,6888.0,88.0,0.39090230417763694,0.2074356643581051,0.18412698412698414,-0.6319927129420319
Gunar Cockshoot,USA,Spicy Special Slims,2022-02-17,1267.0,157.0,0.07157926220953677,-1.102132449755881,0.33015873015873015,-0.04981913537874143
Marney O'Breen,USA,After Nines,2022-05-30,4753.0,163.0,0.26961522098925517,-0.28997190077858953,0.34285714285714286,0.0008046539745881715
Husein Augar,UK,Drinking Coco,2022-03-14,3003.0,113.0,0.1701995790315652,-0.6976830197430933,0.23703703703703705,-0.4210602573031585
Kaine Padly,Australia,Eclairs,2022-02-28,7672.0,115.0,0.435440511774682,0.3900902456542028,0.24126984126984127,-0.40418566085204866
Karlen McCaffrey,India,Fruit & Nut Bars,2022-01-26,168.0,321.0,0.009146239060107477,-1.3581750324655895,0.6772486772486772,1.3338977736122677
Roddy Speechley,Canada,Spicy Special Slims,2022-02-09,1652.0,186.0,0.09345070344022856,-1.0124360035836903,0.3915343915343915,0.19486251316235165
Husein Augar,USA,Eclairs,2022-07-07,4025.0,112.0,0.22825831393485616,-0.4595797262678231,0.23492063492063492,-0.42949755552871344
Dennison Crosswaite,New Zealand,White Choc,2022-07-05,9492.0,151.0,0.5388327794106795,0.8141098093772867,0.31746031746031744,-0.10044292473207103
Dennison Crosswaite,New Zealand,Manuka Honey Choco,2022-06-15,5061.0,301.0,0.2871123739738086,-0.21821474384083686,0.6349206349206349,1.165151809101169
Van Tuxwell,New Zealand,85% Dark Bars,2022-05-24,1722.0,121.0,0.09742732911853616,-0.9961275588251102,0.25396825396825395,-0.35356187149871904
Rafaelita Blaksland,UK,99% Dark & Pure,2022-06-29,12446.0,150.0,0.7066463830352602,1.502326178189369,0.31534391534391537,-0.10888022295762596
Wilone O'Kielt,Australia,Manuka Honey Choco,2022-05-11,4284.0,94.0,0.24297182894459426,-0.3992384806610766,0.19682539682539682,-0.5813689235887023
Karlen McCaffrey,UK,Almond Choco,2022-06-30,6839.0,133.0,0.3881186662028216,0.196019753027099,0.27936507936507937,-0.25231429279205986
Andria Kimpton,Canada,After Nines,2022-05-11,2163.0,70.0,0.12248007089187403,-0.8933843568460552,0.14603174603174604,-0.7838640810020207
Roddy Speechley,USA,Manuka Honey Choco,2022-07-22,9583.0,315.0,0.5440023927924794,0.835310787563441,0.6645502645502646,1.283273984258938
Andria Kimpton,UK,50% Dark Bites,2022-08-24,2653.0,314.0,0.15031645064002722,-0.7792252435359941,0.6624338624338625,1.274836686033383
Kelci Walkden,New Zealand,After Nines,2022-07-07,147.0,72.0,0.007953251356615197,-1.3630675658931635,0.15026455026455027,-0.7669894845509108
Camilla Castle,Australia,85% Dark Bars,2022-05-19,3654.0,14.0,0.20718219783982586,-0.546014483488298,0.027513227513227514,-1.2563527816330968
Karlen McCaffrey,India,Manuka Honey Choco,2022-07-04,2443.0,473.5,0.13838657360510442,-0.8281505778117346,1.0,2.620585753009395
Kelci Walkden,USA,After Nines,2022-06-02,938.0,16.0,0.052889121521491056,-1.1787821401212077,0.031746031746031744,-1.2394781851819872
Karlen McCaffrey,USA,Raspberry Choco,2022-04-15,14749.0,354.0,0.8374773678515802,2.0388740107466563,0.7470899470899471,1.6123286150555804
Mallorie Waber,Canada,Choco Coated Almonds,2022-07-11,4781.0,241.0,0.2712058712605782,-0.2834485228751575,0.5079365079365079,0.6589139155678729
Andria Kimpton,India,Spicy Special Slims,2022-02-23,6307.0,142.0,0.3578963110476838,0.07207557286188984,0.2984126984126984,-0.17637860876206543
Madelene Upcott,Canada,Almond Choco,2022-08-22,7602.0,102.0,0.4314638860963744,0.37378180089562263,0.21375661375661376,-0.5138705377842627
Kaine Padly,USA,Peanut Butter Cubes,2022-02-16,6790.0,188.0,0.3853350282280063,0.1846038416960929,0.39576719576719577,0.2117371096134615
Van Tuxwell,USA,50% Dark Bites,2022-01-13,9737.0,160.0,0.5527509692847562,0.8711893660323173,0.33650793650793653,-0.02450724070207663
Curtice Advani,Australia,Milk Bars,2022-02-14,6979.0,18.0,0.39607191755943677,0.2286366425442593,0.03597883597883598,-1.2226035887308773
Roddy Speechley,India,Eclairs,2022-06-10,4382.0,303.0,0.2485391048942249,-0.37640665799906436,0.6391534391534391,1.182026405552279
Curtice Advani,India,Fruit & Nut Bars,2022-07-07,5243.0,176.0,0.29745160073740834,-0.17581278746852846,0.37037037037037035,0.1104895309068023
Curtice Advani,Canada,Almond Choco,2022-03-24,4865.0,70.0,0.2759778220745473,-0.2638783891648613,0.14603174603174604,-0.7838640810020207
Brien Boise,Australia,Fruit & Nut Bars,2022-06-06,8575.0,23.0,0.48673898302485,0.6004691830398867,0.04656084656084656,-1.1804170976031025
Dotty Strutley,Australia,Drinking Coco,2022-07-19,91.0,135.0,0.004771950813969118,-1.3761143217000278,0.28359788359788357,-0.23543969634094997
Beverie Moffet,USA,Raspberry Choco,2022-04-19,14798.0,83.0,0.8402610058263955,2.0502899220776625,0.17354497354497356,-0.6741792040698065
Marney O'Breen,India,85% Dark Bars,2022-07-19,2205.0,179.0,0.12486604629885859,-0.8835992899909071,0.37671957671957673,0.1358014255834671
Jehu Rudeforth,Canada,Drinking Coco,2022-07-15,441.0,24.0,0.02465507920550711,-1.294572097907127,0.04867724867724868,-1.1719797993775476
Ches Bonnell,New Zealand,Spicy Special Slims,2022-02-14,3556.0,18.0,0.20161492189019523,-0.5688463061503102,0.03597883597883598,-1.2226035887308773
Brien Boise,Canada,99% Dark & Pure,2022-05-18,16793.0,416.0,0.9535948376581621,2.515080597697197,0.8783068783068783,2.135441105039986
Barr Faughny,Australia,Fruit & Nut Bars,2022-06-30,15421.0,55.0,0.8756529743633331,2.1954350804290255,0.11428571428571428,-0.9104235543853446
Andria Kimpton,Australia,50% Dark Bites,2022-06-02,4438.0,227.0,0.25172040543687096,-0.3633599021922002,0.4783068783068783,0.5407917404101039
Andria Kimpton,Australia,Drinking Coco,2022-06-28,1603.0,48.0,0.09066706546541324,-1.0238519149146963,0.09947089947089947,-0.9694846419642292
Marney O'Breen,Australia,Organic Choco Syrup,2022-05-16,273.0,174.0,0.015111177577568873,-1.3337123653277192,0.36613756613756615,0.09361493445569244
Kelci Walkden,Canada,Baker's Choco Chips,2022-05-26,3073.0,302.0,0.1741762047098728,-0.6813745749845131,0.6370370370370371,1.173589107326724
Karlen McCaffrey,India,Almond Choco,2022-07-06,6090.0,149.0,0.3455687714449303,0.021519394110291367,0.31322751322751324,-0.1173175211831809
Oby Sorrel,India,99% Dark & Pure,2022-05-27,10255.0,11.0,0.5821779993042324,0.9918718572458104,0.021164021164021163,-1.2816646763097617
Wilone O'Kielt,Australia,Caramel Stuffed Bars,2022-04-14,2030.0,11.0,0.11492448210308959,-0.9243704018873574,0.021164021164021163,-1.2816646763097617
Van Tuxwell,Australia,Organic Choco Syrup,2022-08-10,17609.863750000004,14.0,1.0,2.7053917025852208,0.027513227513227514,-1.2563527816330968
Camilla Castle,India,50% Dark Bites,2022-07-04,9275.0,411.0,0.526505239807926,0.7635536306256883,0.8677248677248677,2.0932546139122117
Oby Sorrel,India,Organic Choco Syrup,2022-07-08,6181.0,56.0,0.3507383848267302,0.04272037229644556,0.1164021164021164,-0.9019862561597897
Jan Morforth,USA,Peanut Butter Cubes,2022-07-22,9037.0,102.0,0.5129847125016802,0.7081049184465158,0.21375661375661376,-0.5138705377842627
Gigi Bohling,USA,Choco Coated Almonds,2022-03-02,12313.0,103.0,0.6990907942464758,1.4713401331480669,0.21587301587301588,-0.5054332395587079
Gigi Bohling,UK,Almond Choco,2022-01-10,5642.0,9.0,0.3201183671037617,-0.08285465234462161,0.016931216931216932,-1.2985392727608716
Jehu Rudeforth,New Zealand,White Choc,2022-03-11,2800.0,241.0,0.15866736456447317,-0.7449775095429758,0.5079365079365079,0.6589139155678729
Andria Kimpton,New Zealand,Peanut Butter Cubes,2022-06-20,959.0,265.0,0.054082109224983334,-1.1738896066936337,0.5587301587301587,0.8614090729811914
Van Tuxwell,UK,Organic Choco Syrup,2022-08-26,2002.0,214.0,0.11333383183176655,-0.9308937797907896,0.4507936507936508,0.4311068634778898
Roddy Speechley,Canada,Milk Bars,2022-07-13,609.0,32.0,0.034198980833445344,-1.2554318304865346,0.0656084656084656,-1.104481413573108
Camilla Castle,USA,Spicy Special Slims,2022-02-11,1274.0,244.0,0.07197692477736753,-1.1005016052800232,0.5142857142857142,0.6842258102445378
Marney O'Breen,USA,Orange Choco,2022-01-27,7595.0,181.0,0.4310662235285437,0.37215095641976464,0.38095238095238093,0.15267602203457697
Van Tuxwell,UK,99% Dark & Pure,2022-01-31,4725.0,137.0,0.2680245707179321,-0.2964952786820216,0.2878306878306878,-0.2185650998898401
Camilla Castle,USA,White Choc,2022-08-18,9681.0,24.0,0.5495696687421101,0.8581426102254531,0.04867724867724868,-1.1719797993775476
Andria Kimpton,USA,Raspberry Choco,2022-06-30,14504.0,21.0,0.8235591779775037,1.9817944540916257,0.042328042328042326,-1.1972916940542124
Dotty Strutley,Australia,Fruit & Nut Bars,2022-08-23,280.0,311.0,0.015508840145399633,-1.3320815208518613,0.656084656084656,1.2495247913567182
Brien Boise,New Zealand,Mint Chip Choco,2022-08-01,63.0,181.0,0.003181300542646079,-1.3826376996034597,0.38095238095238093,0.15267602203457697
Roddy Speechley,New Zealand,After Nines,2022-05-25,8001.0,10.0,0.4541306524627277,0.4667399360195295,0.01904761904761905,-1.2901019745353166
Roddy Speechley,Canada,Organic Choco Syrup,2022-01-10,4032.0,82.0,0.2286559765026869,-0.45794888179196513,0.17142857142857143,-0.6826165022953614
Dennison Crosswaite,Australia,70% Dark Bites,2022-02-07,5859.0,108.0,0.3324459067065152,-0.03229847359302314,0.22645502645502646,-0.46324674843093316
Karlen McCaffrey,USA,Orange Choco,2022-05-12,11095.0,401.0,0.6298975074439236,1.1875731943487722,0.8465608465608465,2.0088816316566622
Madelene Upcott,Australia,Spicy Special Slims,2022-03-07,7182.0,408.0,0.40760413202652884,0.27593113234414174,0.8613756613756614,2.067942719235547
Dennison Crosswaite,Australia,85% Dark Bars,2022-04-05,6881.0,420.0,0.39050464160980614,0.20580481988224708,0.8867724867724868,2.169190297942206
Andria Kimpton,Canada,Caramel Stuffed Bars,2022-01-03,7154.0,348.0,0.4060134817552058,0.2694077544407097,0.7343915343915344,1.5617048257022508
Dennison Crosswaite,UK,Eclairs,2022-03-24,6188.0,270.0,0.35113604739456095,0.04435121677230358,0.5693121693121693,0.903595564108966
Madelene Upcott,India,Raspberry Choco,2022-07-07,4221.0,9.0,0.23939286583411742,-0.4139160809437987,0.016931216931216932,-1.2985392727608716
Van Tuxwell,USA,After Nines,2022-07-26,630.0,264.0,0.03539196853693762,-1.2505392970589606,0.5566137566137566,0.8529717747556365
Wilone O'Kielt,Australia,Organic Choco Syrup,2022-07-07,1743.0,111.0,0.09862031682202844,-0.991235025397536,0.2328042328042328,-0.4379348537542684
Karlen McCaffrey,Canada,50% Dark Bites,2022-07-15,2919.0,65.0,0.1654276282175961,-0.7172531534533896,0.13544973544973546,-0.8260505721297953
Roddy Speechley,New Zealand,Orange Choco,2022-04-01,49.0,97.0,0.002385975406984559,-1.3858993885551758,0.20317460317460317,-0.5560570289120375
Beverie Moffet,Australia,Eclairs,2022-06-20,1827.0,6.0,0.10339226763599756,-0.9716648916872399,0.010582010582010581,-1.3238511674375364
Kelci Walkden,UK,Fruit & Nut Bars,2022-06-29,13006.0,473.5,0.738459388461721,1.6327937362580105,1.0,2.620585753009395
Marney O'Breen,USA,50% Dark Bites,2022-06-15,1064.0,106.0,0.06004704774244474,-1.1494269395557635,0.2222222222222222,-0.48012134488204306
Husein Augar,USA,After Nines,2022-04-08,11571.0,180.0,0.6569385620564152,1.2984706187071173,0.37883597883597886,0.14423872380902203
Dennison Crosswaite,Australia,Raspberry Choco,2022-03-14,5740.0,31.0,0.3256856430533923,-0.06002282968260939,0.06349206349206349,-1.112918711798663
Andria Kimpton,USA,Fruit & Nut Bars,2022-07-15,1456.0,359.0,0.08231615154096729,-1.0580996489077148,0.7576719576719577,1.6545151061833552
Kelci Walkden,India,Eclairs,2022-04-19,5334.0,80.0,0.3026212141192082,-0.15461180928237428,0.1671957671957672,-0.6994910987464713
Marney O'Breen,USA,99% Dark & Pure,2022-03-28,4151.0,296.0,0.2354162401558098,-0.43022452570237885,0.6243386243386243,1.1229653179733943
Brien Boise,Canada,Spicy Special Slims,2022-03-04,8106.0,101.0,0.46009559098018915,0.4912026031573998,0.21164021164021163,-0.5223078360098177
Karlen McCaffrey,New Zealand,70% Dark Bites,2022-08-02,126.0,40.0,0.006760263653122917,-1.3679600993207377,0.08253968253968254,-1.0369830277686687
Husein Augar,UK,Spicy Special Slims,2022-08-25,4697.0,42.0,0.2664339204466091,-0.3030186565854537,0.08677248677248678,-1.0201084313175588
Marney O'Breen,USA,Almond Choco,2022-02-25,7798.0,167.0,0.4425984379956357,0.4194454462196471,0.3513227513227513,0.0345538468768079
Kelci Walkden,India,Orange Choco,2022-06-07,9408.0,138.0,0.5340608285967104,0.7945396756669906,0.28994708994708995,-0.21012780166428516
Jan Morforth,India,Spicy Special Slims,2022-04-12,1939.0,473.5,0.10975486872128971,-0.9455713800735117,1.0,2.620585753009395
Ches Bonnell,India,Spicy Special Slims,2022-07-06,10906.0,94.0,0.619160618112493,1.1435403935006059,0.19682539682539682,-0.5813689235887023
Kelci Walkden,UK,Smooth Sliky Salty,2022-01-19,5929.0,175.0,0.33642253238482284,-0.015990028834442983,0.3682539682539683,0.10205223268124737
Madelene Upcott,Australia,Fruit & Nut Bars,2022-01-05,5579.0,92.0,0.31653940399328484,-0.09753225262734375,0.1925925925925926,-0.5982435200398121
Madelene Upcott,Canada,70% Dark Bites,2022-01-24,10927.0,141.0,0.6203536058159853,1.1484329269281799,0.2962962962962963,-0.18481590698762038
Wilone O'Kielt,Australia,Drinking Coco,2022-04-06,623.0,283.0,0.03499430596910687,-1.2521701415348185,0.5968253968253968,1.0132804410411802
Gunar Cockshoot,Australia,Fruit & Nut Bars,2022-06-15,6013.0,21.0,0.3411944831987919,0.0035801048758531983,0.042328042328042326,-1.1972916940542124
Gigi Bohling,Canada,Baker's Choco Chips,2022-01-28,1505.0,47.0,0.0850997895157826,-1.0466837375767086,0.09735449735449736,-0.9779219401897841
Kelci Walkden,India,Caramel Stuffed Bars,2022-03-16,476.0,125.0,0.02664339204466091,-1.2864178755278368,0.2624338624338624,-0.3198126785964993
Rafaelita Blaksland,Australia,Drinking Coco,2022-02-21,11550.0,396.0,0.6557455743529229,1.2935780852795433,0.8359788359788359,1.9666951405288877
Kelci Walkden,USA,Manuka Honey Choco,2022-02-16,17318.0,87.0,0.983419530245469,2.637393933386548,0.182010582010582,-0.6404300111675868
Jehu Rudeforth,Canada,Spicy Special Slims,2022-01-13,1848.0,27.0,0.10458525533948984,-0.9667723582596659,0.05502645502645503,-1.1466679047008828
Kelci Walkden,Australia,Eclairs,2022-03-23,7273.0,473.5,0.41277374540832873,0.2971321105302959,1.0,2.620585753009395
Curtice Advani,Canada,Spicy Special Slims,2022-06-16,854.0,118.0,0.04811717070752194,-1.198352273831504,0.24761904761904763,-0.3788737661753838
Oby Sorrel,India,Raspberry Choco,2022-04-14,6832.0,46.0,0.38772100363499085,0.19438890855124097,0.09523809523809523,-0.986359238415339
Kelci Walkden,UK,Eclairs,2022-01-25,4606.0,57.0,0.2612643070648092,-0.32421963477160787,0.11851851851851852,-0.8935489579342347
Jan Morforth,India,Almond Choco,2022-03-11,4466.0,22.0,0.253311055708194,-0.35683652428876816,0.044444444444444446,-1.1888543958286575
Dotty Strutley,UK,Almond Choco,2022-07-28,16114.0,96.0,0.9150215685785784,2.356888683538969,0.20105820105820105,-0.5644943271375924
Marney O'Breen,New Zealand,After Nines,2022-03-09,1561.0,44.0,0.08828109005842869,-1.0336369817698445,0.091005291005291,-1.003233834866449
Husein Augar,Australia,Orange Choco,2022-06-28,8897.0,188.0,0.505031461145065,0.6754880289293554,0.39576719576719577,0.2117371096134615
Marney O'Breen,Australia,Milk Bars,2022-07-28,2464.0,387.0,0.1395795613085967,-0.8232580443841605,0.816931216931217,1.8907594564988932
Kelci Walkden,Canada,99% Dark & Pure,2022-08-15,4830.0,50.0,0.2739895092353935,-0.27203261154415137,0.1037037037037037,-0.9526100455131193
Kaine Padly,Australia,Manuka Honey Choco,2022-01-12,2765.0,264.0,0.15667905172531937,-0.7531317319222659,0.5566137566137566,0.8529717747556365
Beverie Moffet,New Zealand,White Choc,2022-03-24,7126.0,7.0,0.40442283148388275,0.26288437653727764,0.012698412698412698,-1.3154138692119814
Van Tuxwell,UK,Milk Bars,2022-07-25,4263.0,90.0,0.24177884124110197,-0.4041310140886506,0.18835978835978837,-0.615118116490922
Oby Sorrel,Canada,99% Dark & Pure,2022-08-01,3605.0,403.0,0.20439855986501054,-0.557430394819304,0.8507936507936508,2.025756228107772
Van Tuxwell,India,Organic Choco Syrup,2022-05-16,17609.863750000004,174.0,1.0,2.7053917025852208,0.36613756613756615,0.09361493445569244
Roddy Speechley,India,Smooth Sliky Salty,2022-08-10,5103.0,140.0,0.28949834938079316,-0.2084296769856888,0.29417989417989415,-0.1932532052131753
Jan Morforth,India,Eclairs,2022-01-05,2541.0,27.0,0.14395384955473506,-0.8053187551497224,0.05502645502645503,-1.1466679047008828
Ches Bonnell,UK,Smooth Sliky Salty,2022-07-11,5663.0,110.0,0.3213113548072539,-0.07796211891704756,0.2306878306878307,-0.44637215197982333
Wilone O'Kielt,USA,After Nines,2022-04-25,392.0,30.0,0.02187144123069179,-1.305988009238133,0.061375661375661375,-1.121356010024218
Gigi Bohling,New Zealand,Fruit & Nut Bars,2022-04-04,10976.0,121.0,0.6231372437908007,1.159848838259186,0.25396825396825395,-0.35356187149871904
Barr Faughny,USA,Raspberry Choco,2022-04-12,9282.0,101.0,0.5269029023757568,0.7651844751015463,0.21164021164021163,-0.5223078360098177
Wilone O'Kielt,New Zealand,85% Dark Bars,2022-08-02,1827.0,117.0,0.10339226763599756,-0.9716648916872399,0.2455026455026455,-0.38731106440093876
Gigi Bohling,New Zealand,Manuka Honey Choco,2022-06-28,8267.0,272.0,0.4692418300402966,0.5287120261021341,0.5735449735449736,0.9204701605600759
Ches Bonnell,Australia,Eclairs,2022-07-05,4116.0,128.0,0.23342792731665601,-0.43837874808166893,0.2687830687830688,-0.2945007839198345
Rafaelita Blaksland,New Zealand,Choco Coated Almonds,2022-06-07,2093.0,45.0,0.11850344521356643,-0.9096928016046353,0.09312169312169312,-0.994796536640894
Brien Boise,New Zealand,Smooth Sliky Salty,2022-01-18,1015.0,27.0,0.05726340976762941,-1.1608428508867696,0.05502645502645503,-1.1466679047008828
Brien Boise,Australia,Baker's Choco Chips,2022-01-04,12516.0,212.0,0.7106230087135679,1.5186346229479493,0.44656084656084655,0.4142322670267799
Dennison Crosswaite,Australia,99% Dark & Pure,2022-01-31,2758.0,18.0,0.15628138915748863,-0.7547625763981238,0.03597883597883598,-1.2226035887308773
Kelci Walkden,India,Almond Choco,2022-03-14,3297.0,149.0,0.18690140688045712,-0.6291875517570568,0.31322751322751324,-0.1173175211831809
Camilla Castle,Australia,70% Dark Bites,2022-04-29,6048.0,473.5,0.3431827960379457,0.011734327255143274,1.0,2.620585753009395
Oby Sorrel,India,Smooth Sliky Salty,2022-02-07,10101.0,108.0,0.5734294228119556,0.9559932787769341,0.22645502645502646,-0.46324674843093316
Kaine Padly,UK,Organic Choco Syrup,2022-03-31,2282.0,178.0,0.12924033454499695,-0.8656600007564689,0.3746031746031746,0.12736412735791217
Marney O'Breen,India,Caramel Stuffed Bars,2022-03-16,4361.0,81.0,0.24734611719073263,-0.3812991914266384,0.1693121693121693,-0.6910538005209164
Karlen McCaffrey,UK,Eclairs,2022-01-25,7798.0,196.0,0.4425984379956357,0.4194454462196471,0.4126984126984127,0.279235495417901
Van Tuxwell,India,Baker's Choco Chips,2022-06-20,3052.0,447.0,0.17298321700638053,-0.6862671084120873,0.9439153439153439,2.3969973500321893
Gigi Bohling,UK,After Nines,2022-03-29,8029.0,175.0,0.45572130273405076,0.47326331392296156,0.3682539682539683,0.10205223268124737
Curtice Advani,Australia,Orange Choco,2022-07-12,854.0,136.0,0.04811717070752194,-1.198352273831504,0.2857142857142857,-0.22700239811539502
Jehu Rudeforth,Canada,Smooth Sliky Salty,2022-07-11,5460.0,138.0,0.3097791403401619,-0.12525660871693,0.28994708994708995,-0.21012780166428516
Karlen McCaffrey,Canada,Smooth Sliky Salty,2022-01-19,3017.0,184.0,0.17099490416722674,-0.6944213307913774,0.3873015873015873,0.17798791671124178
Andria Kimpton,USA,85% Dark Bars,2022-04-05,8911.0,82.0,0.5058267862807265,0.6787497178810715,0.17142857142857143,-0.6826165022953614
Jehu Rudeforth,Canada,Milk Bars,2022-02-21,7203.0,12.0,0.4087971197300211,0.2808236657717158,0.02328042328042328,-1.2732273780842067
Rafaelita Blaksland,New Zealand,Caramel Stuffed Bars,2022-05-20,13083.0,14.0,0.7428336767078594,1.6507330254924486,0.027513227513227514,-1.2563527816330968
Mallorie Waber,Australia,Milk Bars,2022-07-29,2779.0,104.0,0.1574743768609809,-0.7498700429705498,0.21798941798941798,-0.4969959413331529
Barr Faughny,USA,Fruit & Nut Bars,2022-01-28,9058.0,46.0,0.5141777002051725,0.7129974518740898,0.09523809523809523,-0.986359238415339
Marney O'Breen,UK,Caramel Stuffed Bars,2022-07-19,3549.0,112.0,0.20121725932236448,-0.5704771506261682,0.23492063492063492,-0.42949755552871344
Mallorie Waber,New Zealand,Manuka Honey Choco,2022-04-13,9436.0,11.0,0.5356514788680335,0.8010630535704226,0.021164021164021163,-1.2816646763097617
Roddy Speechley,India,Peanut Butter Cubes,2022-02-11,10283.0,21.0,0.5837686495755554,0.9983952351492424,0.042328042328042326,-1.1972916940542124
Roddy Speechley,New Zealand,Milk Bars,2022-03-02,5446.0,116.0,0.3089838152045004,-0.12851829766864603,0.24338624338624337,-0.3957483626264937
Ches Bonnell,Australia,White Choc,2022-03-02,1043.0,202.0,0.05885406003895245,-1.1543194729833377,0.4253968253968254,0.32985928477123055
Van Tuxwell,USA,99% Dark & Pure,2022-07-28,12586.0,6.0,0.7145996343918755,1.5349430677065294,0.010582010582010581,-1.3238511674375364
Kelci Walkden,India,After Nines,2022-01-07,1687.0,473.5,0.09543901627938237,-1.0042817812044003,1.0,2.620585753009395
Brien Boise,UK,White Choc,2022-04-12,5299.0,167.0,0.30063290128005443,-0.16276603166166437,0.3513227513227513,0.0345538468768079
Van Tuxwell,Canada,Almond Choco,2022-06-27,3213.0,72.0,0.182129456066488,-0.6487576854673529,0.15026455026455027,-0.7669894845509108
Jehu Rudeforth,Australia,50% Dark Bites,2022-01-14,5194.0,418.0,0.29466796276259305,-0.18722869879953458,0.8825396825396825,2.152315701491096
Karlen McCaffrey,UK,Baker's Choco Chips,2022-02-07,4753.0,389.0,0.26961522098925517,-0.28997190077858953,0.8211640211640212,1.907634052950003
Jehu Rudeforth,Australia,Orange Choco,2022-03-23,13706.0,26.0,0.778225645244797,1.795878183843812,0.05291005291005291,-1.1551052029264377
Marney O'Breen,India,Peanut Butter Cubes,2022-01-10,6489.0,146.0,0.3682355378112836,0.11447752923419824,0.30687830687830686,-0.1426294158598457
Oby Sorrel,UK,Choco Coated Almonds,2022-03-17,9324.0,41.0,0.5292888777827414,0.7749695419566944,0.08465608465608465,-1.0285457295431137
Gigi Bohling,USA,Spicy Special Slims,2022-01-21,10829.0,54.0,0.6147863298663547,1.1256011042661678,0.11216931216931217,-0.9188608526108996
Barr Faughny,Australia,White Choc,2022-07-04,8113.0,370.0,0.4604932535480199,0.49283344763325776,0.780952380952381,1.7473253866644594
Kaine Padly,Canada,Peanut Butter Cubes,2022-07-04,3269.0,176.0,0.18531075660913407,-0.6357109296604888,0.37037037037037035,0.1104895309068023
Dotty Strutley,USA,Manuka Honey Choco,2022-08-10,273.0,210.0,0.015111177577568873,-1.3337123653277192,0.44232804232804235,0.39735767057567006
Dennison Crosswaite,Australia,50% Dark Bites,2022-04-01,7287.0,12.0,0.4135690705439902,0.30039379948201195,0.02328042328042328,-1.2732273780842067
Gigi Bohling,India,Raspberry Choco,2022-02-22,2583.0,159.0,0.14633982496171963,-0.7955336882945743,0.3343915343915344,-0.032944538927631564
Camilla Castle,UK,White Choc,2022-01-03,9982.0,187.0,0.5666691591588328,0.9282689226873478,0.39365079365079364,0.20329981138790656
Karlen McCaffrey,India,Drinking Coco,2022-05-31,4795.0,233.0,0.2720011963962397,-0.28018683392344146,0.491005291005291,0.5914155297634335
Dotty Strutley,UK,99% Dark & Pure,2022-01-03,9310.0,282.0,0.5284935526470799,0.7717078530049784,0.5947089947089947,1.0048431428156253
Husein Augar,New Zealand,Caramel Stuffed Bars,2022-01-27,497.0,473.5,0.027836379748153187,-1.2815253421002628,1.0,2.620585753009395
Barr Faughny,UK,50% Dark Bites,2022-01-28,581.0,65.0,0.032608330562122305,-1.2619552083899666,0.13544973544973546,-0.8260505721297953
Curtice Advani,Australia,Organic Choco Syrup,2022-06-28,3472.0,311.0,0.19684297107622611,-0.5884164398606063,0.656084656084656,1.2495247913567182
Husein Augar,UK,Choco Coated Almonds,2022-03-02,4333.0,43.0,0.24575546691940958,-0.3878225693300705,0.08888888888888889,-1.0116711330920038
Wilone O'Kielt,Australia,After Nines,2022-05-27,3325.0,26.0,0.18849205715178016,-0.6226641738536246,0.05291005291005291,-1.1551052029264377
Dennison Crosswaite,USA,Almond Choco,2022-06-30,11718.0,84.0,0.6652894759808612,1.3327183527001356,0.17566137566137566,-0.6657419058442515
Barr Faughny,Canada,Peanut Butter Cubes,2022-06-07,2100.0,78.0,0.11890110778139719,-0.9080619571287774,0.16296296296296298,-0.7163656951975812
Kaine Padly,USA,70% Dark Bites,2022-05-12,4018.0,100.0,0.22786065136702538,-0.46121057074368116,0.20952380952380953,-0.5307451342353726
Barr Faughny,New Zealand,Raspberry Choco,2022-07-29,6468.0,66.0,0.3670425501077913,0.10958499580662419,0.13756613756613756,-0.8176132739042403
Dennison Crosswaite,UK,White Choc,2022-08-03,7238.0,265.0,0.4107854325691749,0.2889778881510059,0.5587301587301587,0.8614090729811914
Barr Faughny,India,Baker's Choco Chips,2022-08-18,6454.0,141.0,0.3662472249721298,0.10632330685490816,0.2962962962962963,-0.18481590698762038
Van Tuxwell,New Zealand,Smooth Sliky Salty,2022-06-14,3115.0,42.0,0.17656218011685737,-0.6715895081293651,0.08677248677248678,-1.0201084313175588
Beverie Moffet,UK,White Choc,2022-06-30,6475.0,76.0,0.3674402126756221,0.1112158402824822,0.15873015873015872,-0.7332402916486911
Camilla Castle,New Zealand,Mint Chip Choco,2022-06-13,1162.0,190.0,0.06561432369207537,-1.1265951168937514,0.4,0.22861170606457137
Ches Bonnell,UK,Orange Choco,2022-04-27,14238.0,54.0,0.8084480003999347,1.919822364009021,0.11216931216931217,-0.9188608526108996
Jan Morforth,Australia,White Choc,2022-07-27,3472.0,32.0,0.19684297107622611,-0.5884164398606063,0.0656084656084656,-1.104481413573108
Mallorie Waber,Canada,85% Dark Bars,2022-04-20,1428.0,424.0,0.08072550126964424,-1.0646230268111467,0.8952380952380953,2.2029394908444258
Rafaelita Blaksland,India,Spicy Special Slims,2022-01-04,8064.0,134.0,0.45770961557320455,0.48141753630225165,0.2814814814814815,-0.2438769945665049
Ches Bonnell,Australia,Mint Chip Choco,2022-02-21,9660.0,92.0,0.5483766810386178,0.8532500767978791,0.1925925925925926,-0.5982435200398121
Karlen McCaffrey,Australia,White Choc,2022-01-05,7357.0,48.0,0.4175456962222978,0.3167022442405921,0.09947089947089947,-0.9694846419642292
Beverie Moffet,India,Drinking Coco,2022-07-15,6055.0,46.0,0.3435804586057765,0.01336517173100129,0.09523809523809523,-0.986359238415339
Brien Boise,Australia,Choco Coated Almonds,2022-05-25,5124.0,62.0,0.29069133708428546,-0.20353714355811472,0.1291005291005291,-0.8513624668064601
Karlen McCaffrey,Canada,Eclairs,2022-04-20,3479.0,358.0,0.1972406336440569,-0.5867855953847483,0.7555555555555555,1.6460778079578002
Gigi Bohling,USA,99% Dark & Pure,2022-06-02,784.0,249.0,0.04414054502921434,-1.2146607185900842,0.5248677248677248,0.7264123013723125
Marney O'Breen,UK,Smooth Sliky Salty,2022-05-13,17609.863750000004,88.0,1.0,2.7053917025852208,0.18412698412698414,-0.6319927129420319
Beverie Moffet,New Zealand,Baker's Choco Chips,2022-08-03,1372.0,144.0,0.07754420072699816,-1.0776697826180108,0.30264550264550266,-0.15950401231095557
Beverie Moffet,Australia,Milk Bars,2022-05-25,735.0,390.0,0.041356907054399025,-1.2260766299210903,0.8232804232804233,1.916071351175558
Van Tuxwell,UK,Raspberry Choco,2022-03-16,6538.0,79.0,0.37101917578609894,0.12589344056520435,0.16507936507936508,-0.7079283969720263
Jan Morforth,Australia,Orange Choco,2022-07-04,3199.0,122.0,0.18133413093082648,-0.6520193744190689,0.2560846560846561,-0.3451245732731641
Jehu Rudeforth,India,50% Dark Bites,2022-07-05,3472.0,135.0,0.19684297107622611,-0.5884164398606063,0.28359788359788357,-0.23543969634094997
Madelene Upcott,USA,After Nines,2022-03-15,4571.0,430.0,0.2592759942256554,-0.33237385715089796,0.9079365079365079,2.2535632801977554
Barr Faughny,UK,Raspberry Choco,2022-08-22,5481.0,69.0,0.3109721280436542,-0.12036407528935596,0.1439153439153439,-0.7923013792275756
Ches Bonnell,Australia,70% Dark Bites,2022-01-12,3136.0,125.0,0.17775516782034964,-0.666696974701791,0.2624338624338624,-0.3198126785964993
Marney O'Breen,UK,Baker's Choco Chips,2022-06-10,252.0,154.0,0.013918189874076593,-1.3386048987552934,0.3238095238095238,-0.07513103005540624
Kaine Padly,Australia,Peanut Butter Cubes,2022-03-25,5460.0,286.0,0.3097791403401619,-0.12525660871693,0.6031746031746031,1.038592335717845
Rafaelita Blaksland,India,Almond Choco,2022-07-27,3395.0,99.0,0.19246868283008775,-0.6063557290950445,0.2074074074074074,-0.5391824324609276
Husein Augar,UK,Caramel Stuffed Bars,2022-04-15,14938.0,433.0,0.8482142571830107,2.082906811594823,0.9142857142857143,2.27887517487442
Roddy Speechley,India,Orange Choco,2022-06-27,4053.0,19.0,0.22984896420617917,-0.45305634836439107,0.0380952380952381,-1.2141662905053223
Jehu Rudeforth,UK,70% Dark Bites,2022-04-14,5565.0,258.0,0.3157440788576233,-0.10079394157905977,0.5439153439153439,0.8023479854023069
Husein Augar,Australia,Manuka Honey Choco,2022-03-15,7161.0,92.0,0.40641114432303654,0.2710385989165677,0.1925925925925926,-0.5982435200398121
Madelene Upcott,USA,Eclairs,2022-03-18,8883.0,200.0,0.5042361360094034,0.6722263399776395,0.4211640211640212,0.3129846883201207
Brien Boise,India,Eclairs,2022-04-29,1351.0,61.0,0.07635121302350589,-1.0825623160455848,0.12698412698412698,-0.859799765032015
Mallorie Waber,New Zealand,White Choc,2022-02-25,3171.0,246.0,0.17974348065950344,-0.658542752322501,0.5185185185185185,0.7011004066956477
Husein Augar,USA,Milk Bars,2022-03-02,854.0,56.0,0.04811717070752194,-1.198352273831504,0.1164021164021164,-0.9019862561597897
Van Tuxwell,Australia,Milk Bars,2022-06-20,7910.0,87.0,0.4489610390809278,0.4455389578333753,0.182010582010582,-0.6404300111675868
Beverie Moffet,Canada,White Choc,2022-07-15,9275.0,173.0,0.526505239807926,0.7635536306256883,0.364021164021164,0.08517763623013751
Dotty Strutley,Australia,50% Dark Bites,2022-05-12,3108.0,252.0,0.1761645175490266,-0.6732203526052232,0.5312169312169313,0.7517241960489772
Mallorie Waber,New Zealand,Organic Choco Syrup,2022-07-01,5075.0,256.0,0.2879076991094701,-0.21495305488912084,0.5396825396825397,0.785473388951197
Husein Augar,USA,85% Dark Bars,2022-08-08,378.0,54.0,0.02107611609503027,-1.3092496981898492,0.11216931216931217,-0.9188608526108996
Madelene Upcott,Australia,50% Dark Bites,2022-07-25,7350.0,6.0,0.41714803365446707,0.3150713997647341,0.010582010582010581,-1.3238511674375364
Wilone O'Kielt,UK,Drinking Coco,2022-05-18,3388.0,55.0,0.192071020262257,-0.6079865735709025,0.11428571428571428,-0.9104235543853446
Camilla Castle,India,Peanut Butter Cubes,2022-07-15,11837.0,277.0,0.6720497396339841,1.360442708789722,0.5841269841269842,0.9626566516878506
Curtice Advani,India,70% Dark Bites,2022-07-05,2282.0,44.0,0.12924033454499695,-0.8656600007564689,0.091005291005291,-1.003233834866449
Mallorie Waber,USA,Manuka Honey Choco,2022-07-04,5425.0,96.0,0.3077908275010081,-0.13341083109622007,0.20105820105820105,-0.5644943271375924
Dotty Strutley,UK,70% Dark Bites,2022-06-20,1267.0,216.0,0.07157926220953677,-1.102132449755881,0.455026455026455,0.4479814599289996
Gunar Cockshoot,Australia,Almond Choco,2022-01-25,3752.0,424.0,0.21274947378945652,-0.5231826608262857,0.8952380952380953,2.2029394908444258
Kaine Padly,New Zealand,Spicy Special Slims,2022-07-01,7728.0,37.0,0.4386218123173281,0.40313700146106696,0.0761904761904762,-1.0622949224453335
Gigi Bohling,USA,50% Dark Bites,2022-04-13,2296.0,59.0,0.13003565968065847,-0.8623983118047529,0.12275132275132275,-0.8766743614831249
Beverie Moffet,UK,Smooth Sliky Salty,2022-05-04,4403.0,76.0,0.24973209259771717,-0.3715141245714903,0.15873015873015872,-0.7332402916486911
Beverie Moffet,Australia,Baker's Choco Chips,2022-08-04,3192.0,109.0,0.18093646836299573,-0.6536502188949269,0.22857142857142856,-0.4548094502053782
Beverie Moffet,India,70% Dark Bites,2022-06-01,448.0,146.0,0.02505274177333787,-1.292941253431269,0.30687830687830686,-0.1426294158598457
Jehu Rudeforth,UK,Choco Coated Almonds,2022-04-22,4270.0,185.0,0.24217650380893274,-0.4025001696127926,0.38941798941798944,0.1864252149367967
Kaine Padly,USA,50% Dark Bites,2022-08-03,70.0,27.0,0.0035789631104768383,-1.3810068551276018,0.05502645502645503,-1.1466679047008828
Ches Bonnell,USA,Orange Choco,2022-06-10,1743.0,69.0,0.09862031682202844,-0.991235025397536,0.1439153439153439,-0.7923013792275756
Gunar Cockshoot,UK,Manuka Honey Choco,2022-06-27,6762.0,46.0,0.38374437795668326,0.17808046379266082,0.09523809523809523,-0.986359238415339
Marney O'Breen,Australia,Smooth Sliky Salty,2022-01-03,3745.0,170.0,0.21235181122162575,-0.5248135053021438,0.3576719576719577,0.059865741553472705
Marney O'Breen,India,After Nines,2022-07-11,2639.0,179.0,0.1495211255043657,-0.7824869324877102,0.37671957671957673,0.1358014255834671
Ches Bonnell,New Zealand,Milk Bars,2022-08-17,4389.0,126.0,0.24893676746205565,-0.3747758135232063,0.26455026455026454,-0.31137538037094437
Rafaelita Blaksland,USA,Fruit & Nut Bars,2022-01-18,2604.0,65.0,0.1475328126652119,-0.7906411548670003,0.13544973544973546,-0.8260505721297953
Ches Bonnell,India,Organic Choco Syrup,2022-03-08,16569.0,99.0,0.9408696354875777,2.46289357446974,0.2074074074074074,-0.5391824324609276
Mallorie Waber,Australia,Orange Choco,2022-03-07,14658.0,275.0,0.8323077544697803,2.017673032560502,0.5798941798941799,0.9457820552367407
Husein Augar,India,70% Dark Bites,2022-05-09,6454.0,157.0,0.3662472249721298,0.10632330685490816,0.33015873015873015,-0.04981913537874143
Barr Faughny,New Zealand,85% Dark Bars,2022-05-23,2100.0,157.0,0.11890110778139719,-0.9080619571287774,0.33015873015873015,-0.04981913537874143
Madelene Upcott,UK,Caramel Stuffed Bars,2022-04-15,161.0,145.0,0.008748576492276717,-1.3598058769414476,0.3047619047619048,-0.15106671408540062
Gigi Bohling,Australia,Drinking Coco,2022-07-27,2807.0,139.0,0.15906502713230394,-0.7433466650671178,0.2920634920634921,-0.20169050343873024
Marney O'Breen,Canada,Choco Coated Almonds,2022-08-22,2639.0,406.0,0.1495211255043657,-0.7824869324877102,0.8571428571428571,2.051068122784437
Ches Bonnell,USA,70% Dark Bites,2022-05-11,4571.0,122.0,0.2592759942256554,-0.33237385715089796,0.2560846560846561,-0.3451245732731641
Madelene Upcott,India,Organic Choco Syrup,2022-01-26,4781.0,38.0,0.2712058712605782,-0.2834485228751575,0.07830687830687831,-1.0538576242197786
Barr Faughny,USA,50% Dark Bites,2022-04-14,13034.0,117.0,0.7400500387330441,1.6393171141614424,0.2455026455026455,-0.38731106440093876
Dennison Crosswaite,New Zealand,Mint Chip Choco,2022-04-05,6454.0,417.0,0.3662472249721298,0.10632330685490816,0.8804232804232804,2.1438784032655414
Marney O'Breen,New Zealand,Smooth Sliky Salty,2022-06-14,8484.0,57.0,0.48156936964305014,0.5792682048537325,0.11851851851851852,-0.8935489579342347
Brien Boise,Canada,Almond Choco,2022-04-13,4781.0,125.0,0.2712058712605782,-0.2834485228751575,0.2624338624338624,-0.3198126785964993
Beverie Moffet,Australia,White Choc,2022-06-27,2240.0,166.0,0.12685435913801238,-0.875445067611617,0.3492063492063492,0.02611654865125297
Dotty Strutley,Australia,Eclairs,2022-01-26,6979.0,3.0,0.39607191755943677,0.2286366425442593,0.004232804232804233,-1.3491630621142012
Barr Faughny,UK,White Choc,2022-07-05,1652.0,72.0,0.09345070344022856,-1.0124360035836903,0.15026455026455027,-0.7669894845509108
Beverie Moffet,Canada,Baker's Choco Chips,2022-01-11,13447.0,95.0,0.7635121302350589,1.7355369382370653,0.19894179894179895,-0.5729316253631473
Kelci Walkden,USA,White Choc,2022-03-07,9422.0,22.0,0.5348561537323719,0.7978013646187067,0.044444444444444446,-1.1888543958286575
Kaine Padly,Canada,50% Dark Bites,2022-03-04,8687.0,100.0,0.4931015841101422,0.626562694653615,0.20952380952380953,-0.5307451342353726
Karlen McCaffrey,Canada,Organic Choco Syrup,2022-07-15,2415.0,312.0,0.13679592333378138,-0.8346739557151667,0.6582010582010582,1.2579620895822732
Kaine Padly,UK,Peanut Butter Cubes,2022-05-11,6272.0,86.0,0.35590799820853003,0.06392135048259977,0.17989417989417988,-0.6488673093931417
Karlen McCaffrey,USA,Milk Bars,2022-01-27,4389.0,7.0,0.24893676746205565,-0.3747758135232063,0.012698412698412698,-1.3154138692119814
Karlen McCaffrey,India,Orange Choco,2022-06-27,3122.0,149.0,0.17695984268468812,-0.6699586636535071,0.31322751322751324,-0.1173175211831809
Ches Bonnell,India,Smooth Sliky Salty,2022-08-03,8043.0,18.0,0.4565166278697123,0.47652500287467764,0.03597883597883598,-1.2226035887308773
Wilone O'Kielt,New Zealand,Mint Chip Choco,2022-08-19,11662.0,242.0,0.6621081754382151,1.3196715968932715,0.5100529100529101,0.6673512137934279
Wilone O'Kielt,Australia,Fruit & Nut Bars,2022-06-15,392.0,102.0,0.02187144123069179,-1.305988009238133,0.21375661375661376,-0.5138705377842627
Dennison Crosswaite,UK,Peanut Butter Cubes,2022-02-07,8925.0,158.0,0.506622111416388,0.6820114068327875,0.3322751322751323,-0.041381837153186496
Karlen McCaffrey,Australia,Almond Choco,2022-07-08,7294.0,128.0,0.413966733111821,0.30202464395787,0.2687830687830688,-0.2945007839198345
Dennison Crosswaite,India,Milk Bars,2022-04-21,1526.0,96.0,0.08629277721927488,-1.0417912041491346,0.20105820105820105,-0.5644943271375924
Ches Bonnell,UK,Mint Chip Choco,2022-04-08,2688.0,209.0,0.152304763479181,-0.771071021156704,0.4402116402116402,0.3889203723501151
Husein Augar,Australia,50% Dark Bites,2022-08-19,14889.0,52.0,0.8454306192081954,2.0714909002638167,0.10793650793650794,-0.9357354490620095
Jan Morforth,India,Fruit & Nut Bars,2022-05-04,2912.0,55.0,0.16502996564976533,-0.7188839979292475,0.11428571428571428,-0.9104235543853446
Mallorie Waber,USA,85% Dark Bars,2022-05-11,2632.0,108.0,0.14912346293653495,-0.7841177769635681,0.22645502645502646,-0.46324674843093316
Mallorie Waber,USA,Eclairs,2022-03-22,6328.0,51.0,0.3590892987511761,0.07696810628946388,0.10582010582010581,-0.9441727472875644
Dennison Crosswaite,Canada,Spicy Special Slims,2022-08-10,2527.0,216.0,0.14315852441907354,-0.8085804441014384,0.455026455026455,0.4479814599289996
Dennison Crosswaite,USA,Fruit & Nut Bars,2022-05-04,1414.0,318.0,0.07993017613398272,-1.0678847157628628,0.6708994708994709,1.3085858789356029
Kelci Walkden,USA,99% Dark & Pure,2022-08-18,7714.0,238.0,0.43782648718166656,0.3998753125093509,0.5015873015873016,0.6336020208912082
Dotty Strutley,Canada,Raspberry Choco,2022-08-03,4347.0,238.0,0.2465507920550711,-0.38456088037835445,0.5015873015873016,0.6336020208912082
Marney O'Breen,New Zealand,Milk Bars,2022-01-14,7490.0,315.0,0.42510128501108224,0.34768828928189444,0.6645502645502646,1.283273984258938
Madelene Upcott,Australia,Choco Coated Almonds,2022-04-08,2058.0,72.0,0.11651513237441263,-0.9178470239839254,0.15026455026455027,-0.7669894845509108
Kelci Walkden,UK,Orange Choco,2022-08-01,3640.0,3.0,0.20638687270416436,-0.5492761724400139,0.004232804232804233,-1.3491630621142012
Dennison Crosswaite,Canada,Eclairs,2022-03-15,455.0,45.0,0.02545040434116863,-1.2913104089554108,0.09312169312169312,-0.994796536640894
Karlen McCaffrey,India,Mint Chip Choco,2022-07-15,10990.0,184.0,0.6239325689264622,1.1631105272109021,0.3873015873015873,0.17798791671124178
Barr Faughny,New Zealand,Almond Choco,2022-01-13,5558.0,127.0,0.31534641628979254,-0.1024247860549178,0.26666666666666666,-0.3029380821453894
Mallorie Waber,Australia,85% Dark Bars,2022-08-26,2541.0,53.0,0.14395384955473506,-0.8053187551497224,0.11005291005291006,-0.9272981508364545
Ches Bonnell,Canada,Eclairs,2022-01-10,1876.0,172.0,0.10617590561081287,-0.9602489803562338,0.3619047619047619,0.07674033800458258
Gigi Bohling,Australia,White Choc,2022-05-11,5523.0,87.0,0.31335810345063875,-0.11057900843420787,0.182010582010582,-0.6404300111675868
Beverie Moffet,New Zealand,85% Dark Bars,2022-08-30,11200.0,22.0,0.635862445961385,1.2120358614866424,0.044444444444444446,-1.1888543958286575
Kaine Padly,USA,Caramel Stuffed Bars,2022-07-21,5593.0,122.0,0.31733472912894634,-0.09427056367562772,0.2560846560846561,-0.3451245732731641
Mallorie Waber,Australia,Almond Choco,2022-08-01,7882.0,125.0,0.44737038880960484,0.4390155799299433,0.2624338624338624,-0.3198126785964993
Brien Boise,Canada,85% Dark Bars,2022-02-17,10241.0,259.0,0.5813826741685709,0.9886101682940944,0.546031746031746,0.8107852836278617
Brien Boise,Australia,Drinking Coco,2022-07-27,6832.0,156.0,0.38772100363499085,0.19438890855124097,0.328042328042328,-0.058256433604296366
Dotty Strutley,USA,Orange Choco,2022-02-23,1379.0,107.0,0.07794186329482893,-1.076038938142153,0.22433862433862434,-0.4716840466564881
Rafaelita Blaksland,Australia,50% Dark Bites,2022-03-22,3010.0,40.0,0.17059724159939596,-0.6960521752672353,0.08253968253968254,-1.0369830277686687
Dennison Crosswaite,India,99% Dark & Pure,2022-06-23,6888.0,311.0,0.39090230417763694,0.2074356643581051,0.656084656084656,1.2495247913567182
Curtice Advani,UK,White Choc,2022-02-01,1540.0,73.0,0.0870881023549364,-1.0385295151974185,0.1523809523809524,-0.7585521863253558
Kelci Walkden,Australia,After Nines,2022-03-02,6916.0,288.0,0.39249295444895993,0.21395904226153717,0.6074074074074074,1.055466932168955
Gigi Bohling,UK,Fruit & Nut Bars,2022-04-06,1232.0,86.0,0.06959094937038297,-1.1102866721351712,0.17989417989417988,-0.6488673093931417
Gunar Cockshoot,Australia,Raspberry Choco,2022-03-17,602.0,72.0,0.03380131826561458,-1.2570626749623925,0.15026455026455027,-0.7669894845509108
Curtice Advani,UK,Fruit & Nut Bars,2022-06-24,10927.0,136.0,0.6203536058159853,1.1484329269281799,0.2857142857142857,-0.22700239811539502
Barr Faughny,Canada,50% Dark Bites,2022-07-19,10185.0,303.0,0.5782013736259248,0.9755634124872303,0.6391534391534391,1.182026405552279
Curtice Advani,USA,Spicy Special Slims,2022-07-11,1603.0,264.0,0.09066706546541324,-1.0238519149146963,0.5566137566137566,0.8529717747556365
Brien Boise,India,Almond Choco,2022-01-13,2170.0,218.0,0.12287773345970479,-0.8917535123701972,0.45925925925925926,0.4648560563801095
Oby Sorrel,New Zealand,Smooth Sliky Salty,2022-07-07,8673.0,60.0,0.49230625897448066,0.623301005701899,0.12486772486772486,-0.86823706325757
Jan Morforth,India,85% Dark Bars,2022-05-25,4760.0,418.0,0.2700128835570859,-0.28834105630273155,0.8825396825396825,2.152315701491096
Marney O'Breen,India,Fruit & Nut Bars,2022-04-13,4753.0,151.0,0.26961522098925517,-0.28997190077858953,0.31746031746031744,-0.10044292473207103
Andria Kimpton,New Zealand,50% Dark Bites,2022-03-02,3374.0,202.0,0.19127569512659548,-0.6112482625226185,0.4253968253968254,0.32985928477123055
Gunar Cockshoot,Canada,Raspberry Choco,2022-06-23,2058.0,126.0,0.11651513237441263,-0.9178470239839254,0.26455026455026454,-0.31137538037094437
Kelci Walkden,USA,Drinking Coco,2022-07-26,6454.0,160.0,0.3662472249721298,0.10632330685490816,0.33650793650793653,-0.02450724070207663
Van Tuxwell,Canada,White Choc,2022-03-22,420.0,3.0,0.02346209150201483,-1.299464631334701,0.004232804232804233,-1.3491630621142012
Rafaelita Blaksland,USA,Baker's Choco Chips,2022-06-09,2863.0,58.0,0.16224632767495,-0.7302999092602537,0.12063492063492064,-0.8851116597086799
Van Tuxwell,Australia,Caramel Stuffed Bars,2022-05-17,5936.0,59.0,0.3368201949526536,-0.01435918435858497,0.12275132275132275,-0.8766743614831249
Ches Bonnell,New Zealand,Peanut Butter Cubes,2022-03-04,889.0,273.0,0.05010548354667574,-1.190198051452214,0.5756613756613757,0.9289074587856309
Kelci Walkden,Canada,Milk Bars,2022-07-07,16016.0,28.0,0.9094542926289477,2.3340568608769567,0.05714285714285714,-1.1382306064753278
Dennison Crosswaite,Canada,Choco Coated Almonds,2022-01-13,10479.0,118.0,0.5949032014748167,1.044058880473267,0.24761904761904763,-0.3788737661753838
Curtice Advani,Australia,Almond Choco,2022-07-13,2912.0,75.0,0.16502996564976533,-0.7188839979292475,0.15661375661375662,-0.7416775898742459
Madelene Upcott,Australia,85% Dark Bars,2022-06-16,1575.0,329.0,0.08907641519409021,-1.0303752928181285,0.6941798941798942,1.401396159416707
Gigi Bohling,UK,50% Dark Bites,2022-07-18,8197.0,69.0,0.465265204361989,0.5124035813435539,0.1439153439153439,-0.7923013792275756
Ches Bonnell,UK,Manuka Honey Choco,2022-05-30,4221.0,395.0,0.23939286583411742,-0.4139160809437987,0.8338624338624339,1.9582578423033328
Gigi Bohling,UK,70% Dark Bites,2022-06-21,840.0,81.0,0.04732184557186042,-1.20161396278322,0.1693121693121693,-0.6910538005209164
Jehu Rudeforth,Australia,Peanut Butter Cubes,2022-06-24,5691.0,38.0,0.32290200507857697,-0.0714387410136155,0.07830687830687831,-1.0538576242197786
Marney O'Breen,India,Eclairs,2022-01-13,3472.0,96.0,0.19684297107622611,-0.5884164398606063,0.20105820105820105,-0.5644943271375924
Curtice Advani,Canada,Fruit & Nut Bars,2022-04-04,4193.0,195.0,0.23780221556279438,-0.4204394588472308,0.4105820105820106,0.27079819719234605
Kaine Padly,UK,Smooth Sliky Salty,2022-06-08,9016.0,473.5,0.5117917247981879,0.7032123850189417,1.0,2.620585753009395
Karlen McCaffrey,Canada,Spicy Special Slims,2022-08-02,6328.0,47.0,0.3590892987511761,0.07696810628946388,0.09735449735449736,-0.9779219401897841
Kelci Walkden,USA,Organic Choco Syrup,2022-07-21,9870.0,152.0,0.5603065580735406,0.9021754110736195,0.31957671957671957,-0.0920056265065161
Curtice Advani,India,Spicy Special Slims,2022-06-20,161.0,134.0,0.008748576492276717,-1.3598058769414476,0.2814814814814815,-0.2438769945665049
Roddy Speechley,India,After Nines,2022-06-22,2576.0,112.0,0.14594216239388885,-0.7971645327704323,0.23492063492063492,-0.42949755552871344
Camilla Castle,Australia,Caramel Stuffed Bars,2022-05-02,3178.0,16.0,0.1801411432273342,-0.656911907846643,0.031746031746031744,-1.2394781851819872
Curtice Advani,Australia,99% Dark & Pure,2022-01-07,4676.0,84.0,0.26524093274311683,-0.3079111900130277,0.17566137566137566,-0.6657419058442515
Mallorie Waber,UK,50% Dark Bites,2022-02-21,5502.0,99.0,0.31216511574714645,-0.1154715418617819,0.2074074074074074,-0.5391824324609276
Ches Bonnell,Canada,Baker's Choco Chips,2022-03-21,7462.0,371.0,0.4235106347397592,0.34116491137846233,0.783068783068783,1.7557626848900143
Van Tuxwell,UK,Drinking Coco,2022-04-04,5803.0,136.0,0.32926460616386916,-0.045345229399887256,0.2857142857142857,-0.22700239811539502
Gunar Cockshoot,Canada,Fruit & Nut Bars,2022-03-24,13888.0,203.0,0.7885648720083968,1.8382801402161204,0.4275132275132275,0.3382965829967855
Gunar Cockshoot,New Zealand,Spicy Special Slims,2022-06-28,6867.0,183.0,0.38970931647414464,0.20254313093053106,0.3851851851851852,0.16955061848568684
Gunar Cockshoot,Australia,Drinking Coco,2022-01-14,2317.0,195.0,0.13122864738415074,-0.8575057783771789,0.4105820105820106,0.27079819719234605
Karlen McCaffrey,New Zealand,Fruit & Nut Bars,2022-02-07,1218.0,135.0,0.06879562423472145,-1.1135483610868873,0.28359788359788357,-0.23543969634094997
Dennison Crosswaite,New Zealand,Drinking Coco,2022-01-11,4109.0,197.0,0.23303026474882527,-0.4400095925575269,0.4148148148148148,0.2876727936434559
Jehu Rudeforth,India,99% Dark & Pure,2022-02-25,1953.0,242.0,0.11055019385695124,-0.9423096911217956,0.5100529100529101,0.6673512137934279
Dotty Strutley,Australia,Mint Chip Choco,2022-08-01,6790.0,25.0,0.3853350282280063,0.1846038416960929,0.050793650793650794,-1.1635425011519926
Roddy Speechley,Australia,Mint Chip Choco,2022-05-05,6797.0,252.0,0.38573269079583705,0.1862346861719509,0.5312169312169313,0.7517241960489772
Madelene Upcott,New Zealand,Raspberry Choco,2022-05-18,9226.0,415.0,0.5237216018331107,0.7521377192946822,0.8761904761904762,2.1270038068144315
Dotty Strutley,New Zealand,Choco Coated Almonds,2022-01-04,5733.0,348.0,0.32528798048556157,-0.06165367415846741,0.7343915343915344,1.5617048257022508
Roddy Speechley,New Zealand,50% Dark Bites,2022-05-09,4312.0,211.0,0.24456247921591728,-0.3927151027576445,0.4444444444444444,0.40579496880122495
Rafaelita Blaksland,India,Smooth Sliky Salty,2022-05-06,1638.0,81.0,0.09265537830456703,-1.0156976925354064,0.1693121693121693,-0.6910538005209164
Husein Augar,UK,White Choc,2022-01-13,10815.0,145.0,0.6139910047306932,1.1223394153144517,0.3047619047619048,-0.15106671408540062
Roddy Speechley,Australia,Almond Choco,2022-06-24,4466.0,74.0,0.253311055708194,-0.35683652428876816,0.1544973544973545,-0.7501148880998009
Van Tuxwell,USA,Caramel Stuffed Bars,2022-02-14,987.0,21.0,0.05567275949630637,-1.1673662287902018,0.042328042328042326,-1.1972916940542124
Camilla Castle,Australia,99% Dark & Pure,2022-01-18,4669.0,101.0,0.264843270175286,-0.30954203448888573,0.21164021164021163,-0.5223078360098177
Kaine Padly,India,Milk Bars,2022-05-02,2905.0,91.0,0.16463230308193458,-0.7205148424051055,0.19047619047619047,-0.606680818265367
Ches Bonnell,Australia,Smooth Sliky Salty,2022-05-16,7490.0,54.0,0.42510128501108224,0.34768828928189444,0.11216931216931217,-0.9188608526108996
Mallorie Waber,USA,Almond Choco,2022-01-28,6986.0,368.0,0.3964695801272676,0.23026748702011732,0.7767195767195767,1.7304507902133495
Kaine Padly,Canada,99% Dark & Pure,2022-06-24,1288.0,409.0,0.07277224991302905,-1.097239916328307,0.8634920634920635,2.076380017461102
Oby Sorrel,UK,After Nines,2022-07-18,2345.0,104.0,0.1328192976554738,-0.8509824004737467,0.21798941798941798,-0.4969959413331529
Gunar Cockshoot,UK,Eclairs,2022-04-13,3619.0,164.0,0.20519388500067207,-0.554168705867588,0.344973544973545,0.009241952200143105
Dotty Strutley,USA,Caramel Stuffed Bars,2022-04-15,16982.0,76.0,0.9643317269895926,2.559113398545363,0.15873015873015872,-0.7332402916486911
Jan Morforth,India,Peanut Butter Cubes,2022-01-04,8092.0,178.0,0.4593002658445276,0.4879409142056837,0.3746031746031746,0.12736412735791217
Husein Augar,Australia,Eclairs,2022-07-04,6993.0,31.0,0.3968672426950983,0.23189833149597533,0.06349206349206349,-1.112918711798663
Beverie Moffet,USA,Smooth Sliky Salty,2022-03-24,2317.0,352.0,0.13122864738415074,-0.8575057783771789,0.7428571428571429,1.5954540186044706
Camilla Castle,Australia,Manuka Honey Choco,2022-03-17,637.0,169.0,0.035789631104768384,-1.2489084525831025,0.35555555555555557,0.051428443327917774
Oby Sorrel,Australia,Almond Choco,2022-02-15,6034.0,223.0,0.3423874709022842,0.008472638303427244,0.46984126984126984,0.5070425475078841
Jan Morforth,USA,Orange Choco,2022-06-29,980.0,146.0,0.05527509692847562,-1.1689970732660597,0.30687830687830686,-0.1426294158598457
Gigi Bohling,USA,Fruit & Nut Bars,2022-05-24,2821.0,112.0,0.15986035226796544,-0.7400849761154017,0.23492063492063492,-0.42949755552871344
Mallorie Waber,UK,Milk Bars,2022-01-10,3563.0,284.0,0.202012584458026,-0.5672154616744521,0.5989417989417989,1.0217177392667351
Curtice Advani,USA,Raspberry Choco,2022-03-15,2996.0,139.0,0.16980191646373444,-0.6993138642189514,0.2920634920634921,-0.20169050343873024
Marney O'Breen,Canada,Milk Bars,2022-02-08,2436.0,309.0,0.13798891103727365,-0.8297814222875926,0.6518518518518519,1.2326501949056086
Brien Boise,India,Caramel Stuffed Bars,2022-02-25,1540.0,100.0,0.0870881023549364,-1.0385295151974185,0.20952380952380953,-0.5307451342353726
Gunar Cockshoot,USA,Eclairs,2022-05-03,6916.0,42.0,0.39249295444895993,0.21395904226153717,0.08677248677248678,-1.0201084313175588
Roddy Speechley,USA,Fruit & Nut Bars,2022-06-14,5509.0,24.0,0.31256277831497725,-0.1138406973859239,0.04867724867724868,-1.1719797993775476
Gunar Cockshoot,India,50% Dark Bites,2022-08-09,12992.0,83.0,0.7376640633260595,1.6295320473062944,0.17354497354497356,-0.6741792040698065
Wilone O'Kielt,New Zealand,Manuka Honey Choco,2022-07-11,3724.0,234.0,0.21115882351813348,-0.5297060387297178,0.4931216931216931,0.5998528279889884
Kaine Padly,UK,Manuka Honey Choco,2022-01-14,7133.0,118.0,0.4048204940517135,0.2645152210131356,0.24761904761904763,-0.3788737661753838
Van Tuxwell,Canada,Manuka Honey Choco,2022-02-24,8617.0,46.0,0.48912495843183457,0.6102542498950349,0.09523809523809523,-0.986359238415339
Wilone O'Kielt,New Zealand,Almond Choco,2022-03-15,9198.0,144.0,0.5221309515617877,0.7456143413912502,0.30264550264550266,-0.15950401231095557
Oby Sorrel,New Zealand,Baker's Choco Chips,2022-04-25,11823.0,47.0,0.6712544144983226,1.3571810198380059,0.09735449735449736,-0.9779219401897841
Dennison Crosswaite,Australia,Organic Choco Syrup,2022-05-10,5775.0,41.0,0.3276739558925461,-0.05186860730331932,0.08465608465608465,-1.0285457295431137
Marney O'Breen,Australia,Spicy Special Slims,2022-06-23,13125.0,275.0,0.745219652114844,1.6605180923475966,0.5798941798941799,0.9457820552367407
Beverie Moffet,Canada,Smooth Sliky Salty,2022-02-28,14287.0,370.0,0.8112316383747501,1.9312382753400272,0.780952380952381,1.7473253866644594
Brien Boise,USA,Organic Choco Syrup,2022-05-25,16233.0,138.0,0.9217818322317013,2.3846130396285554,0.28994708994708995,-0.21012780166428516
Roddy Speechley,New Zealand,Baker's Choco Chips,2022-02-22,5313.0,215.0,0.3014282264157159,-0.15950434270994832,0.45291005291005293,0.43954416170344474
Van Tuxwell,UK,85% Dark Bars,2022-07-11,3577.0,134.0,0.20280790959368752,-0.5639537727227361,0.2814814814814815,-0.2438769945665049
Marney O'Breen,Canada,Spicy Special Slims,2022-01-03,3528.0,336.0,0.2000242716188722,-0.5753696840537422,0.708994708994709,1.4604572469955917
Rafaelita Blaksland,New Zealand,70% Dark Bites,2022-08-24,679.0,280.0,0.038175606511752946,-1.2391233857279544,0.5904761904761905,0.9879685463645154
Beverie Moffet,USA,50% Dark Bites,2022-07-28,2450.0,352.0,0.13878423617293517,-0.8265197333358766,0.7428571428571429,1.5954540186044706
Brien Boise,USA,Mint Chip Choco,2022-05-25,10577.0,150.0,0.6004704774244474,1.0668907031352792,0.31534391534391537,-0.10888022295762596
Karlen McCaffrey,New Zealand,Eclairs,2022-05-06,2597.0,177.0,0.14713515009738115,-0.7922719993428582,0.3724867724867725,0.11892682913235723
Barr Faughny,India,Drinking Coco,2022-01-28,2219.0,142.0,0.1256613714345201,-0.880337601039191,0.2984126984126984,-0.17637860876206543
Marney O'Breen,UK,Orange Choco,2022-06-06,11319.0,12.0,0.6426227096145078,1.2397602175762288,0.02328042328042328,-1.2732273780842067
Brien Boise,New Zealand,Baker's Choco Chips,2022-07-12,5978.0,24.0,0.3392061703596381,-0.004574117503436878,0.04867724867724868,-1.1719797993775476
Ches Bonnell,Canada,Spicy Special Slims,2022-08-05,5327.0,183.0,0.3022235515513775,-0.1562426537582323,0.3851851851851852,0.16955061848568684
Brien Boise,USA,Orange Choco,2022-01-28,6020.0,147.0,0.34159214576662267,0.005210949351711213,0.308994708994709,-0.13419211763429076
Kaine Padly,India,Spicy Special Slims,2022-08-31,5614.0,137.0,0.31852771683243863,-0.08937803024805367,0.2878306878306878,-0.2185650998898401
Mallorie Waber,USA,50% Dark Bites,2022-04-19,1736.0,13.0,0.09822265425419768,-0.9928658698733941,0.025396825396825397,-1.2647900798586518
Mallorie Waber,UK,Mint Chip Choco,2022-06-29,6384.0,2.0,0.3622705992938222,0.090014862096328,0.0021164021164021165,-1.3576003603397562
Beverie Moffet,India,Choco Coated Almonds,2022-02-24,3577.0,261.0,0.20280790959368752,-0.5639537727227361,0.5502645502645502,0.8276598800789716
Madelene Upcott,UK,Smooth Sliky Salty,2022-03-04,14539.0,84.0,0.8255474908166575,1.9899486764709158,0.17566137566137566,-0.6657419058442515
Gigi Bohling,India,Eclairs,2022-06-21,3493.0,68.0,0.19803595877971839,-0.5835239064330323,0.14179894179894179,-0.8007386774531305
Rafaelita Blaksland,Australia,Organic Choco Syrup,2022-01-26,994.0,105.0,0.056070422064137135,-1.1657353843143436,0.2201058201058201,-0.48855864310759795
Oby Sorrel,New Zealand,White Choc,2022-06-10,4361.0,40.0,0.24734611719073263,-0.3812991914266384,0.08253968253968254,-1.0369830277686687
Andria Kimpton,UK,Drinking Coco,2022-05-23,1554.0,65.0,0.08788342749059792,-1.0352678262457025,0.13544973544973546,-0.8260505721297953
Kelci Walkden,India,Milk Bars,2022-04-15,966.0,107.0,0.054479771792814095,-1.1722587622177758,0.22433862433862434,-0.4716840466564881
Karlen McCaffrey,New Zealand,Caramel Stuffed Bars,2022-01-31,5334.0,227.0,0.3026212141192082,-0.15461180928237428,0.4783068783068783,0.5407917404101039
Andria Kimpton,New Zealand,Organic Choco Syrup,2022-03-04,4935.0,39.0,0.27995444775285494,-0.24756994440628113,0.08042328042328042,-1.0454203259942236
Barr Faughny,New Zealand,After Nines,2022-04-19,10024.0,84.0,0.5690551345658174,0.938053989542496,0.17566137566137566,-0.6657419058442515
Beverie Moffet,UK,Almond Choco,2022-05-16,2506.0,100.0,0.14196553671558126,-0.8134729775290125,0.20952380952380953,-0.5307451342353726
Oby Sorrel,Australia,Raspberry Choco,2022-02-17,1043.0,120.0,0.05885406003895245,-1.1543194729833377,0.2518518518518518,-0.361999169724274
Dennison Crosswaite,USA,Raspberry Choco,2022-01-18,6524.0,257.0,0.3702238506504374,0.12263175161348831,0.5417989417989418,0.793910687176752
Roddy Speechley,Canada,Orange Choco,2022-02-09,8148.0,85.0,0.4624815663871737,0.5009876700125478,0.17777777777777778,-0.6573046076186967
Mallorie Waber,Canada,Orange Choco,2022-03-23,3577.0,178.0,0.20280790959368752,-0.5639537727227361,0.3746031746031746,0.12736412735791217
Madelene Upcott,New Zealand,Caramel Stuffed Bars,2022-02-01,3374.0,151.0,0.19127569512659548,-0.6112482625226185,0.31746031746031744,-0.10044292473207103
Mallorie Waber,India,Drinking Coco,2022-03-07,3948.0,142.0,0.2238840256887178,-0.4775190155022613,0.2984126984126984,-0.17637860876206543
Ches Bonnell,UK,White Choc,2022-01-03,3269.0,226.0,0.18531075660913407,-0.6357109296604888,0.47619047619047616,0.532354442184549
Ches Bonnell,USA,White Choc,2022-02-11,5271.0,341.0,0.2990422510087314,-0.16928940956509642,0.7195767195767195,1.5026437381233664
Dennison Crosswaite,New Zealand,Orange Choco,2022-03-16,4571.0,140.0,0.2592759942256554,-0.33237385715089796,0.29417989417989415,-0.1932532052131753
Dotty Strutley,India,White Choc,2022-08-15,12327.0,330.0,0.6998861193821373,1.474601822099783,0.6962962962962963,1.409833457642262
Gigi Bohling,India,Manuka Honey Choco,2022-05-12,4935.0,73.0,0.27995444775285494,-0.24756994440628113,0.1523809523809524,-0.7585521863253558
Van Tuxwell,India,Spicy Special Slims,2022-04-11,6167.0,4.0,0.34994305969106865,0.03945868334472953,0.006349206349206349,-1.3407257638886463
Jan Morforth,New Zealand,Mint Chip Choco,2022-06-30,17609.863750000004,285.0,1.0,2.7053917025852208,0.6010582010582011,1.03015503749229
Dotty Strutley,New Zealand,White Choc,2022-06-15,7014.0,60.0,0.39806023039859056,0.23679086492354937,0.12486772486772486,-0.86823706325757
Rafaelita Blaksland,Canada,Caramel Stuffed Bars,2022-08-01,7119.0,101.0,0.404025168916052,0.2612535320614196,0.21164021164021163,-0.5223078360098177
Kaine Padly,USA,Milk Bars,2022-06-15,15491.0,58.0,0.8796296000416407,2.2117435251876056,0.12063492063492064,-0.8851116597086799
Brien Boise,India,After Nines,2022-06-16,5747.0,45.0,0.32608330562122306,-0.05839198520675138,0.09312169312169312,-0.994796536640894
Oby Sorrel,New Zealand,Raspberry Choco,2022-05-13,4550.0,281.0,0.25808300652216315,-0.33726639057847196,0.5925925925925926,0.9964058445900703
Dennison Crosswaite,USA,Drinking Coco,2022-05-10,2191.0,138.0,0.12407072116319706,-0.8868609789426232,0.28994708994708995,-0.21012780166428516
Oby Sorrel,India,Eclairs,2022-08-25,5663.0,322.0,0.3213113548072539,-0.07796211891704756,0.6793650793650794,1.3423350718378226
Ches Bonnell,New Zealand,Organic Choco Syrup,2022-07-15,7623.0,85.0,0.43265687379986667,0.3786743343231967,0.17777777777777778,-0.6573046076186967
Gigi Bohling,UK,Baker's Choco Chips,2022-05-16,9023.0,409.0,0.5121893873660187,0.7048432294947997,0.8634920634920635,2.076380017461102
Jan Morforth,Australia,50% Dark Bites,2022-06-14,3402.0,182.0,0.19286634539791853,-0.6047248846191865,0.38306878306878306,0.16111332026013192
Beverie Moffet,Australia,Smooth Sliky Salty,2022-01-25,10507.0,467.0,0.5964938517461398,1.050582258376699,0.9862433862433863,2.5657433145432877
Ches Bonnell,USA,Organic Choco Syrup,2022-07-28,7721.0,14.0,0.43822414974949736,0.4015061569852089,0.027513227513227514,-1.2563527816330968
Brien Boise,Canada,Mint Chip Choco,2022-01-28,5033.0,178.0,0.2855217237024856,-0.22473812174426894,0.3746031746031746,0.12736412735791217
Kaine Padly,UK,Orange Choco,2022-06-29,1960.0,191.0,0.110947856424782,-0.9406788466459376,0.4021164021164021,0.23704900429012632
Karlen McCaffrey,Australia,70% Dark Bites,2022-06-24,238.0,317.0,0.013122864738415074,-1.3418665877070093,0.6687830687830688,1.300148580710048
Gunar Cockshoot,Canada,Mint Chip Choco,2022-07-01,7756.0,410.0,0.44021246258865115,0.409660379364499,0.8656084656084656,2.084817315686657
Roddy Speechley,USA,Peanut Butter Cubes,2022-02-25,1736.0,137.0,0.09822265425419768,-0.9928658698733941,0.2878306878306878,-0.2185650998898401
Curtice Advani,Canada,Smooth Sliky Salty,2022-08-01,2660.0,12.0,0.15071411320785796,-0.777594399060136,0.02328042328042328,-1.2732273780842067
Oby Sorrel,Australia,Milk Bars,2022-06-21,7672.0,254.0,0.435440511774682,0.3900902456542028,0.5354497354497354,0.7685987925000871
Camilla Castle,New Zealand,Spicy Special Slims,2022-01-25,11564.0,24.0,0.6565408994885845,1.2968397742312592,0.04867724867724868,-1.1719797993775476
Gigi Bohling,UK,Milk Bars,2022-05-17,1365.0,232.0,0.0771465381591674,-1.079300627093869,0.4888888888888889,0.5829782315378785
Andria Kimpton,Australia,85% Dark Bars,2022-08-23,4186.0,233.0,0.23740455299496363,-0.42207030332308876,0.491005291005291,0.5914155297634335
Camilla Castle,Australia,Smooth Sliky Salty,2022-03-03,7406.0,118.0,0.42032933419711316,0.32811815557159824,0.24761904761904763,-0.3788737661753838
Roddy Speechley,India,Caramel Stuffed Bars,2022-05-30,8911.0,473.5,0.5058267862807265,0.6787497178810715,1.0,2.620585753009395
Karlen McCaffrey,USA,Drinking Coco,2022-06-29,112.0,223.0,0.005964938517461398,-1.3712217882724536,0.46984126984126984,0.5070425475078841
Andria Kimpton,Canada,Organic Choco Syrup,2022-01-04,8204.0,204.0,0.4656628669298198,0.5140344258194119,0.42962962962962964,0.34673388122234045
Jehu Rudeforth,Australia,Drinking Coco,2022-01-14,2611.0,65.0,0.14793047523304265,-0.7890103103911422,0.13544973544973546,-0.8260505721297953
Karlen McCaffrey,USA,Mint Chip Choco,2022-02-15,15652.0,53.0,0.8887758391017482,2.24925294813234,0.11005291005291006,-0.9272981508364545
Curtice Advani,New Zealand,Spicy Special Slims,2022-01-10,4074.0,469.0,0.23104195190967147,-0.448163814936817,0.9904761904761905,2.5826179109943976
Madelene Upcott,USA,White Choc,2022-05-04,12250.0,213.0,0.6955118311359989,1.4566625328653449,0.4486772486772487,0.42266956525233484
Andria Kimpton,USA,Spicy Special Slims,2022-05-23,2366.0,5.0,0.13401228535896606,-0.8460898670461727,0.008465608465608466,-1.3322884656630913
Barr Faughny,New Zealand,Fruit & Nut Bars,2022-04-26,1687.0,147.0,0.09543901627938237,-1.0042817812044003,0.308994708994709,-0.13419211763429076
Oby Sorrel,Canada,Organic Choco Syrup,2022-07-05,1232.0,74.0,0.06959094937038297,-1.1102866721351712,0.1544973544973545,-0.7501148880998009
Madelene Upcott,UK,Organic Choco Syrup,2022-07-21,6965.0,163.0,0.3952765924237753,0.22537495359254328,0.34285714285714286,0.0008046539745881715
Dotty Strutley,USA,Mint Chip Choco,2022-02-21,5292.0,248.0,0.3002352387122237,-0.16439687613752238,0.5227513227513227,0.7179750031467576
Kelci Walkden,USA,Orange Choco,2022-02-03,1379.0,138.0,0.07794186329482893,-1.076038938142153,0.28994708994708995,-0.21012780166428516
Gigi Bohling,Australia,Caramel Stuffed Bars,2022-07-08,8001.0,151.0,0.4541306524627277,0.4667399360195295,0.31746031746031744,-0.10044292473207103
Mallorie Waber,India,50% Dark Bites,2022-05-31,588.0,139.0,0.033005993129953067,-1.2603243639141086,0.2920634920634921,-0.20169050343873024
Van Tuxwell,New Zealand,Mint Chip Choco,2022-06-27,4046.0,103.0,0.22945130163834843,-0.45468719284024905,0.21587301587301588,-0.5054332395587079
Van Tuxwell,India,50% Dark Bites,2022-05-13,5103.0,129.0,0.28949834938079316,-0.2084296769856888,0.2708994708994709,-0.2860634856942796
Van Tuxwell,USA,Manuka Honey Choco,2022-05-31,2317.0,102.0,0.13122864738415074,-0.8575057783771789,0.21375661375661376,-0.5138705377842627
Wilone O'Kielt,USA,Orange Choco,2022-02-28,7042.0,37.0,0.3996508806699136,0.24331424282698144,0.0761904761904762,-1.0622949224453335
Barr Faughny,New Zealand,Eclairs,2022-03-28,6713.0,31.0,0.3809607399818679,0.1666645524616547,0.06349206349206349,-1.112918711798663
Gigi Bohling,USA,After Nines,2022-01-14,1848.0,227.0,0.10458525533948984,-0.9667723582596659,0.4783068783068783,0.5407917404101039
Barr Faughny,New Zealand,Mint Chip Choco,2022-02-21,6440.0,145.0,0.3654518998364683,0.10306161790319213,0.3047619047619048,-0.15106671408540062
Dennison Crosswaite,Canada,85% Dark Bars,2022-08-01,10885.0,90.0,0.6179676304090008,1.1386478600730319,0.18835978835978837,-0.615118116490922
Beverie Moffet,New Zealand,Smooth Sliky Salty,2022-05-19,2387.0,59.0,0.13520527306245833,-0.8411973336185987,0.12275132275132275,-0.8766743614831249
Husein Augar,USA,White Choc,2022-07-13,2030.0,60.0,0.11492448210308959,-0.9243704018873574,0.12486772486772486,-0.86823706325757
Andria Kimpton,Australia,Peanut Butter Cubes,2022-04-20,6678.0,148.0,0.3789724271427141,0.15851033008236465,0.3111111111111111,-0.12575481940873584
Dennison Crosswaite,India,85% Dark Bars,2022-06-30,4515.0,22.0,0.25609469368300936,-0.34542061295776205,0.044444444444444446,-1.1888543958286575
Curtice Advani,UK,50% Dark Bites,2022-03-08,3374.0,142.0,0.19127569512659548,-0.6112482625226185,0.2984126984126984,-0.17637860876206543
Gunar Cockshoot,USA,Fruit & Nut Bars,2022-03-09,5852.0,93.0,0.33204824413868445,-0.03392931806888115,0.19470899470899472,-0.5898062218142571
Oby Sorrel,Canada,Raspberry Choco,2022-06-16,1750.0,208.0,0.09901797938985919,-0.9896041809216781,0.4380952380952381,0.38048307412456017
Gigi Bohling,UK,Drinking Coco,2022-06-30,5782.0,42.0,0.32807161846037686,-0.050237762827461306,0.08677248677248678,-1.0201084313175588
Kelci Walkden,India,Mint Chip Choco,2022-07-28,2870.0,120.0,0.16264399024278078,-0.7286690647843956,0.2518518518518518,-0.361999169724274
Karlen McCaffrey,Canada,Peanut Butter Cubes,2022-08-12,3094.0,159.0,0.1753691924133651,-0.6764820415569391,0.3343915343915344,-0.032944538927631564
Barr Faughny,UK,Mint Chip Choco,2022-07-07,3724.0,316.0,0.21115882351813348,-0.5297060387297178,0.6666666666666666,1.291711282484493
Barr Faughny,USA,85% Dark Bars,2022-08-25,12761.0,47.0,0.7245411985876444,1.5757141796029799,0.09735449735449736,-0.9779219401897841
Husein Augar,Canada,Eclairs,2022-01-17,3696.0,233.0,0.20956817324681043,-0.5362294166331498,0.491005291005291,0.5914155297634335
Jan Morforth,Australia,70% Dark Bites,2022-03-04,5222.0,384.0,0.2962586130339161,-0.18070532089610253,0.8105820105820106,1.8654475618222284
Marney O'Breen,New Zealand,Fruit & Nut Bars,2022-08-25,8939.0,4.0,0.5074174365520495,0.6852730957845036,0.006349206349206349,-1.3407257638886463
Ches Bonnell,UK,Peanut Butter Cubes,2022-04-15,2156.0,260.0,0.12208240832404327,-0.8950152013219131,0.5481481481481482,0.8192225818534167
Kaine Padly,USA,Organic Choco Syrup,2022-03-11,2380.0,22.0,0.13480761049462758,-0.8428281780944568,0.044444444444444446,-1.1888543958286575
Camilla Castle,USA,Raspberry Choco,2022-05-20,3339.0,18.0,0.18928738228744169,-0.6194024849019086,0.03597883597883598,-1.2226035887308773
Brien Boise,New Zealand,Manuka Honey Choco,2022-06-14,14980.0,42.0,0.8506002325899953,2.092691878449971,0.08677248677248678,-1.0201084313175588
Jehu Rudeforth,New Zealand,After Nines,2022-04-14,1512.0,73.0,0.08549745208361337,-1.0450528931008507,0.1523809523809524,-0.7585521863253558
Jehu Rudeforth,USA,Smooth Sliky Salty,2022-07-07,6657.0,154.0,0.3777794394392218,0.1536177966547906,0.3238095238095238,-0.07513103005540624
Madelene Upcott,India,Mint Chip Choco,2022-08-24,3836.0,71.0,0.21752142460342563,-0.5036125271159896,0.14814814814814814,-0.7754267827764657
Jehu Rudeforth,India,Eclairs,2022-02-24,8771.0,127.0,0.4978735349241113,0.6461328283639112,0.26666666666666666,-0.3029380821453894
Karlen McCaffrey,Canada,Raspberry Choco,2022-05-09,651.0,224.0,0.03658495624042991,-1.2456467636313864,0.47195767195767196,0.5154798457334391
Kaine Padly,Australia,70% Dark Bites,2022-02-08,6706.0,223.0,0.38056307741403717,0.1650337079857967,0.46984126984126984,0.5070425475078841
Roddy Speechley,UK,70% Dark Bites,2022-03-24,1421.0,284.0,0.08032783870181348,-1.0662538712870049,0.5989417989417989,1.0217177392667351
Rafaelita Blaksland,USA,Drinking Coco,2022-06-20,8526.0,73.0,0.48395534505003474,0.5890532717088807,0.1523809523809524,-0.7585521863253558
Mallorie Waber,Canada,Manuka Honey Choco,2022-03-07,1435.0,112.0,0.081123163837475,-1.0629921823352888,0.23492063492063492,-0.42949755552871344
Kaine Padly,Australia,Fruit & Nut Bars,2022-06-20,7434.0,85.0,0.4219199844684362,0.3346415334750303,0.17777777777777778,-0.6573046076186967
Oby Sorrel,New Zealand,Organic Choco Syrup,2022-02-17,15316.0,270.0,0.8696880358458717,2.1709724132911554,0.5693121693121693,0.903595564108966
Madelene Upcott,UK,99% Dark & Pure,2022-01-26,10479.0,45.0,0.5949032014748167,1.044058880473267,0.09312169312169312,-0.994796536640894
Madelene Upcott,Australia,Mint Chip Choco,2022-05-02,2751.0,153.0,0.15588372658965785,-0.7563934208739819,0.3216931216931217,-0.08356832828096117
Curtice Advani,Canada,99% Dark & Pure,2022-07-07,12586.0,7.0,0.7145996343918755,1.5349430677065294,0.012698412698412698,-1.3154138692119814
Rafaelita Blaksland,Australia,Baker's Choco Chips,2022-08-22,2786.0,51.0,0.15787203942881164,-0.7482391984946918,0.10582010582010581,-0.9441727472875644
Karlen McCaffrey,Australia,After Nines,2022-08-11,2303.0,67.0,0.13043332224848922,-0.8607674673288949,0.13968253968253969,-0.8091759756786855
Marney O'Breen,UK,99% Dark & Pure,2022-01-13,8113.0,194.0,0.4604932535480199,0.49283344763325776,0.4084656084656085,0.2623608989667911
Gunar Cockshoot,Australia,50% Dark Bites,2022-03-02,12271.0,116.0,0.6967048188394912,1.4615550662929189,0.24338624338624337,-0.3957483626264937
Marney O'Breen,Australia,Choco Coated Almonds,2022-07-27,11298.0,41.0,0.6414297219110157,1.2348676841486548,0.08465608465608465,-1.0285457295431137
Kelci Walkden,New Zealand,Drinking Coco,2022-03-10,15855.0,111.0,0.9003080535688402,2.296547437932223,0.2328042328042328,-0.4379348537542684
Beverie Moffet,USA,85% Dark Bars,2022-08-23,12404.0,334.0,0.7042604076282757,1.492541111334221,0.7047619047619048,1.4435826505444818
Roddy Speechley,USA,Eclairs,2022-04-25,3990.0,155.0,0.22627000109570233,-0.4677339486471132,0.32592592592592595,-0.06669373182985129
Dennison Crosswaite,UK,Milk Bars,2022-03-07,10808.0,407.0,0.6135933421628624,1.1207085708385935,0.8592592592592593,2.059505421009992
Wilone O'Kielt,UK,Organic Choco Syrup,2022-07-12,4858.0,52.0,0.27558015950671655,-0.2655092336407193,0.10793650793650794,-0.9357354490620095
Madelene Upcott,USA,Orange Choco,2022-05-16,7742.0,138.0,0.4394171374529896,0.406398690412783,0.28994708994708995,-0.21012780166428516
Gunar Cockshoot,India,Smooth Sliky Salty,2022-03-02,3752.0,70.0,0.21274947378945652,-0.5231826608262857,0.14603174603174604,-0.7838640810020207
Marney O'Breen,New Zealand,85% Dark Bars,2022-05-30,1218.0,149.0,0.06879562423472145,-1.1135483610868873,0.31322751322751324,-0.1173175211831809
Marney O'Breen,UK,Manuka Honey Choco,2022-06-10,10983.0,179.0,0.6235349063586314,1.161479682735044,0.37671957671957673,0.1358014255834671
Brien Boise,USA,99% Dark & Pure,2022-07-25,6769.0,353.0,0.384142040524514,0.17971130826851883,0.744973544973545,1.6038913168300255
Beverie Moffet,New Zealand,Mint Chip Choco,2022-06-09,4361.0,97.0,0.24734611719073263,-0.3812991914266384,0.20317460317460317,-0.5560570289120375
Dennison Crosswaite,USA,Milk Bars,2022-05-12,777.0,60.0,0.04374288246138358,-1.216291563065942,0.12486772486772486,-0.86823706325757
Gunar Cockshoot,USA,Drinking Coco,2022-05-09,3843.0,5.0,0.21791908717125638,-0.5019816826401315,0.008465608465608466,-1.3322884656630913
Brien Boise,Canada,Manuka Honey Choco,2022-08-09,6930.0,182.0,0.3932882795846215,0.2172207312132532,0.38306878306878306,0.16111332026013192
Van Tuxwell,India,Choco Coated Almonds,2022-04-13,5733.0,114.0,0.32528798048556157,-0.06165367415846741,0.23915343915343915,-0.41262295907760355
Andria Kimpton,USA,Caramel Stuffed Bars,2022-05-02,8393.0,46.0,0.47639975626125025,0.5580672266675784,0.09523809523809523,-0.986359238415339
Dotty Strutley,USA,99% Dark & Pure,2022-08-09,3822.0,320.0,0.2167260994677641,-0.5068742160677056,0.6751322751322751,1.3254604753867127
Camilla Castle,Australia,Raspberry Choco,2022-08-23,6342.0,178.0,0.3598846238868377,0.08022979524117992,0.3746031746031746,0.12736412735791217
Gunar Cockshoot,India,Spicy Special Slims,2022-05-13,6510.0,170.0,0.3694285255147759,0.11937006266177227,0.3576719576719577,0.059865741553472705
Karlen McCaffrey,USA,Manuka Honey Choco,2022-02-01,10171.0,67.0,0.5774060484902632,0.9723017235355143,0.13968253968253969,-0.8091759756786855
Camilla Castle,USA,50% Dark Bites,2022-06-23,5908.0,301.0,0.33522954468133054,-0.02088256226201703,0.6349206349206349,1.165151809101169
Madelene Upcott,UK,Choco Coated Almonds,2022-05-24,10164.0,134.0,0.5770083859224325,0.9706708790596562,0.2814814814814815,-0.2438769945665049
Jan Morforth,Canada,Mint Chip Choco,2022-04-01,1064.0,211.0,0.06004704774244474,-1.1494269395557635,0.4444444444444444,0.40579496880122495
Camilla Castle,Canada,70% Dark Bites,2022-07-27,9716.0,151.0,0.5515579815812639,0.8662968326047432,0.31746031746031744,-0.10044292473207103
Ches Bonnell,India,Peanut Butter Cubes,2022-01-27,17609.863750000004,208.0,1.0,2.7053917025852208,0.4380952380952381,0.38048307412456017
Jan Morforth,India,Choco Coated Almonds,2022-08-12,2541.0,134.0,0.14395384955473506,-0.8053187551497224,0.2814814814814815,-0.2438769945665049
Gigi Bohling,Canada,Almond Choco,2022-02-01,9989.0,49.0,0.5670668217266636,0.9298997671632059,0.10158730158730159,-0.9610473437386743
Rafaelita Blaksland,India,After Nines,2022-03-02,4739.0,204.0,0.26881989585359367,-0.29323358973030555,0.42962962962962964,0.34673388122234045
Kelci Walkden,Australia,99% Dark & Pure,2022-06-30,3185.0,34.0,0.18053880579516496,-0.655281063370785,0.06984126984126984,-1.0876068171219981
Dotty Strutley,Australia,Spicy Special Slims,2022-01-17,8225.0,91.0,0.46685585463331203,0.5189269592469861,0.19047619047619047,-0.606680818265367
Brien Boise,USA,Milk Bars,2022-07-07,14301.0,130.0,0.8120269635104116,1.9344999642917433,0.273015873015873,-0.27762618746872464
Mallorie Waber,New Zealand,Mint Chip Choco,2022-01-31,1316.0,107.0,0.07436290018435208,-1.090716538424875,0.22433862433862434,-0.4716840466564881
Beverie Moffet,UK,99% Dark & Pure,2022-08-10,3486.0,121.0,0.19763829621188764,-0.5851547509088904,0.25396825396825395,-0.35356187149871904
Beverie Moffet,USA,Peanut Butter Cubes,2022-08-18,13930.0,339.0,0.7909508474153814,1.8480652070712684,0.7153439153439154,1.4857691416722565
Brien Boise,New Zealand,White Choc,2022-06-15,5509.0,321.0,0.31256277831497725,-0.1138406973859239,0.6772486772486772,1.3338977736122677
Marney O'Breen,USA,Baker's Choco Chips,2022-01-26,8470.0,9.0,0.48077404450738864,0.5760065159020166,0.016931216931216932,-1.2985392727608716
Kelci Walkden,USA,Spicy Special Slims,2022-04-29,77.0,69.0,0.003976625678307599,-1.3793760106517436,0.1439153439153439,-0.7923013792275756
Mallorie Waber,Canada,White Choc,2022-03-03,3381.0,72.0,0.19167335769442623,-0.6096174180467605,0.15026455026455027,-0.7669894845509108
Kaine Padly,Australia,Almond Choco,2022-02-22,4102.0,392.0,0.2326326021809945,-0.44164043703338496,0.8275132275132275,1.932945947626668
Oby Sorrel,USA,Smooth Sliky Salty,2022-03-04,3577.0,158.0,0.20280790959368752,-0.5639537727227361,0.3322751322751323,-0.041381837153186496
Dennison Crosswaite,India,Smooth Sliky Salty,2022-07-07,2975.0,9.0,0.16860892876024217,-0.7042063976465254,0.016931216931216932,-1.2985392727608716
Camilla Castle,New Zealand,Caramel Stuffed Bars,2022-06-17,4137.0,347.0,0.2346209150201483,-0.43348621465409487,0.7322751322751323,1.5532675274766958
Jan Morforth,Canada,Caramel Stuffed Bars,2022-08-02,9541.0,114.0,0.5416164173854949,0.8255257207082929,0.23915343915343915,-0.41262295907760355
Oby Sorrel,USA,Baker's Choco Chips,2022-08-12,8001.0,120.0,0.4541306524627277,0.4667399360195295,0.2518518518518518,-0.361999169724274
Madelene Upcott,New Zealand,Peanut Butter Cubes,2022-01-28,5152.0,333.0,0.29228198735560845,-0.19701376565468268,0.7026455026455026,1.4351453523189268
Kelci Walkden,Australia,Orange Choco,2022-04-29,11116.0,432.0,0.6310904951474159,1.1924657277763464,0.9121693121693122,2.2704378766488653
Marney O'Breen,Australia,Manuka Honey Choco,2022-04-05,13076.0,236.0,0.7424360141400286,1.6491021810165907,0.4973544973544973,0.6167274244400983
Kaine Padly,Canada,Manuka Honey Choco,2022-01-18,10213.0,135.0,0.5797920238972478,0.9820867903906624,0.28359788359788357,-0.23543969634094997
Jehu Rudeforth,UK,Baker's Choco Chips,2022-05-16,2485.0,97.0,0.140772549012089,-0.8183655109565865,0.20317460317460317,-0.5560570289120375
Kelci Walkden,Australia,White Choc,2022-08-24,8715.0,168.0,0.49469223438146526,0.6330860725570471,0.35343915343915344,0.04299114510236284
Curtice Advani,India,85% Dark Bars,2022-01-18,273.0,402.0,0.015111177577568873,-1.3337123653277192,0.8486772486772487,2.0173189298822174
Kaine Padly,USA,Eclairs,2022-08-22,7623.0,10.0,0.43265687379986667,0.3786743343231967,0.01904761904761905,-1.2901019745353166
Gunar Cockshoot,UK,99% Dark & Pure,2022-03-07,7.0,84.0,0.0,-1.3956844554103238,0.17566137566137566,-0.6657419058442515
Beverie Moffet,UK,Choco Coated Almonds,2022-03-04,3010.0,69.0,0.17059724159939596,-0.6960521752672353,0.1439153439153439,-0.7923013792275756
Dotty Strutley,Canada,Manuka Honey Choco,2022-04-22,11550.0,111.0,0.6557455743529229,1.2935780852795433,0.2328042328042328,-0.4379348537542684
Kaine Padly,Australia,Milk Bars,2022-06-09,4046.0,89.0,0.22945130163834843,-0.45468719284024905,0.18624338624338624,-0.6235554147164769
Jan Morforth,Canada,Fruit & Nut Bars,2022-07-25,8904.0,199.0,0.5054291237128957,0.6771188734052135,0.41904761904761906,0.3045473900945658
Jan Morforth,India,Smooth Sliky Salty,2022-08-03,11298.0,89.0,0.6414297219110157,1.2348676841486548,0.18624338624338624,-0.6235554147164769
Rafaelita Blaksland,Australia,Manuka Honey Choco,2022-08-03,4396.0,131.0,0.24933443002988642,-0.37314496904734834,0.2751322751322751,-0.2691888892431697
Jehu Rudeforth,UK,Milk Bars,2022-05-03,12068.0,227.0,0.6851726043723992,1.4142605764930363,0.4783068783068783,0.5407917404101039
Husein Augar,Canada,After Nines,2022-01-19,9772.0,301.0,0.55473928212391,0.8793435884116074,0.6349206349206349,1.165151809101169
Roddy Speechley,USA,50% Dark Bites,2022-02-11,10458.0,316.0,0.5937102137713244,1.0391663470456929,0.6666666666666666,1.291711282484493
Van Tuxwell,India,Almond Choco,2022-06-14,6426.0,390.0,0.36465657470080676,0.0997999289514761,0.8232804232804233,1.916071351175558
Kelci Walkden,USA,50% Dark Bites,2022-03-23,6188.0,223.0,0.35113604739456095,0.04435121677230358,0.46984126984126984,0.5070425475078841
Madelene Upcott,Canada,85% Dark Bars,2022-02-17,7504.0,101.0,0.4258966101467438,0.35094997823361046,0.21164021164021163,-0.5223078360098177
Dennison Crosswaite,Canada,Smooth Sliky Salty,2022-03-17,1750.0,473.5,0.09901797938985919,-0.9896041809216781,1.0,2.620585753009395
Mallorie Waber,Australia,Spicy Special Slims,2022-06-29,5439.0,287.0,0.3085861526366696,-0.13014914214450404,0.6052910052910053,1.0470296339434
Ches Bonnell,Canada,Choco Coated Almonds,2022-08-24,15547.0,269.0,0.8828109005842868,2.22479028099447,0.5671957671957671,0.8951582658834111
Gigi Bohling,Canada,Spicy Special Slims,2022-07-04,11956.0,277.0,0.678810003287107,1.388167064879308,0.5841269841269842,0.9626566516878506
Roddy Speechley,New Zealand,Almond Choco,2022-03-28,2723.0,67.0,0.1542930763183348,-0.7629167987774139,0.13968253968253969,-0.8091759756786855
Curtice Advani,India,Smooth Sliky Salty,2022-04-19,17609.863750000004,135.0,1.0,2.7053917025852208,0.28359788359788357,-0.23543969634094997
Ches Bonnell,New Zealand,Mint Chip Choco,2022-01-18,9058.0,229.0,0.5141777002051725,0.7129974518740898,0.48253968253968255,0.5576663368612138
Van Tuxwell,New Zealand,Fruit & Nut Bars,2022-01-17,2996.0,88.0,0.16980191646373444,-0.6993138642189514,0.18412698412698414,-0.6319927129420319
Andria Kimpton,New Zealand,Mint Chip Choco,2022-02-15,8848.0,211.0,0.5022478231702496,0.6640721175983494,0.4444444444444444,0.40579496880122495
Andria Kimpton,UK,Milk Bars,2022-02-11,14336.0,293.0,0.8140152763495654,1.9426541866710334,0.617989417989418,1.0976534232967294
Camilla Castle,USA,Manuka Honey Choco,2022-03-21,16401.0,179.0,0.9313257338596396,2.423753307049148,0.37671957671957673,0.1358014255834671
Gunar Cockshoot,New Zealand,Almond Choco,2022-01-05,5173.0,129.0,0.29347497505910075,-0.19212123222710864,0.2708994708994709,-0.2860634856942796
Brien Boise,India,Raspberry Choco,2022-05-30,6328.0,164.0,0.3590892987511761,0.07696810628946388,0.344973544973545,0.009241952200143105
Jehu Rudeforth,USA,99% Dark & Pure,2022-01-04,2534.0,219.0,0.1435561869869043,-0.8069495996255803,0.4613756613756614,0.47329335460566446
Beverie Moffet,Australia,Fruit & Nut Bars,2022-04-22,1435.0,258.0,0.081123163837475,-1.0629921823352888,0.5439153439153439,0.8023479854023069
Gigi Bohling,Canada,Milk Bars,2022-02-10,3052.0,116.0,0.17298321700638053,-0.6862671084120873,0.24338624338624337,-0.3957483626264937
Dotty Strutley,India,Spicy Special Slims,2022-08-12,910.0,204.0,0.051298471250168017,-1.18530551802464,0.42962962962962964,0.34673388122234045
Gunar Cockshoot,USA,Organic Choco Syrup,2022-08-10,2331.0,321.0,0.13202397251981227,-0.8542440894254628,0.6772486772486772,1.3338977736122677
Kelci Walkden,Australia,Raspberry Choco,2022-06-07,679.0,56.0,0.038175606511752946,-1.2391233857279544,0.1164021164021164,-0.9019862561597897
Jehu Rudeforth,India,Baker's Choco Chips,2022-06-06,2086.0,74.0,0.11810578264573567,-0.9113236460804933,0.1544973544973545,-0.7501148880998009
Karlen McCaffrey,New Zealand,Baker's Choco Chips,2022-04-05,5012.0,189.0,0.2843287359989933,-0.22963065517184297,0.3978835978835979,0.22017440783901643
Wilone O'Kielt,USA,50% Dark Bites,2022-04-18,4501.0,131.0,0.2552993685473478,-0.3486823019094781,0.2751322751322751,-0.2691888892431697
Andria Kimpton,India,50% Dark Bites,2022-01-31,13482.0,15.0,0.7655004430742127,1.7436911606163554,0.02962962962962963,-1.2479154834075419
Madelene Upcott,USA,Baker's Choco Chips,2022-08-22,5621.0,140.0,0.3189253794002694,-0.08774718577219566,0.29417989417989415,-0.1932532052131753
Jehu Rudeforth,Australia,99% Dark & Pure,2022-02-25,10486.0,198.0,0.5953008640426475,1.0456897249491248,0.41693121693121693,0.2961100918690108
Jan Morforth,Australia,Mint Chip Choco,2022-02-22,17609.863750000004,103.0,1.0,2.7053917025852208,0.21587301587301588,-0.5054332395587079
Oby Sorrel,New Zealand,Milk Bars,2022-01-12,4494.0,187.0,0.25490170597951706,-0.3503131463853361,0.39365079365079364,0.20329981138790656
Brien Boise,UK,Almond Choco,2022-05-25,105.0,125.0,0.005567275949630638,-1.3728526327483117,0.2624338624338624,-0.3198126785964993
Kelci Walkden,India,Smooth Sliky Salty,2022-02-01,2464.0,8.0,0.1395795613085967,-0.8232580443841605,0.014814814814814815,-1.3069765709864265
Rafaelita Blaksland,UK,Eclairs,2022-04-27,1379.0,70.0,0.07794186329482893,-1.076038938142153,0.14603174603174604,-0.7838640810020207
Gigi Bohling,USA,Smooth Sliky Salty,2022-07-22,2583.0,126.0,0.14633982496171963,-0.7955336882945743,0.26455026455026454,-0.31137538037094437
Curtice Advani,New Zealand,Mint Chip Choco,2022-01-26,3220.0,265.0,0.18252711863431875,-0.6471268409914949,0.5587301587301587,0.8614090729811914
Curtice Advani,USA,Mint Chip Choco,2022-08-24,4802.0,296.0,0.2723988589640705,-0.2785559894475834,0.6243386243386243,1.1229653179733943
Madelene Upcott,New Zealand,Fruit & Nut Bars,2022-01-18,5677.0,21.0,0.3221066799429155,-0.07470042996533154,0.042328042328042326,-1.1972916940542124
Karlen McCaffrey,India,85% Dark Bars,2022-03-30,945.0,83.0,0.05328678408932182,-1.1771512956453498,0.17354497354497356,-0.6741792040698065
Ches Bonnell,Australia,Caramel Stuffed Bars,2022-01-17,8757.0,162.0,0.4970782097884498,0.6428711394121952,0.34074074074074073,-0.007632644250966762
Kelci Walkden,USA,Fruit & Nut Bars,2022-02-17,4816.0,145.0,0.273194184099732,-0.2752943004958674,0.3047619047619048,-0.15106671408540062
Kelci Walkden,Canada,Peanut Butter Cubes,2022-04-08,7532.0,44.0,0.42748726041806684,0.3574733561370425,0.091005291005291,-1.003233834866449
Gigi Bohling,Canada,Drinking Coco,2022-07-06,3549.0,82.0,0.20121725932236448,-0.5704771506261682,0.17142857142857143,-0.6826165022953614
Husein Augar,India,Fruit & Nut Bars,2022-04-04,4340.0,226.0,0.24615312948724033,-0.38619172485421244,0.47619047619047616,0.532354442184549
Jan Morforth,New Zealand,Organic Choco Syrup,2022-03-02,1799.0,207.0,0.10180161736467452,-0.978188269590672,0.43597883597883597,0.3720457758990052
Gigi Bohling,New Zealand,Raspberry Choco,2022-08-09,1127.0,176.0,0.06362601085292158,-1.1347493392730414,0.37037037037037035,0.1104895309068023
Dennison Crosswaite,Australia,Milk Bars,2022-06-09,10038.0,286.0,0.5698504597014789,0.9413156784942119,0.6031746031746031,1.038592335717845
Ches Bonnell,UK,Caramel Stuffed Bars,2022-06-02,2926.0,300.0,0.16582529078542685,-0.7156223089775315,0.6328042328042328,1.156714510875614
Van Tuxwell,USA,Fruit & Nut Bars,2022-07-05,6279.0,235.0,0.35630566077636083,0.06555219495845778,0.49523809523809526,0.6082901262145434
Andria Kimpton,Canada,Eclairs,2022-08-11,308.0,125.0,0.017099490416722672,-1.325558142948429,0.2624338624338624,-0.3198126785964993
Madelene Upcott,India,Choco Coated Almonds,2022-02-11,3500.0,145.0,0.19843362134754916,-0.5818930619571743,0.3047619047619048,-0.15106671408540062
Kelci Walkden,New Zealand,Spicy Special Slims,2022-08-11,658.0,65.0,0.03698261880826066,-1.2440159191555284,0.13544973544973546,-0.8260505721297953
Roddy Speechley,Australia,Drinking Coco,2022-05-12,12565.0,102.0,0.7134066466883832,1.5300505342789554,0.21375661375661376,-0.5138705377842627
Wilone O'Kielt,USA,Milk Bars,2022-07-15,5012.0,93.0,0.2843287359989933,-0.22963065517184297,0.19470899470899472,-0.5898062218142571
Andria Kimpton,India,Organic Choco Syrup,2022-01-18,3955.0,134.0,0.22428168825654854,-0.4758881710264033,0.2814814814814815,-0.2438769945665049
Madelene Upcott,UK,Fruit & Nut Bars,2022-01-05,8512.0,189.0,0.4831600199143732,0.5857915827571646,0.3978835978835979,0.22017440783901643
Curtice Advani,Australia,50% Dark Bites,2022-06-29,504.0,232.0,0.028234042315983948,-1.2798944976244049,0.4888888888888889,0.5829782315378785
Brien Boise,Canada,Raspberry Choco,2022-06-14,2800.0,45.0,0.15866736456447317,-0.7449775095429758,0.09312169312169312,-0.994796536640894
Gunar Cockshoot,India,Mint Chip Choco,2022-08-08,4256.0,67.0,0.24138117867327122,-0.40576185856450864,0.13968253968253969,-0.8091759756786855
Dennison Crosswaite,India,Mint Chip Choco,2022-03-23,13573.0,138.0,0.7706700564560126,1.7648921388025096,0.28994708994708995,-0.21012780166428516
Barr Faughny,India,Caramel Stuffed Bars,2022-01-04,6566.0,99.0,0.372609826057422,0.1324168184686364,0.2074074074074074,-0.5391824324609276
Brien Boise,India,Milk Bars,2022-02-22,13503.0,251.0,0.7666934307777049,1.7485836940439294,0.5291005291005291,0.7432868978234223
Beverie Moffet,UK,Spicy Special Slims,2022-02-17,8680.0,252.0,0.4927039215423114,0.624931850177757,0.5312169312169313,0.7517241960489772
Barr Faughny,USA,Almond Choco,2022-02-03,385.0,78.0,0.021473778662861032,-1.307618853713991,0.16296296296296298,-0.7163656951975812
Van Tuxwell,Canada,Raspberry Choco,2022-03-17,1267.0,130.0,0.07157926220953677,-1.102132449755881,0.273015873015873,-0.27762618746872464
Wilone O'Kielt,Australia,Baker's Choco Chips,2022-01-25,2961.0,154.0,0.16781360362458064,-0.7074680865982415,0.3238095238095238,-0.07513103005540624
Brien Boise,Australia,Milk Bars,2022-07-27,1981.0,52.0,0.11214084412827427,-0.9357863132183636,0.10793650793650794,-0.9357354490620095
Husein Augar,Australia,Fruit & Nut Bars,2022-01-28,7959.0,53.0,0.45174467705574317,0.45695486916438144,0.11005291005291006,-0.9272981508364545
Madelene Upcott,Australia,Organic Choco Syrup,2022-07-05,10794.0,50.0,0.6127980170272009,1.1174468818868777,0.1037037037037037,-0.9526100455131193
Van Tuxwell,India,White Choc,2022-03-15,1897.0,44.0,0.10736889331430516,-0.9553564469286597,0.091005291005291,-1.003233834866449
Gunar Cockshoot,Canada,After Nines,2022-08-04,2744.0,200.0,0.1554860640218271,-0.7580242653498399,0.4211640211640212,0.3129846883201207
Jan Morforth,USA,Fruit & Nut Bars,2022-06-27,4382.0,361.0,0.2485391048942249,-0.37640665799906436,0.7619047619047619,1.671389702634465
Jan Morforth,Canada,After Nines,2022-07-13,4515.0,172.0,0.25609469368300936,-0.34542061295776205,0.3619047619047619,0.07674033800458258
Barr Faughny,New Zealand,Manuka Honey Choco,2022-02-24,5474.0,239.0,0.3105744654758234,-0.12199491976521397,0.5037037037037037,0.6420393191167632
Karlen McCaffrey,New Zealand,85% Dark Bars,2022-06-28,6069.0,55.0,0.344375783741438,0.01662686068271732,0.11428571428571428,-0.9104235543853446
Oby Sorrel,Australia,85% Dark Bars,2022-06-30,6944.0,27.0,0.394083604720283,0.22048242016496922,0.05502645502645503,-1.1466679047008828
Curtice Advani,Canada,Choco Coated Almonds,2022-08-18,5859.0,7.0,0.3324459067065152,-0.03229847359302314,0.012698412698412698,-1.3154138692119814
Kaine Padly,India,70% Dark Bites,2022-01-24,12173.0,301.0,0.6911375428898606,1.4387232436309065,0.6349206349206349,1.165151809101169
Beverie Moffet,USA,White Choc,2022-03-11,5292.0,134.0,0.3002352387122237,-0.16439687613752238,0.2814814814814815,-0.2438769945665049
Ches Bonnell,New Zealand,After Nines,2022-06-23,5705.0,350.0,0.3236973302142385,-0.06817705206189947,0.7386243386243386,1.5785794221533607
Husein Augar,India,Spicy Special Slims,2022-08-22,2492.0,33.0,0.14117021157991974,-0.8167346664807285,0.06772486772486773,-1.096044115347553
Gunar Cockshoot,Canada,50% Dark Bites,2022-01-04,3024.0,23.0,0.17139256673505748,-0.6927904863155193,0.04656084656084656,-1.1804170976031025
Curtice Advani,India,Milk Bars,2022-04-05,3437.0,201.0,0.19485465823707232,-0.5965706622398964,0.42328042328042326,0.32142198654567566
Beverie Moffet,India,Milk Bars,2022-04-15,1869.0,323.0,0.10577824304298211,-0.9618798248320918,0.6814814814814815,1.3507723700633776
Husein Augar,Australia,White Choc,2022-05-11,3171.0,220.0,0.17974348065950344,-0.658542752322501,0.4634920634920635,0.48173065283121935
Andria Kimpton,Canada,Manuka Honey Choco,2022-07-21,4858.0,473.5,0.27558015950671655,-0.2655092336407193,1.0,2.620585753009395
Jan Morforth,New Zealand,Orange Choco,2022-02-11,1225.0,84.0,0.06919328680255221,-1.111917516611029,0.17566137566137566,-0.6657419058442515
Andria Kimpton,Canada,Smooth Sliky Salty,2022-07-08,1155.0,79.0,0.06521666112424461,-1.1282259613696093,0.16507936507936508,-0.7079283969720263
Gunar Cockshoot,UK,Raspberry Choco,2022-08-11,6811.0,344.0,0.38652801593149855,0.18949637512366693,0.725925925925926,1.5279556328000312
Husein Augar,New Zealand,After Nines,2022-08-04,6433.0,7.0,0.3650542372686375,0.10143077342733411,0.012698412698412698,-1.3154138692119814
Andria Kimpton,New Zealand,Orange Choco,2022-06-14,8169.0,88.0,0.463674554090666,0.5058802034401219,0.18412698412698414,-0.6319927129420319
Dennison Crosswaite,UK,Baker's Choco Chips,2022-01-17,2275.0,275.0,0.12884267197716617,-0.8672908452323269,0.5798941798941799,0.9457820552367407
Jehu Rudeforth,Canada,Orange Choco,2022-06-23,3857.0,473.5,0.2187144123069179,-0.4987199936884155,1.0,2.620585753009395
Jehu Rudeforth,UK,Smooth Sliky Salty,2022-08-24,1463.0,113.0,0.08271381410879805,-1.0564688044318566,0.23703703703703705,-0.4210602573031585
Andria Kimpton,UK,Caramel Stuffed Bars,2022-06-07,7924.0,275.0,0.4497563642165894,0.44880064678509135,0.5798941798941799,0.9457820552367407
Jan Morforth,UK,White Choc,2022-06-22,8799.0,47.0,0.49946418519543434,0.6526562062673432,0.09735449735449736,-0.9779219401897841
Dotty Strutley,USA,Fruit & Nut Bars,2022-07-13,2898.0,276.0,0.1642346405141038,-0.7221456868809636,0.582010582010582,0.9542193534622957
Kelci Walkden,UK,Choco Coated Almonds,2022-05-24,9506.0,212.0,0.5396281045463411,0.8173714983290028,0.44656084656084655,0.4142322670267799
Gunar Cockshoot,New Zealand,After Nines,2022-08-09,7175.0,145.0,0.4072064694586981,0.27430028786828375,0.3047619047619048,-0.15106671408540062
Kaine Padly,Canada,85% Dark Bars,2022-04-06,1729.0,31.0,0.09782499168636692,-0.9944967143492521,0.06349206349206349,-1.112918711798663
Jan Morforth,New Zealand,Manuka Honey Choco,2022-07-28,1589.0,271.0,0.08987174032975172,-1.0271136038664124,0.5714285714285714,0.912032862334521
Gunar Cockshoot,New Zealand,Raspberry Choco,2022-08-24,630.0,52.0,0.03539196853693762,-1.2505392970589606,0.10793650793650794,-0.9357354490620095
Van Tuxwell,Australia,99% Dark & Pure,2022-01-17,112.0,128.0,0.005964938517461398,-1.3712217882724536,0.2687830687830688,-0.2945007839198345
Curtice Advani,USA,Drinking Coco,2022-02-07,5187.0,142.0,0.2942703001947623,-0.1888595432753926,0.2984126984126984,-0.17637860876206543
Brien Boise,Australia,Spicy Special Slims,2022-05-09,6223.0,256.0,0.35312436023371474,0.052505439151593655,0.5396825396825397,0.785473388951197
Mallorie Waber,New Zealand,85% Dark Bars,2022-06-06,7714.0,106.0,0.43782648718166656,0.3998753125093509,0.2222222222222222,-0.48012134488204306
Wilone O'Kielt,USA,Choco Coated Almonds,2022-06-06,9457.0,6.0,0.5368444665715257,0.8059555869979967,0.010582010582010581,-1.3238511674375364
Beverie Moffet,New Zealand,Organic Choco Syrup,2022-05-24,6678.0,226.0,0.3789724271427141,0.15851033008236465,0.47619047619047616,0.532354442184549
Gunar Cockshoot,UK,50% Dark Bites,2022-01-13,2107.0,121.0,0.11929877034922795,-0.9064311126529193,0.25396825396825395,-0.35356187149871904
Marney O'Breen,USA,Raspberry Choco,2022-05-23,6069.0,151.0,0.344375783741438,0.01662686068271732,0.31746031746031744,-0.10044292473207103
Jehu Rudeforth,UK,White Choc,2022-06-29,1862.0,284.0,0.10538058047515135,-0.9635106693079498,0.5989417989417989,1.0217177392667351
Jehu Rudeforth,New Zealand,85% Dark Bars,2022-03-11,6972.0,89.0,0.395674254991606,0.2270057980684013,0.18624338624338624,-0.6235554147164769
Dotty Strutley,USA,85% Dark Bars,2022-04-25,10220.0,473.5,0.5801896864650786,0.9837176348665203,1.0,2.620585753009395
Rafaelita Blaksland,Australia,Smooth Sliky Salty,2022-05-30,3969.0,243.0,0.22507701339221006,-0.47262648207468727,0.5121693121693122,0.6757885120189828
Curtice Advani,India,Manuka Honey Choco,2022-05-23,1547.0,170.0,0.08748576492276716,-1.0368986707215606,0.3576719576719577,0.059865741553472705
Mallorie Waber,USA,Peanut Butter Cubes,2022-05-23,1162.0,18.0,0.06561432369207537,-1.1265951168937514,0.03597883597883598,-1.2226035887308773
Van Tuxwell,Canada,Peanut Butter Cubes,2022-06-24,6342.0,282.0,0.3598846238868377,0.08022979524117992,0.5947089947089947,1.0048431428156253
Kelci Walkden,New Zealand,Smooth Sliky Salty,2022-03-11,10633.0,277.0,0.6036517779670935,1.0799374589421433,0.5841269841269842,0.9626566516878506
Rafaelita Blaksland,USA,Smooth Sliky Salty,2022-07-27,15057.0,212.0,0.8549745208361337,2.1106311676844087,0.44656084656084655,0.4142322670267799
Rafaelita Blaksland,USA,White Choc,2022-08-16,4704.0,126.0,0.2668315830144398,-0.30138781210959564,0.26455026455026454,-0.31137538037094437
Roddy Speechley,Canada,Smooth Sliky Salty,2022-03-07,9338.0,11.0,0.5300842029184029,0.7782312309084104,0.021164021164021163,-1.2816646763097617
Curtice Advani,New Zealand,After Nines,2022-04-05,7959.0,30.0,0.45174467705574317,0.45695486916438144,0.061375661375661375,-1.121356010024218
Camilla Castle,India,85% Dark Bars,2022-05-04,9023.0,51.0,0.5121893873660187,0.7048432294947997,0.10582010582010581,-0.9441727472875644
Ches Bonnell,USA,Choco Coated Almonds,2022-01-04,14525.0,92.0,0.8247521656809959,1.9866869875191997,0.1925925925925926,-0.5982435200398121
Marney O'Breen,Australia,Baker's Choco Chips,2022-01-13,5810.0,101.0,0.3296622687316999,-0.043714384924029244,0.21164021164021163,-0.5223078360098177
Wilone O'Kielt,New Zealand,Fruit & Nut Bars,2022-07-11,6426.0,98.0,0.36465657470080676,0.0997999289514761,0.2052910052910053,-0.5476197306864825
Kaine Padly,Australia,Mint Chip Choco,2022-05-17,4403.0,159.0,0.24973209259771717,-0.3715141245714903,0.3343915343915344,-0.032944538927631564
Camilla Castle,New Zealand,Peanut Butter Cubes,2022-07-21,1582.0,62.0,0.08947407776192096,-1.0287444483422705,0.1291005291005291,-0.8513624668064601
Curtice Advani,Canada,Organic Choco Syrup,2022-02-22,791.0,22.0,0.044538207597045104,-1.2130298741142262,0.044444444444444446,-1.1888543958286575
Jan Morforth,India,99% Dark & Pure,2022-05-23,9100.0,187.0,0.516563675612157,0.7227825187292379,0.39365079365079364,0.20329981138790656
Rafaelita Blaksland,Canada,Drinking Coco,2022-07-12,9884.0,200.0,0.5611018832092021,0.9054371000253356,0.4211640211640212,0.3129846883201207
Jan Morforth,UK,Orange Choco,2022-06-15,3780.0,201.0,0.21434012406077954,-0.5166592829228537,0.42328042328042326,0.32142198654567566
Barr Faughny,New Zealand,50% Dark Bites,2022-06-23,4557.0,308.0,0.2584806690899939,-0.335635546102614,0.6497354497354497,1.2242128966800536
Curtice Advani,Australia,Eclairs,2022-03-25,5796.0,55.0,0.3288669435960384,-0.046976073875745275,0.11428571428571428,-0.9104235543853446
Jan Morforth,India,Caramel Stuffed Bars,2022-07-04,84.0,153.0,0.0043742882461383584,-1.3777451661758857,0.3216931216931217,-0.08356832828096117
Andria Kimpton,UK,White Choc,2022-05-12,9037.0,101.0,0.5129847125016802,0.7081049184465158,0.21164021164021163,-0.5223078360098177
Camilla Castle,New Zealand,Raspberry Choco,2022-04-04,4746.0,137.0,0.2692175584214244,-0.29160274525444757,0.2878306878306878,-0.2185650998898401
Madelene Upcott,Australia,Orange Choco,2022-04-15,6713.0,398.0,0.3809607399818679,0.1666645524616547,0.8402116402116402,1.9835697369799976
Roddy Speechley,Canada,Eclairs,2022-03-08,6237.0,88.0,0.35391968536937624,0.055767128103309686,0.18412698412698414,-0.6319927129420319
Karlen McCaffrey,India,White Choc,2022-01-17,7483.0,232.0,0.4247036224432515,0.3460574448060364,0.4888888888888889,0.5829782315378785
Wilone O'Kielt,India,Mint Chip Choco,2022-08-22,1309.0,51.0,0.07396523761652132,-1.092347382900733,0.10582010582010581,-0.9441727472875644
Andria Kimpton,UK,99% Dark & Pure,2022-07-25,1155.0,66.0,0.06521666112424461,-1.1282259613696093,0.13756613756613756,-0.8176132739042403
Marney O'Breen,UK,50% Dark Bites,2022-06-14,2989.0,124.0,0.1694042538959037,-0.7009447086948094,0.26031746031746034,-0.32824997682205426
Ches Bonnell,India,Choco Coated Almonds,2022-04-05,9625.0,78.0,0.546388368199464,0.845095854418589,0.16296296296296298,-0.7163656951975812
Madelene Upcott,UK,Raspberry Choco,2022-08-26,7357.0,341.0,0.4175456962222978,0.3167022442405921,0.7195767195767195,1.5026437381233664
Wilone O'Kielt,Australia,50% Dark Bites,2022-08-03,10031.0,114.0,0.569452797133648,0.9396848340183539,0.23915343915343915,-0.41262295907760355
Gigi Bohling,Canada,White Choc,2022-07-11,6587.0,4.0,0.37380281376091423,0.13730935189621044,0.006349206349206349,-1.3407257638886463
Wilone O'Kielt,New Zealand,Eclairs,2022-03-11,3311.0,22.0,0.18769673201611864,-0.6259258628053407,0.044444444444444446,-1.1888543958286575
Brien Boise,UK,Peanut Butter Cubes,2022-01-10,15330.0,30.0,0.8704833609815332,2.1742341022428713,0.061375661375661375,-1.121356010024218
Roddy Speechley,UK,Baker's Choco Chips,2022-04-04,14028.0,351.0,0.7965181233650119,1.8708970297332805,0.7407407407407407,1.5870167203789156
Karlen McCaffrey,Australia,50% Dark Bites,2022-01-17,6678.0,473.5,0.3789724271427141,0.15851033008236465,1.0,2.620585753009395
Marney O'Breen,New Zealand,Organic Choco Syrup,2022-07-08,8624.0,50.0,0.48952262099966537,0.6118850943708929,0.1037037037037037,-0.9526100455131193
Jan Morforth,UK,Organic Choco Syrup,2022-04-12,1197.0,356.0,0.06760263653122917,-1.1184408945144613,0.7513227513227513,1.6292032115066903
Rafaelita Blaksland,Canada,Fruit & Nut Bars,2022-08-24,483.0,185.0,0.027041054612491667,-1.284787031051979,0.38941798941798944,0.1864252149367967
Ches Bonnell,UK,Choco Coated Almonds,2022-06-07,1687.0,236.0,0.09543901627938237,-1.0042817812044003,0.4973544973544973,0.6167274244400983
Gunar Cockshoot,Canada,Almond Choco,2022-07-28,1309.0,30.0,0.07396523761652132,-1.092347382900733,0.061375661375661375,-1.121356010024218
Husein Augar,USA,99% Dark & Pure,2022-02-21,9534.0,111.0,0.5412187548176641,0.8238948762324348,0.2328042328042328,-0.4379348537542684
Dennison Crosswaite,Canada,Mint Chip Choco,2022-04-08,1694.0,289.0,0.09583667884721311,-1.002650936728542,0.6095238095238096,1.0639042303945099
Brien Boise,UK,Manuka Honey Choco,2022-06-28,70.0,103.0,0.0035789631104768383,-1.3810068551276018,0.21587301587301588,-0.5054332395587079
Van Tuxwell,UK,Baker's Choco Chips,2022-03-24,2443.0,20.0,0.13838657360510442,-0.8281505778117346,0.04021164021164021,-1.2057289922797674
Barr Faughny,Australia,Caramel Stuffed Bars,2022-07-29,2933.0,55.0,0.1662229533532576,-0.7139914645016735,0.11428571428571428,-0.9104235543853446
Dennison Crosswaite,USA,Eclairs,2022-05-25,2044.0,90.0,0.11571980723875111,-0.9211087129356414,0.18835978835978837,-0.615118116490922
Gigi Bohling,Australia,Raspberry Choco,2022-03-30,6524.0,303.0,0.3702238506504374,0.12263175161348831,0.6391534391534391,1.182026405552279
Dennison Crosswaite,USA,Organic Choco Syrup,2022-07-18,12656.0,126.0,0.718576260070183,1.5512515124651096,0.26455026455026454,-0.31137538037094437
Beverie Moffet,Canada,Orange Choco,2022-05-10,8722.0,109.0,0.495089896949296,0.6347169170329051,0.22857142857142856,-0.4548094502053782
Mallorie Waber,Australia,Choco Coated Almonds,2022-03-18,15750.0,92.0,0.8943431150513789,2.2720847707943523,0.1925925925925926,-0.5982435200398121
Ches Bonnell,India,Caramel Stuffed Bars,2022-06-15,6839.0,56.0,0.3881186662028216,0.196019753027099,0.1164021164021164,-0.9019862561597897
Van Tuxwell,Canada,50% Dark Bites,2022-05-12,13685.0,58.0,0.7770326575413047,1.7909856504162378,0.12063492063492064,-0.8851116597086799
Kelci Walkden,New Zealand,Baker's Choco Chips,2022-06-23,2912.0,110.0,0.16502996564976533,-0.7188839979292475,0.2306878306878307,-0.44637215197982333
Beverie Moffet,India,Spicy Special Slims,2022-04-21,3339.0,171.0,0.18928738228744169,-0.6194024849019086,0.35978835978835977,0.06830303977902764
Gigi Bohling,Australia,Almond Choco,2022-08-17,910.0,117.0,0.051298471250168017,-1.18530551802464,0.2455026455026455,-0.38731106440093876
Rafaelita Blaksland,New Zealand,Eclairs,2022-02-07,17609.863750000004,51.0,1.0,2.7053917025852208,0.10582010582010581,-0.9441727472875644
Kelci Walkden,Canada,Smooth Sliky Salty,2022-03-17,8099.0,118.0,0.45969792841235835,0.48957175868154174,0.24761904761904763,-0.3788737661753838
Jan Morforth,India,Baker's Choco Chips,2022-08-01,13727.0,79.0,0.7794186329482893,1.800770717271386,0.16507936507936508,-0.7079283969720263
Jehu Rudeforth,Australia,Milk Bars,2022-03-18,8659.0,29.0,0.49151093383881916,0.620039316750183,0.05925925925925926,-1.1297933082497729
Gigi Bohling,Canada,Fruit & Nut Bars,2022-06-14,5782.0,103.0,0.32807161846037686,-0.050237762827461306,0.21587301587301588,-0.5054332395587079
Beverie Moffet,UK,Eclairs,2022-04-22,8463.0,155.0,0.4803763819395579,0.5743756714261585,0.32592592592592595,-0.06669373182985129
Marney O'Breen,New Zealand,Eclairs,2022-01-18,4914.0,31.0,0.27876146004936264,-0.25246247783385517,0.06349206349206349,-1.112918711798663
Husein Augar,Australia,99% Dark & Pure,2022-08-26,3087.0,128.0,0.17497152984553432,-0.6781128860327972,0.2687830687830688,-0.2945007839198345
Gunar Cockshoot,New Zealand,Fruit & Nut Bars,2022-06-10,9205.0,419.0,0.5225286141296184,0.7472451858671082,0.8846560846560847,2.1607529997166512
Curtice Advani,Canada,70% Dark Bites,2022-01-31,2303.0,7.0,0.13043332224848922,-0.8607674673288949,0.012698412698412698,-1.3154138692119814
Kelci Walkden,New Zealand,Manuka Honey Choco,2022-04-08,1358.0,106.0,0.07674887559133665,-1.080931471569727,0.2222222222222222,-0.48012134488204306
Dotty Strutley,Australia,Baker's Choco Chips,2022-06-07,3605.0,68.0,0.20439855986501054,-0.557430394819304,0.14179894179894179,-0.8007386774531305
Barr Faughny,Australia,85% Dark Bars,2022-02-10,8498.0,44.0,0.4823646947787117,0.5825298938054486,0.091005291005291,-1.003233834866449
Beverie Moffet,Australia,50% Dark Bites,2022-05-16,700.0,457.0,0.039368594215245224,-1.2342308523003804,0.9650793650793651,2.4813703322877387
Gunar Cockshoot,India,Baker's Choco Chips,2022-03-18,2191.0,473.5,0.12407072116319706,-0.8868609789426232,1.0,2.620585753009395
Van Tuxwell,Australia,50% Dark Bites,2022-07-13,644.0,137.0,0.036187293672599145,-1.2472776081072445,0.2878306878306878,-0.2185650998898401
Oby Sorrel,USA,Manuka Honey Choco,2022-07-25,4340.0,86.0,0.24615312948724033,-0.38619172485421244,0.17989417989417988,-0.6488673093931417
Van Tuxwell,Canada,Choco Coated Almonds,2022-08-19,2282.0,296.0,0.12924033454499695,-0.8656600007564689,0.6243386243386243,1.1229653179733943
Karlen McCaffrey,Canada,70% Dark Bites,2022-06-24,7714.0,473.5,0.43782648718166656,0.3998753125093509,1.0,2.620585753009395
Kelci Walkden,Canada,Fruit & Nut Bars,2022-06-20,826.0,149.0,0.0465265204361989,-1.2048756517349362,0.31322751322751324,-0.1173175211831809
Camilla Castle,India,99% Dark & Pure,2022-08-02,203.0,207.0,0.011134551899261276,-1.3500208100862994,0.43597883597883597,0.3720457758990052
Madelene Upcott,New Zealand,70% Dark Bites,2022-02-22,13356.0,93.0,0.758342516853259,1.7143359600509112,0.19470899470899472,-0.5898062218142571
Mallorie Waber,New Zealand,Orange Choco,2022-02-01,6510.0,23.0,0.3694285255147759,0.11937006266177227,0.04656084656084656,-1.1804170976031025
Jan Morforth,Canada,70% Dark Bites,2022-02-14,5894.0,305.0,0.33443421954566904,-0.02414425121373306,0.6433862433862434,1.1989010020033888
Kelci Walkden,Australia,Milk Bars,2022-02-24,7910.0,125.0,0.4489610390809278,0.4455389578333753,0.2624338624338624,-0.3198126785964993
Dennison Crosswaite,India,Orange Choco,2022-03-18,784.0,129.0,0.04414054502921434,-1.2146607185900842,0.2708994708994709,-0.2860634856942796
Husein Augar,UK,Eclairs,2022-08-30,1750.0,252.0,0.09901797938985919,-0.9896041809216781,0.5312169312169313,0.7517241960489772
Gigi Bohling,USA,Peanut Butter Cubes,2022-05-09,280.0,75.0,0.015508840145399633,-1.3320815208518613,0.15661375661375662,-0.7416775898742459
Wilone O'Kielt,USA,Smooth Sliky Salty,2022-01-18,504.0,87.0,0.028234042315983948,-1.2798944976244049,0.182010582010582,-0.6404300111675868
Curtice Advani,India,White Choc,2022-07-04,7154.0,342.0,0.4060134817552058,0.2694077544407097,0.7216931216931217,1.5110810363489213
Oby Sorrel,New Zealand,Spicy Special Slims,2022-06-03,1617.0,13.0,0.09146239060107476,-1.0205902259629804,0.025396825396825397,-1.2647900798586518
Beverie Moffet,New Zealand,Peanut Butter Cubes,2022-02-23,10822.0,30.0,0.6143886672985239,1.1239702597903096,0.061375661375661375,-1.121356010024218
Dotty Strutley,New Zealand,99% Dark & Pure,2022-05-09,10724.0,203.0,0.6088213913488933,1.1011384371282975,0.4275132275132275,0.3382965829967855
Kelci Walkden,India,70% Dark Bites,2022-06-06,3640.0,106.0,0.20638687270416436,-0.5492761724400139,0.2222222222222222,-0.48012134488204306
Kelci Walkden,India,Drinking Coco,2022-07-04,7532.0,234.0,0.42748726041806684,0.3574733561370425,0.4931216931216931,0.5998528279889884
Brien Boise,New Zealand,Drinking Coco,2022-06-06,1582.0,100.0,0.08947407776192096,-1.0287444483422705,0.20952380952380953,-0.5307451342353726
Dotty Strutley,Australia,Almond Choco,2022-05-13,1456.0,91.0,0.08231615154096729,-1.0580996489077148,0.19047619047619047,-0.606680818265367
Wilone O'Kielt,New Zealand,Organic Choco Syrup,2022-01-31,2016.0,277.0,0.11412915696742808,-0.9276320908390735,0.5841269841269842,0.9626566516878506
Ches Bonnell,New Zealand,Caramel Stuffed Bars,2022-06-30,7588.0,42.0,0.4306685609607129,0.3705201119439066,0.08677248677248678,-1.0201084313175588
Barr Faughny,Canada,Manuka Honey Choco,2022-08-25,3402.0,249.0,0.19286634539791853,-0.6047248846191865,0.5248677248677248,0.7264123013723125
Gigi Bohling,New Zealand,Smooth Sliky Salty,2022-01-10,700.0,97.0,0.039368594215245224,-1.2342308523003804,0.20317460317460317,-0.5560570289120375
Brien Boise,USA,Manuka Honey Choco,2022-08-22,1904.0,8.0,0.10776655588213592,-0.9537256024528017,0.014814814814814815,-1.3069765709864265
Roddy Speechley,New Zealand,85% Dark Bars,2022-04-14,4844.0,275.0,0.27478483437105505,-0.26877092259243535,0.5798941798941799,0.9457820552367407
Oby Sorrel,UK,Smooth Sliky Salty,2022-05-31,9625.0,313.0,0.546388368199464,0.845095854418589,0.6603174603174603,1.2663993878078281
Oby Sorrel,UK,Raspberry Choco,2022-04-08,4599.0,323.0,0.26086664449697844,-0.32585047924746585,0.6814814814814815,1.3507723700633776
Roddy Speechley,USA,Drinking Coco,2022-02-21,3003.0,155.0,0.1701995790315652,-0.6976830197430933,0.32592592592592595,-0.06669373182985129
Andria Kimpton,Australia,Manuka Honey Choco,2022-03-30,9744.0,377.0,0.5531486318525869,0.8728202105081753,0.7957671957671958,1.806386474243344
Mallorie Waber,India,Raspberry Choco,2022-03-02,1400.0,2.0,0.07913485099832121,-1.071146404714579,0.0021164021164021165,-1.3576003603397562
Jehu Rudeforth,USA,Orange Choco,2022-07-28,364.0,170.0,0.02028079095936875,-1.312511387141565,0.3576719576719577,0.059865741553472705
Kaine Padly,New Zealand,70% Dark Bites,2022-03-24,7231.0,38.0,0.41038777000134413,0.28734704367514785,0.07830687830687831,-1.0538576242197786
Curtice Advani,Australia,After Nines,2022-08-11,63.0,105.0,0.003181300542646079,-1.3826376996034597,0.2201058201058201,-0.48855864310759795
Husein Augar,UK,Almond Choco,2022-05-17,8309.0,166.0,0.47162780544728117,0.5384970929572822,0.3492063492063492,0.02611654865125297
Kaine Padly,Canada,Choco Coated Almonds,2022-05-18,3164.0,164.0,0.1793458180916727,-0.660173596798359,0.344973544973545,0.009241952200143105
Roddy Speechley,UK,Peanut Butter Cubes,2022-08-17,5691.0,171.0,0.32290200507857697,-0.0714387410136155,0.35978835978835977,0.06830303977902764
Ches Bonnell,New Zealand,Eclairs,2022-04-04,490.0,49.0,0.02743871718032243,-1.2831561865761207,0.10158730158730159,-0.9610473437386743
Brien Boise,India,85% Dark Bars,2022-08-09,17609.863750000004,205.0,1.0,2.7053917025852208,0.43174603174603177,0.3551711794478954
Brien Boise,New Zealand,Organic Choco Syrup,2022-01-17,637.0,313.0,0.035789631104768384,-1.2489084525831025,0.6603174603174603,1.2663993878078281
Andria Kimpton,Canada,White Choc,2022-02-14,4067.0,29.0,0.2306442893418407,-0.44979465941267505,0.05925925925925926,-1.1297933082497729
Gigi Bohling,New Zealand,Orange Choco,2022-05-16,8204.0,307.0,0.4656628669298198,0.5140344258194119,0.6476190476190476,1.2157755984544987
Ches Bonnell,Canada,Smooth Sliky Salty,2022-03-16,9870.0,121.0,0.5603065580735406,0.9021754110736195,0.25396825396825395,-0.35356187149871904
Husein Augar,Canada,70% Dark Bites,2022-01-31,5131.0,285.0,0.2910889996521162,-0.2019062990822567,0.6010582010582011,1.03015503749229
Barr Faughny,Canada,Organic Choco Syrup,2022-03-10,1141.0,205.0,0.06442133598858309,-1.1314876503213254,0.43174603174603177,0.3551711794478954
Oby Sorrel,UK,Organic Choco Syrup,2022-06-30,7980.0,157.0,0.45293766475923547,0.4618474025919555,0.33015873015873015,-0.04981913537874143
Van Tuxwell,New Zealand,Eclairs,2022-03-01,5229.0,182.0,0.29665627560174684,-0.17907447642024452,0.38306878306878306,0.16111332026013192
Mallorie Waber,UK,Drinking Coco,2022-05-27,3423.0,100.0,0.1940593331014108,-0.5998323511916125,0.20952380952380953,-0.5307451342353726
Oby Sorrel,UK,Milk Bars,2022-07-11,6468.0,223.0,0.3670425501077913,0.10958499580662419,0.46984126984126984,0.5070425475078841
Karlen McCaffrey,New Zealand,Mint Chip Choco,2022-03-02,4326.0,61.0,0.2453578043515788,-0.38945341380592846,0.12698412698412698,-0.859799765032015
Jehu Rudeforth,USA,Raspberry Choco,2022-03-04,7154.0,133.0,0.4060134817552058,0.2694077544407097,0.27936507936507937,-0.25231429279205986
Kelci Walkden,UK,85% Dark Bars,2022-06-23,3997.0,228.0,0.2266676636635331,-0.46610310417125517,0.4804232804232804,0.5492290386356589
Kelci Walkden,USA,Almond Choco,2022-01-27,5180.0,233.0,0.2938726376269315,-0.1904903877512506,0.491005291005291,0.5914155297634335
Marney O'Breen,Canada,Orange Choco,2022-01-14,2723.0,425.0,0.1542930763183348,-0.7629167987774139,0.8973544973544973,2.211376789069981
Dennison Crosswaite,India,Fruit & Nut Bars,2022-07-29,952.0,24.0,0.05368444665715258,-1.1755204511694919,0.04867724867724868,-1.1719797993775476
Brien Boise,Canada,Smooth Sliky Salty,2022-05-13,5691.0,473.5,0.32290200507857697,-0.0714387410136155,1.0,2.620585753009395
Barr Faughny,Canada,Baker's Choco Chips,2022-02-03,10969.0,170.0,0.6227395812229699,1.158217993783328,0.3576719576719577,0.059865741553472705
Brien Boise,India,Smooth Sliky Salty,2022-05-27,5964.0,26.0,0.33841084522397663,-0.007835806455152907,0.05291005291005291,-1.1551052029264377
Jan Morforth,Australia,Drinking Coco,2022-02-18,2821.0,24.0,0.15986035226796544,-0.7400849761154017,0.04867724867724868,-1.1719797993775476
Brien Boise,India,Spicy Special Slims,2022-01-28,1302.0,33.0,0.07356757504869058,-1.093978227376591,0.06772486772486773,-1.096044115347553
Van Tuxwell,UK,Eclairs,2022-06-29,5474.0,109.0,0.3105744654758234,-0.12199491976521397,0.22857142857142856,-0.4548094502053782
Wilone O'Kielt,India,Caramel Stuffed Bars,2022-01-13,4179.0,276.0,0.23700689042713285,-0.4237011477989468,0.582010582010582,0.9542193534622957
Jehu Rudeforth,UK,After Nines,2022-06-27,1946.0,164.0,0.11015253128912048,-0.9439405355976537,0.344973544973545,0.009241952200143105
Barr Faughny,Canada,White Choc,2022-03-29,4291.0,1.0,0.243369491512425,-0.39760763618521855,0.0,-1.3660376585653111
Gunar Cockshoot,India,Organic Choco Syrup,2022-06-03,7196.0,160.0,0.40839945716219034,0.27919282129585776,0.33650793650793653,-0.02450724070207663
Mallorie Waber,Canada,Smooth Sliky Salty,2022-03-21,1939.0,98.0,0.10975486872128971,-0.9455713800735117,0.2052910052910053,-0.5476197306864825
Mallorie Waber,India,Eclairs,2022-04-12,10437.0,46.0,0.5925172260678322,1.0342738136181189,0.09523809523809523,-0.986359238415339
Rafaelita Blaksland,Australia,Raspberry Choco,2022-01-19,6916.0,259.0,0.39249295444895993,0.21395904226153717,0.546031746031746,0.8107852836278617
Karlen McCaffrey,UK,50% Dark Bites,2022-04-06,3647.0,310.0,0.2067845352719951,-0.547645327964156,0.653968253968254,1.2410874931311633
Kaine Padly,Australia,50% Dark Bites,2022-08-02,8995.0,78.0,0.5105987370946956,0.6983198515913677,0.16296296296296298,-0.7163656951975812
Gigi Bohling,Australia,Eclairs,2022-04-12,7252.0,136.0,0.41158075770483643,0.2922395771027219,0.2857142857142857,-0.22700239811539502
Oby Sorrel,India,Drinking Coco,2022-07-21,16380.0,130.0,0.9301327461561473,2.418860773621574,0.273015873015873,-0.27762618746872464
Van Tuxwell,New Zealand,Baker's Choco Chips,2022-03-22,9660.0,24.0,0.5483766810386178,0.8532500767978791,0.04867724867724868,-1.1719797993775476
Husein Augar,India,Peanut Butter Cubes,2022-05-09,4522.0,5.0,0.2564923562508401,-0.34378976848190407,0.008465608465608466,-1.3322884656630913
Andria Kimpton,Australia,Baker's Choco Chips,2022-08-09,329.0,109.0,0.018292478120214953,-1.320665609520855,0.22857142857142856,-0.4548094502053782
Madelene Upcott,Canada,Choco Coated Almonds,2022-07-20,3458.0,294.0,0.1960476459405646,-0.5916781288123224,0.6201058201058202,1.1060907215222844
Brien Boise,India,70% Dark Bites,2022-04-14,4641.0,413.0,0.263252619903963,-0.3160654123923178,0.8719576719576719,2.1101292103633216
Jehu Rudeforth,Canada,White Choc,2022-01-25,4627.0,136.0,0.2624572947683015,-0.3193271013440338,0.2857142857142857,-0.22700239811539502
Andria Kimpton,Australia,Almond Choco,2022-04-25,3192.0,175.0,0.18093646836299573,-0.6536502188949269,0.3682539682539683,0.10205223268124737
Dotty Strutley,Canada,After Nines,2022-01-17,252.0,237.0,0.013918189874076593,-1.3386048987552934,0.49947089947089945,0.6251647226656533
Karlen McCaffrey,USA,Eclairs,2022-08-15,868.0,125.0,0.04891249584318346,-1.195090584879788,0.2624338624338624,-0.3198126785964993
Karlen McCaffrey,Canada,Fruit & Nut Bars,2022-06-02,210.0,16.0,0.011532214467092036,-1.3483899656104414,0.031746031746031744,-1.2394781851819872
Gunar Cockshoot,USA,85% Dark Bars,2022-06-30,7007.0,135.0,0.3976625678307598,0.23516002044769135,0.28359788359788357,-0.23543969634094997
Dotty Strutley,New Zealand,Raspberry Choco,2022-02-10,5845.0,91.0,0.3316505815708537,-0.03556016254473917,0.19047619047619047,-0.606680818265367
Marney O'Breen,Canada,Caramel Stuffed Bars,2022-02-23,1372.0,473.5,0.07754420072699816,-1.0776697826180108,1.0,2.620585753009395
Dennison Crosswaite,India,Organic Choco Syrup,2022-01-27,8428.0,216.0,0.4783880691004041,0.5662214490468684,0.455026455026455,0.4479814599289996
Camilla Castle,UK,Mint Chip Choco,2022-05-26,4977.0,317.0,0.2823404231598395,-0.23778487755113306,0.6687830687830688,1.300148580710048
Brien Boise,USA,70% Dark Bites,2022-04-14,1694.0,21.0,0.09583667884721311,-1.002650936728542,0.042328042328042326,-1.1972916940542124
Madelene Upcott,Australia,99% Dark & Pure,2022-08-01,4326.0,154.0,0.2453578043515788,-0.38945341380592846,0.3238095238095238,-0.07513103005540624
Mallorie Waber,Australia,Eclairs,2022-08-22,9527.0,222.0,0.5408210922498333,0.8222640317565768,0.4677248677248677,0.49860524928232924
Marney O'Breen,India,99% Dark & Pure,2022-07-22,10766.0,157.0,0.6112073667558778,1.1109235039834455,0.33015873015873015,-0.04981913537874143
Husein Augar,USA,Fruit & Nut Bars,2022-04-28,1288.0,27.0,0.07277224991302905,-1.097239916328307,0.05502645502645503,-1.1466679047008828
Kelci Walkden,Australia,Almond Choco,2022-05-30,4879.0,350.0,0.27677314721020885,-0.26061670021314526,0.7386243386243386,1.5785794221533607
Ches Bonnell,USA,Milk Bars,2022-07-21,2408.0,157.0,0.13639826076595063,-0.8363048001910246,0.33015873015873015,-0.04981913537874143
Jan Morforth,UK,Caramel Stuffed Bars,2022-08-02,3094.0,468.0,0.1753691924133651,-0.6764820415569391,0.9883597883597883,2.574180612768843
Brien Boise,New Zealand,70% Dark Bites,2022-06-15,7231.0,130.0,0.41038777000134413,0.28734704367514785,0.273015873015873,-0.27762618746872464
Oby Sorrel,India,85% Dark Bars,2022-07-05,8981.0,130.0,0.5098034119590341,0.6950581626396517,0.273015873015873,-0.27762618746872464
Kaine Padly,New Zealand,Smooth Sliky Salty,2022-04-12,7.0,473.5,0.0,-1.3956844554103238,1.0,2.620585753009395
Gigi Bohling,Australia,70% Dark Bites,2022-08-18,1372.0,105.0,0.07754420072699816,-1.0776697826180108,0.2201058201058201,-0.48855864310759795
Jan Morforth,UK,50% Dark Bites,2022-01-12,5250.0,293.0,0.2978492633052391,-0.17418194299267045,0.617989417989418,1.0976534232967294
Gunar Cockshoot,Canada,White Choc,2022-08-11,7560.0,15.0,0.4290779106893899,0.36399673404047456,0.02962962962962963,-1.2479154834075419
Jehu Rudeforth,Australia,Spicy Special Slims,2022-01-13,5012.0,384.0,0.2843287359989933,-0.22963065517184297,0.8105820105820106,1.8654475618222284
Husein Augar,UK,Baker's Choco Chips,2022-04-29,3038.0,135.0,0.172187891870719,-0.6895287973638032,0.28359788359788357,-0.23543969634094997
Rafaelita Blaksland,New Zealand,After Nines,2022-07-07,1099.0,92.0,0.06203536058159853,-1.1412727171764734,0.1925925925925926,-0.5982435200398121
Madelene Upcott,New Zealand,Mint Chip Choco,2022-03-11,7413.0,4.0,0.4207269967649439,0.3297490000474562,0.006349206349206349,-1.3407257638886463
Madelene Upcott,UK,70% Dark Bites,2022-02-16,5397.0,239.0,0.30620017722968507,-0.13993420899965214,0.5037037037037037,0.6420393191167632
Barr Faughny,Australia,Organic Choco Syrup,2022-01-07,2303.0,33.0,0.13043332224848922,-0.8607674673288949,0.06772486772486773,-1.096044115347553
Beverie Moffet,New Zealand,Drinking Coco,2022-01-12,1141.0,473.5,0.06442133598858309,-1.1314876503213254,1.0,2.620585753009395
Beverie Moffet,India,Eclairs,2022-06-09,10325.0,147.0,0.58615462498254,1.0081803020043907,0.308994708994709,-0.13419211763429076
Andria Kimpton,India,Eclairs,2022-05-16,2149.0,84.0,0.1216847457562125,-0.8966460457977712,0.17566137566137566,-0.6657419058442515
Gigi Bohling,UK,85% Dark Bars,2022-06-23,12362.0,94.0,0.7018744322212911,1.482756044479073,0.19682539682539682,-0.5813689235887023
Roddy Speechley,UK,Raspberry Choco,2022-01-28,12635.0,194.0,0.7173832723666907,1.5463589790375356,0.4084656084656085,0.2623608989667911
Dotty Strutley,UK,Mint Chip Choco,2022-07-14,2443.0,216.0,0.13838657360510442,-0.8281505778117346,0.455026455026455,0.4479814599289996
Barr Faughny,Canada,Drinking Coco,2022-04-18,6237.0,247.0,0.35391968536937624,0.055767128103309686,0.5206349206349207,0.7095377049212026
Oby Sorrel,USA,Milk Bars,2022-06-14,1736.0,79.0,0.09822265425419768,-0.9928658698733941,0.16507936507936508,-0.7079283969720263
Oby Sorrel,UK,Orange Choco,2022-04-15,7315.0,237.0,0.41515972081531327,0.30691717738544405,0.49947089947089945,0.6251647226656533
Curtice Advani,Canada,Peanut Butter Cubes,2022-05-19,4935.0,63.0,0.27995444775285494,-0.24756994440628113,0.1312169312169312,-0.8429251685809052
Gigi Bohling,India,White Choc,2022-04-13,1393.0,172.0,0.07873718843049045,-1.0727772491904368,0.3619047619047619,0.07674033800458258
Husein Augar,Canada,Choco Coated Almonds,2022-08-15,3381.0,408.0,0.19167335769442623,-0.6096174180467605,0.8613756613756614,2.067942719235547
Wilone O'Kielt,India,Choco Coated Almonds,2022-08-22,2933.0,233.0,0.1662229533532576,-0.7139914645016735,0.491005291005291,0.5914155297634335
Wilone O'Kielt,New Zealand,Baker's Choco Chips,2022-04-22,3836.0,59.0,0.21752142460342563,-0.5036125271159896,0.12275132275132275,-0.8766743614831249
Kaine Padly,UK,Choco Coated Almonds,2022-08-03,8022.0,123.0,0.45532364016622,0.4716324694471036,0.2582010582010582,-0.33668727504760915
Dennison Crosswaite,New Zealand,Organic Choco Syrup,2022-01-04,371.0,229.0,0.020678453527199513,-1.310880542665707,0.48253968253968255,0.5576663368612138
Kelci Walkden,Canada,After Nines,2022-01-13,16702.0,198.0,0.9484252242763622,2.4938796195110426,0.41693121693121693,0.2961100918690108
Van Tuxwell,Australia,Baker's Choco Chips,2022-05-11,13258.0,32.0,0.7527752409036284,1.691504137388899,0.0656084656084656,-1.104481413573108
Husein Augar,New Zealand,Peanut Butter Cubes,2022-02-16,2058.0,236.0,0.11651513237441263,-0.9178470239839254,0.4973544973544973,0.6167274244400983
Kaine Padly,UK,Caramel Stuffed Bars,2022-05-20,10192.0,67.0,0.5785990361937555,0.9771942569630883,0.13968253968253969,-0.8091759756786855
Jehu Rudeforth,UK,Drinking Coco,2022-02-03,7140.0,438.0,0.40521815661954425,0.26614606548899367,0.9248677248677248,2.321061666002195
Beverie Moffet,India,Manuka Honey Choco,2022-05-06,9835.0,167.0,0.5583182452343868,0.8940211886943296,0.3513227513227513,0.0345538468768079
Gunar Cockshoot,UK,Choco Coated Almonds,2022-06-30,5775.0,135.0,0.3276739558925461,-0.05186860730331932,0.28359788359788357,-0.23543969634094997
Gunar Cockshoot,UK,Smooth Sliky Salty,2022-03-22,749.0,148.0,0.04215223219006054,-1.2228149409693743,0.3111111111111111,-0.12575481940873584
Camilla Castle,Canada,Orange Choco,2022-02-17,7770.0,54.0,0.44100778772431265,0.41292206831621503,0.11216931216931217,-0.9188608526108996
Jehu Rudeforth,UK,85% Dark Bars,2022-07-07,5502.0,64.0,0.31216511574714645,-0.1154715418617819,0.13333333333333333,-0.8344878703553502
Oby Sorrel,UK,70% Dark Bites,2022-03-16,6223.0,181.0,0.35312436023371474,0.052505439151593655,0.38095238095238093,0.15267602203457697
Kelci Walkden,UK,99% Dark & Pure,2022-08-12,3507.0,114.0,0.1988312839153799,-0.5802622174813162,0.23915343915343915,-0.41262295907760355
Gigi Bohling,New Zealand,After Nines,2022-01-21,5600.0,181.0,0.3177323916967771,-0.0926397191997697,0.38095238095238093,0.15267602203457697
Oby Sorrel,Australia,50% Dark Bites,2022-05-06,721.0,151.0,0.0405615819187375,-1.2293383188728064,0.31746031746031744,-0.10044292473207103
Oby Sorrel,Canada,50% Dark Bites,2022-06-24,6615.0,137.0,0.3753934640322373,0.1438327297996425,0.2878306878306878,-0.2185650998898401
Barr Faughny,USA,White Choc,2022-05-05,7420.0,163.0,0.42112465933277465,0.33137984452331426,0.34285714285714286,0.0008046539745881715
Rafaelita Blaksland,New Zealand,99% Dark & Pure,2022-03-25,3164.0,84.0,0.1793458180916727,-0.660173596798359,0.17566137566137566,-0.6657419058442515
Curtice Advani,Australia,Caramel Stuffed Bars,2022-02-14,9114.0,140.0,0.5173590007478185,0.7260442076809539,0.29417989417989415,-0.1932532052131753
Curtice Advani,New Zealand,85% Dark Bars,2022-05-12,5404.0,187.0,0.3065978397975158,-0.13830336452379413,0.39365079365079364,0.20329981138790656
Barr Faughny,New Zealand,Smooth Sliky Salty,2022-01-25,3990.0,169.0,0.22627000109570233,-0.4677339486471132,0.35555555555555557,0.051428443327917774
Ches Bonnell,UK,85% Dark Bars,2022-06-28,14924.0,12.0,0.8474189320473492,2.0796451226431065,0.02328042328042328,-1.2732273780842067
Dennison Crosswaite,Australia,Drinking Coco,2022-07-13,7091.0,194.0,0.40243451864472896,0.25473015415798755,0.4084656084656085,0.2623608989667911
Roddy Speechley,USA,Milk Bars,2022-05-16,2807.0,252.0,0.15906502713230394,-0.7433466650671178,0.5312169312169313,0.7517241960489772
Jan Morforth,India,After Nines,2022-03-14,6496.0,168.0,0.36863320037911435,0.11610837371005625,0.35343915343915344,0.04299114510236284
Gunar Cockshoot,USA,After Nines,2022-08-15,3738.0,261.0,0.211954148653795,-0.5264443497780017,0.5502645502645502,0.8276598800789716
Ches Bonnell,India,Orange Choco,2022-02-16,1190.0,256.0,0.06720497396339842,-1.1200717389903192,0.5396825396825397,0.785473388951197
Mallorie Waber,UK,Manuka Honey Choco,2022-06-15,8379.0,43.0,0.47560443112558876,0.5548055377158624,0.08888888888888889,-1.0116711330920038
Barr Faughny,Australia,Raspberry Choco,2022-05-27,9268.0,100.0,0.5261075772400953,0.7619227861498303,0.20952380952380953,-0.5307451342353726
Wilone O'Kielt,USA,Drinking Coco,2022-06-14,1029.0,98.0,0.058058734903290936,-1.1575811619350536,0.2052910052910053,-0.5476197306864825
Wilone O'Kielt,India,Eclairs,2022-02-25,3549.0,76.0,0.20121725932236448,-0.5704771506261682,0.15873015873015872,-0.7332402916486911
Wilone O'Kielt,India,After Nines,2022-08-04,12026.0,262.0,0.6827866289654146,1.4044755096378883,0.5523809523809524,0.8360971783045266
Kelci Walkden,India,99% Dark & Pure,2022-06-28,2303.0,244.0,0.13043332224848922,-0.8607674673288949,0.5142857142857142,0.6842258102445378
Gunar Cockshoot,Canada,Spicy Special Slims,2022-04-05,13405.0,12.0,0.7611261548280743,1.7257518713819173,0.02328042328042328,-1.2732273780842067
Madelene Upcott,Canada,Peanut Butter Cubes,2022-07-05,14763.0,113.0,0.8382726929872417,2.042135699698372,0.23703703703703705,-0.4210602573031585
Kaine Padly,New Zealand,Eclairs,2022-01-20,12894.0,48.0,0.7320967873764288,1.606700224644282,0.09947089947089947,-0.9694846419642292
Ches Bonnell,New Zealand,Drinking Coco,2022-02-16,8302.0,131.0,0.4712301428794504,0.5368662484814242,0.2751322751322751,-0.2691888892431697
Curtice Advani,UK,Drinking Coco,2022-07-12,455.0,174.0,0.02545040434116863,-1.2913104089554108,0.36613756613756615,0.09361493445569244
Kelci Walkden,India,Raspberry Choco,2022-06-16,8183.0,254.0,0.4644698792263275,0.5091418923918379,0.5354497354497354,0.7685987925000871
Dotty Strutley,Australia,Choco Coated Almonds,2022-04-13,1645.0,284.0,0.0930530408723978,-1.0140668480595483,0.5989417989417989,1.0217177392667351
Kaine Padly,UK,50% Dark Bites,2022-02-21,3143.0,67.0,0.17815283038818042,-0.6650661302259331,0.13968253968253969,-0.8091759756786855
Roddy Speechley,Canada,Choco Coated Almonds,2022-05-11,5873.0,249.0,0.33324123184217674,-0.029036784641307108,0.5248677248677248,0.7264123013723125
Ches Bonnell,India,50% Dark Bites,2022-04-15,11298.0,313.0,0.6414297219110157,1.2348676841486548,0.6603174603174603,1.2663993878078281
Oby Sorrel,Canada,Peanut Butter Cubes,2022-06-07,12425.0,167.0,0.705453395331768,1.497433644761795,0.3513227513227513,0.0345538468768079
Oby Sorrel,UK,White Choc,2022-06-27,1715.0,286.0,0.0970296665507054,-0.9977584033009681,0.6031746031746031,1.038592335717845
Barr Faughny,India,After Nines,2022-07-29,8190.0,109.0,0.46486754179415823,0.510772736867696,0.22857142857142856,-0.4548094502053782
Wilone O'Kielt,Canada,Smooth Sliky Salty,2022-06-02,4991.0,166.0,0.283135748295501,-0.23452318859941704,0.3492063492063492,0.02611654865125297
Rafaelita Blaksland,India,Mint Chip Choco,2022-01-26,15491.0,85.0,0.8796296000416407,2.2117435251876056,0.17777777777777778,-0.6573046076186967
Rafaelita Blaksland,Canada,99% Dark & Pure,2022-03-02,5096.0,142.0,0.2891006868129624,-0.2100605214615468,0.2984126984126984,-0.17637860876206543
Van Tuxwell,Australia,70% Dark Bites,2022-01-10,7063.0,104.0,0.4008438683734059,0.24820677625455548,0.21798941798941798,-0.4969959413331529
Beverie Moffet,USA,70% Dark Bites,2022-06-27,2275.0,115.0,0.12884267197716617,-0.8672908452323269,0.24126984126984127,-0.40418566085204866
Barr Faughny,Canada,Orange Choco,2022-06-30,7602.0,18.0,0.4314638860963744,0.37378180089562263,0.03597883597883598,-1.2226035887308773
Roddy Speechley,Australia,85% Dark Bars,2022-07-08,4200.0,80.0,0.23819987813062513,-0.41880861437137273,0.1671957671957672,-0.6994910987464713
Oby Sorrel,India,Spicy Special Slims,2022-06-08,11137.0,88.0,0.6322834828509082,1.1973582612039204,0.18412698412698414,-0.6319927129420319
Jan Morforth,UK,Manuka Honey Choco,2022-08-18,3388.0,212.0,0.192071020262257,-0.6079865735709025,0.44656084656084655,0.4142322670267799
Kaine Padly,Australia,After Nines,2022-04-08,6832.0,306.0,0.38772100363499085,0.19438890855124097,0.6455026455026455,1.2073383002289437
Wilone O'Kielt,Canada,Fruit & Nut Bars,2022-08-08,3437.0,181.0,0.19485465823707232,-0.5965706622398964,0.38095238095238093,0.15267602203457697
Wilone O'Kielt,UK,Milk Bars,2022-08-26,301.0,65.0,0.016701827848891914,-1.3271889874242873,0.13544973544973546,-0.8260505721297953
Oby Sorrel,Canada,Fruit & Nut Bars,2022-01-14,1869.0,158.0,0.10577824304298211,-0.9618798248320918,0.3322751322751323,-0.041381837153186496
Dennison Crosswaite,USA,Baker's Choco Chips,2022-08-11,17465.0,271.0,0.991770444169915,2.671641667379566,0.5714285714285714,0.912032862334521
Madelene Upcott,USA,Almond Choco,2022-05-31,10143.0,24.0,0.5758153982189402,0.9657783456320822,0.04867724867724868,-1.1719797993775476
Van Tuxwell,New Zealand,50% Dark Bites,2022-07-11,3626.0,10.0,0.20559154756850284,-0.55253786139173,0.01904761904761905,-1.2901019745353166
Karlen McCaffrey,Canada,Caramel Stuffed Bars,2022-03-02,3346.0,304.0,0.18968504485527243,-0.6177716404260506,0.6412698412698413,1.1904637037778338
Madelene Upcott,Australia,Raspberry Choco,2022-07-13,6321.0,88.0,0.3586916361833454,0.07533726181360587,0.18412698412698414,-0.6319927129420319
Rafaelita Blaksland,UK,Spicy Special Slims,2022-08-03,9345.0,133.0,0.5304818654862337,0.7798620753842684,0.27936507936507937,-0.25231429279205986
Curtice Advani,UK,Peanut Butter Cubes,2022-03-01,15008.0,165.0,0.8521908828613183,2.0992152563534026,0.3470899470899471,0.01767925042569804
Kelci Walkden,New Zealand,White Choc,2022-04-13,7609.0,150.0,0.4318615486642052,0.37541264537148067,0.31534391534391537,-0.10888022295762596
Beverie Moffet,Canada,Fruit & Nut Bars,2022-02-14,10332.0,180.0,0.5865522875503707,1.0098111464802486,0.37883597883597886,0.14423872380902203
Mallorie Waber,India,White Choc,2022-07-26,819.0,213.0,0.046128857868368144,-1.206506496210794,0.4486772486772487,0.42266956525233484
Brien Boise,UK,Drinking Coco,2022-01-27,5754.0,133.0,0.3264809681890538,-0.05676114073089337,0.27936507936507937,-0.25231429279205986
Jehu Rudeforth,India,Peanut Butter Cubes,2022-04-14,28.0,446.0,0.0011929877034922796,-1.3907919219827498,0.9417989417989417,2.3885600518066346
Oby Sorrel,USA,Almond Choco,2022-05-19,6440.0,141.0,0.3654518998364683,0.10306161790319213,0.2962962962962963,-0.18481590698762038
Husein Augar,India,Eclairs,2022-02-09,4956.0,58.0,0.2811474354563472,-0.2426774109787071,0.12063492063492064,-0.8851116597086799
Brien Boise,UK,Spicy Special Slims,2022-05-25,2352.0,58.0,0.13321696022330454,-0.8493515559978888,0.12063492063492064,-0.8851116597086799
Oby Sorrel,Australia,Manuka Honey Choco,2022-01-26,3906.0,76.0,0.22149805028173322,-0.4873040823574094,0.15873015873015872,-0.7332402916486911
Beverie Moffet,India,White Choc,2022-07-04,1813.0,296.0,0.10259694250033603,-0.974926580638956,0.6243386243386243,1.1229653179733943
Ches Bonnell,India,Almond Choco,2022-04-13,11788.0,73.0,0.6692661016591688,1.3490267974587158,0.1523809523809524,-0.7585521863253558
Gigi Bohling,Australia,Smooth Sliky Salty,2022-01-25,5768.0,119.0,0.32727629332471536,-0.05349945177917734,0.24973544973544973,-0.3704364679498289
Camilla Castle,USA,85% Dark Bars,2022-04-25,2401.0,78.0,0.13600059819811985,-0.8379356446668826,0.16296296296296298,-0.7163656951975812
Camilla Castle,USA,Eclairs,2022-06-10,4515.0,392.0,0.25609469368300936,-0.34542061295776205,0.8275132275132275,1.932945947626668
Madelene Upcott,New Zealand,White Choc,2022-08-22,10794.0,51.0,0.6127980170272009,1.1174468818868777,0.10582010582010581,-0.9441727472875644
Van Tuxwell,India,After Nines,2022-06-27,13706.0,207.0,0.778225645244797,1.795878183843812,0.43597883597883597,0.3720457758990052
Husein Augar,India,Orange Choco,2022-06-30,4361.0,40.0,0.24734611719073263,-0.3812991914266384,0.08253968253968254,-1.0369830277686687
Jehu Rudeforth,India,Almond Choco,2022-08-30,10122.0,100.0,0.5746224105154479,0.9608858122045081,0.20952380952380953,-0.5307451342353726
Karlen McCaffrey,Australia,Raspberry Choco,2022-08-23,994.0,57.0,0.056070422064137135,-1.1657353843143436,0.11851851851851852,-0.8935489579342347
Camilla Castle,New Zealand,99% Dark & Pure,2022-08-26,2268.0,42.0,0.12844500940933543,-0.868921689708185,0.08677248677248678,-1.0201084313175588
Gigi Bohling,Australia,Orange Choco,2022-03-09,574.0,156.0,0.03221066799429154,-1.2635860528658247,0.328042328042328,-0.058256433604296366
Kelci Walkden,UK,Drinking Coco,2022-04-20,1792.0,23.0,0.10140395479684376,-0.97981911406653,0.04656084656084656,-1.1804170976031025
Mallorie Waber,Canada,Caramel Stuffed Bars,2022-06-10,4844.0,473.5,0.27478483437105505,-0.26877092259243535,1.0,2.620585753009395
Husein Augar,Australia,Organic Choco Syrup,2022-02-08,938.0,158.0,0.052889121521491056,-1.1787821401212077,0.3322751322751323,-0.041381837153186496
Brien Boise,Australia,White Choc,2022-08-25,4879.0,22.0,0.27677314721020885,-0.26061670021314526,0.044444444444444446,-1.1888543958286575
Dotty Strutley,India,Peanut Butter Cubes,2022-02-16,9107.0,73.0,0.5169613381799878,0.724413363205096,0.1523809523809524,-0.7585521863253558
Dennison Crosswaite,UK,99% Dark & Pure,2022-05-30,12187.0,27.0,0.6919328680255221,1.4419849325826226,0.05502645502645503,-1.1466679047008828
Gigi Bohling,New Zealand,50% Dark Bites,2022-06-29,5670.0,64.0,0.3217090173750847,-0.07633127444118955,0.13333333333333333,-0.8344878703553502
Gigi Bohling,USA,Milk Bars,2022-06-16,476.0,133.0,0.02664339204466091,-1.2864178755278368,0.27936507936507937,-0.25231429279205986
Brien Boise,UK,Caramel Stuffed Bars,2022-03-04,2681.0,149.0,0.15190710091135026,-0.772701865632562,0.31322751322751324,-0.1173175211831809
Curtice Advani,New Zealand,Peanut Butter Cubes,2022-03-15,1533.0,434.0,0.08669043978710564,-1.0401603596732765,0.9164021164021164,2.287312473099975
Curtice Advani,New Zealand,50% Dark Bites,2022-01-27,9765.0,85.0,0.5543416195560792,0.8777127439357494,0.17777777777777778,-0.6573046076186967
Beverie Moffet,Canada,Drinking Coco,2022-07-05,994.0,118.0,0.056070422064137135,-1.1657353843143436,0.24761904761904763,-0.3788737661753838
Barr Faughny,USA,Caramel Stuffed Bars,2022-03-29,3318.0,299.0,0.1880943945839494,-0.6242950183294826,0.6306878306878307,1.148277212650059
Mallorie Waber,Canada,Almond Choco,2022-05-12,4214.0,35.0,0.23899520326628665,-0.4155469254196567,0.07195767195767196,-1.0791695188964434
Oby Sorrel,USA,Drinking Coco,2022-03-11,7714.0,44.0,0.43782648718166656,0.3998753125093509,0.091005291005291,-1.003233834866449
Brien Boise,New Zealand,Eclairs,2022-07-11,4690.0,299.0,0.2660362578787783,-0.30464950106131167,0.6306878306878307,1.148277212650059
Gunar Cockshoot,New Zealand,Choco Coated Almonds,2022-08-01,13062.0,62.0,0.7416406890043671,1.6458404920648746,0.1291005291005291,-0.8513624668064601
Gunar Cockshoot,UK,Spicy Special Slims,2022-02-16,12488.0,200.0,0.7090323584422448,1.5121112450445173,0.4211640211640212,0.3129846883201207
Curtice Advani,USA,After Nines,2022-04-13,14147.0,235.0,0.8032783870181348,1.8986213858228669,0.49523809523809526,0.6082901262145434
Oby Sorrel,India,Choco Coated Almonds,2022-02-14,49.0,363.0,0.002385975406984559,-1.3858993885551758,0.7661375661375661,1.688264299085575
Ches Bonnell,Australia,Peanut Butter Cubes,2022-03-14,10199.0,68.0,0.5789966987615863,0.9788251014389463,0.14179894179894179,-0.8007386774531305
Oby Sorrel,Australia,Spicy Special Slims,2022-04-26,11389.0,26.0,0.6465993352928154,1.256068662334809,0.05291005291005291,-1.1551052029264377
Jehu Rudeforth,Canada,Manuka Honey Choco,2022-04-05,3584.0,200.0,0.20320557216151827,-0.5623229282468781,0.4211640211640212,0.3129846883201207
Camilla Castle,Canada,Drinking Coco,2022-03-03,12481.0,264.0,0.708634695874414,1.5104804005686592,0.5566137566137566,0.8529717747556365
Kaine Padly,USA,Spicy Special Slims,2022-06-13,2107.0,175.0,0.11929877034922795,-0.9064311126529193,0.3682539682539683,0.10205223268124737
Marney O'Breen,New Zealand,70% Dark Bites,2022-02-14,8603.0,352.0,0.48832963329617307,0.6069925609433189,0.7428571428571429,1.5954540186044706
Roddy Speechley,New Zealand,99% Dark & Pure,2022-04-18,7483.0,183.0,0.4247036224432515,0.3460574448060364,0.3851851851851852,0.16955061848568684
Oby Sorrel,New Zealand,85% Dark Bars,2022-02-01,3381.0,417.0,0.19167335769442623,-0.6096174180467605,0.8804232804232804,2.1438784032655414
Dotty Strutley,New Zealand,Orange Choco,2022-08-04,2030.0,146.0,0.11492448210308959,-0.9243704018873574,0.30687830687830686,-0.1426294158598457
Andria Kimpton,New Zealand,Almond Choco,2022-04-05,6559.0,158.0,0.3722121634895912,0.1307859739927784,0.3322751322751323,-0.041381837153186496
Karlen McCaffrey,Australia,99% Dark & Pure,2022-01-26,10822.0,168.0,0.6143886672985239,1.1239702597903096,0.35343915343915344,0.04299114510236284
Kaine Padly,UK,After Nines,2022-01-21,17609.863750000004,176.0,1.0,2.7053917025852208,0.37037037037037035,0.1104895309068023
Kaine Padly,Canada,After Nines,2022-08-22,5845.0,172.0,0.3316505815708537,-0.03556016254473917,0.3619047619047619,0.07674033800458258
Kaine Padly,UK,Drinking Coco,2022-01-27,2317.0,224.0,0.13122864738415074,-0.8575057783771789,0.47195767195767196,0.5154798457334391
Rafaelita Blaksland,UK,50% Dark Bites,2022-02-16,10150.0,68.0,0.576213060786771,0.9674091901079402,0.14179894179894179,-0.8007386774531305
Dotty Strutley,USA,Raspberry Choco,2022-01-03,3437.0,46.0,0.19485465823707232,-0.5965706622398964,0.09523809523809523,-0.986359238415339
Karlen McCaffrey,USA,White Choc,2022-08-24,4592.0,2.0,0.2604689819291477,-0.3274813237233239,0.0021164021164021165,-1.3576003603397562
Oby Sorrel,USA,Spicy Special Slims,2022-02-07,5691.0,417.0,0.32290200507857697,-0.0714387410136155,0.8804232804232804,2.1438784032655414
Mallorie Waber,Australia,Smooth Sliky Salty,2022-02-11,4158.0,109.0,0.23581390272364058,-0.42859368122652086,0.22857142857142856,-0.4548094502053782
Kaine Padly,Canada,Organic Choco Syrup,2022-03-29,5684.0,81.0,0.3225043425107462,-0.07306958548947352,0.1693121693121693,-0.6910538005209164
Marney O'Breen,USA,Peanut Butter Cubes,2022-06-15,693.0,350.0,0.03897093164741446,-1.2358616967762384,0.7386243386243386,1.5785794221533607
Dennison Crosswaite,UK,Smooth Sliky Salty,2022-04-26,546.0,142.0,0.030620017722968507,-1.2701094307692566,0.2984126984126984,-0.17637860876206543
Brien Boise,Australia,Organic Choco Syrup,2022-07-15,4263.0,264.0,0.24177884124110197,-0.4041310140886506,0.5566137566137566,0.8529717747556365
Beverie Moffet,India,Organic Choco Syrup,2022-06-23,1036.0,20.0,0.0584563974711217,-1.1559503174591956,0.04021164021164021,-1.2057289922797674
Dennison Crosswaite,Australia,Baker's Choco Chips,2022-01-11,13846.0,421.0,0.7861788966014122,1.8284950733609722,0.8888888888888888,2.177627596167761
Beverie Moffet,UK,50% Dark Bites,2022-02-09,2499.0,271.0,0.1415678741477505,-0.8151038220048704,0.5714285714285714,0.912032862334521
Van Tuxwell,UK,Almond Choco,2022-06-06,10689.0,204.0,0.6068330785097396,1.0929842147490074,0.42962962962962964,0.34673388122234045
Dotty Strutley,UK,Caramel Stuffed Bars,2022-08-10,5768.0,235.0,0.32727629332471536,-0.05349945177917734,0.49523809523809526,0.6082901262145434
Wilone O'Kielt,Australia,Smooth Sliky Salty,2022-01-04,2226.0,46.0,0.12605903400235086,-0.8787067565633331,0.09523809523809523,-0.986359238415339
Andria Kimpton,Canada,70% Dark Bites,2022-04-08,10262.0,15.0,0.5825756618720631,0.9935027017216684,0.02962962962962963,-1.2479154834075419
Barr Faughny,UK,Milk Bars,2022-03-02,3864.0,430.0,0.21911207487474868,-0.4970891492125575,0.9079365079365079,2.2535632801977554
Van Tuxwell,Canada,Drinking Coco,2022-06-15,4900.0,473.5,0.27796613491370115,-0.25572416678557125,1.0,2.620585753009395
Jehu Rudeforth,Australia,After Nines,2022-02-14,5250.0,47.0,0.2978492633052391,-0.17418194299267045,0.09735449735449736,-0.9779219401897841
Husein Augar,UK,After Nines,2022-07-05,3507.0,380.0,0.1988312839153799,-0.5802622174813162,0.8021164021164021,1.8316983689200088
Barr Faughny,India,Mint Chip Choco,2022-01-12,7413.0,465.0,0.4207269967649439,0.3297490000474562,0.982010582010582,2.5488687180921783
Curtice Advani,India,Mint Chip Choco,2022-03-03,8155.0,96.0,0.46287922895500444,0.5026185144884059,0.20105820105820105,-0.5644943271375924
Jehu Rudeforth,New Zealand,Milk Bars,2022-05-18,2478.0,188.0,0.14037488644425822,-0.8199963554324445,0.39576719576719577,0.2117371096134615
Gunar Cockshoot,India,Caramel Stuffed Bars,2022-07-28,2471.0,202.0,0.13997722387642747,-0.8216271999083025,0.4253968253968254,0.32985928477123055
Curtice Advani,UK,Manuka Honey Choco,2022-02-07,1666.0,106.0,0.09424602857589008,-1.0091743146319743,0.2222222222222222,-0.48012134488204306
Andria Kimpton,India,Orange Choco,2022-05-30,301.0,421.0,0.016701827848891914,-1.3271889874242873,0.8888888888888888,2.177627596167761
Mallorie Waber,Australia,Raspberry Choco,2022-04-25,8400.0,27.0,0.47679741882908105,0.5596980711434364,0.05502645502645503,-1.1466679047008828
Beverie Moffet,Canada,85% Dark Bars,2022-02-16,6139.0,45.0,0.3483524094197456,0.032935305441297476,0.09312169312169312,-0.994796536640894
Kelci Walkden,Australia,Drinking Coco,2022-05-04,1288.0,60.0,0.07277224991302905,-1.097239916328307,0.12486772486772486,-0.86823706325757
Van Tuxwell,Canada,70% Dark Bites,2022-06-02,7077.0,77.0,0.4016391935090674,0.25146846520627153,0.16084656084656085,-0.7248029934231361
Dennison Crosswaite,USA,Caramel Stuffed Bars,2022-07-11,2317.0,464.0,0.13122864738415074,-0.8575057783771789,0.9798941798941799,2.540431419866623
Beverie Moffet,New Zealand,Spicy Special Slims,2022-06-07,63.0,60.0,0.003181300542646079,-1.3826376996034597,0.12486772486772486,-0.86823706325757
Jan Morforth,UK,Almond Choco,2022-07-06,9744.0,157.0,0.5531486318525869,0.8728202105081753,0.33015873015873015,-0.04981913537874143
Husein Augar,India,Raspberry Choco,2022-06-15,9954.0,154.0,0.5650785088875098,0.9217455447839158,0.3238095238095238,-0.07513103005540624
Dotty Strutley,India,Mint Chip Choco,2022-04-14,1260.0,239.0,0.071181599641706,-1.1037632942317392,0.5037037037037037,0.6420393191167632
Camilla Castle,India,Drinking Coco,2022-08-08,469.0,163.0,0.026245729476830147,-1.288048720003695,0.34285714285714286,0.0008046539745881715
Marney O'Breen,UK,Drinking Coco,2022-03-29,973.0,28.0,0.05487743436064486,-1.1706279177419177,0.05714285714285714,-1.1382306064753278
Roddy Speechley,Australia,Organic Choco Syrup,2022-07-04,3647.0,76.0,0.2067845352719951,-0.547645327964156,0.15873015873015872,-0.7332402916486911
Ches Bonnell,India,99% Dark & Pure,2022-02-16,455.0,96.0,0.02545040434116863,-1.2913104089554108,0.20105820105820105,-0.5644943271375924
Rafaelita Blaksland,Canada,Spicy Special Slims,2022-05-02,2520.0,156.0,0.1427608618512428,-0.8102112885772964,0.328042328042328,-0.058256433604296366
Van Tuxwell,India,Eclairs,2022-07-21,10500.0,106.0,0.596096189178309,1.048951413900841,0.2222222222222222,-0.48012134488204306
Gunar Cockshoot,Australia,99% Dark & Pure,2022-08-18,7952.0,235.0,0.4513470144879124,0.4553240246885234,0.49523809523809526,0.6082901262145434
Kaine Padly,USA,85% Dark Bars,2022-06-22,483.0,259.0,0.027041054612491667,-1.284787031051979,0.546031746031746,0.8107852836278617
Camilla Castle,UK,Peanut Butter Cubes,2022-07-19,4872.0,126.0,0.2763754846423781,-0.2622475446890033,0.26455026455026454,-0.31137538037094437
Madelene Upcott,UK,Peanut Butter Cubes,2022-08-12,7756.0,85.0,0.44021246258865115,0.409660379364499,0.17777777777777778,-0.6573046076186967
Madelene Upcott,USA,Choco Coated Almonds,2022-06-07,5446.0,132.0,0.3089838152045004,-0.12851829766864603,0.27724867724867724,-0.26075159101761475
Marney O'Breen,Canada,Peanut Butter Cubes,2022-03-08,6594.0,91.0,0.374200476328745,0.13894019637206848,0.19047619047619047,-0.606680818265367
Ches Bonnell,Australia,Choco Coated Almonds,2022-04-08,1470.0,167.0,0.0831114766766288,-1.0548379599559987,0.3513227513227513,0.0345538468768079
Curtice Advani,Canada,Eclairs,2022-05-06,721.0,203.0,0.0405615819187375,-1.2293383188728064,0.4275132275132275,0.3382965829967855
Roddy Speechley,India,Drinking Coco,2022-05-31,4494.0,11.0,0.25490170597951706,-0.3503131463853361,0.021164021164021163,-1.2816646763097617
Van Tuxwell,Australia,Mint Chip Choco,2022-01-13,2674.0,295.0,0.1515094383435195,-0.7743327101084201,0.6222222222222222,1.1145280197478393
Dennison Crosswaite,USA,70% Dark Bites,2022-03-15,658.0,77.0,0.03698261880826066,-1.2440159191555284,0.16084656084656085,-0.7248029934231361
Andria Kimpton,Canada,Peanut Butter Cubes,2022-02-16,1127.0,319.0,0.06362601085292158,-1.1347493392730414,0.6730158730158731,1.3170231771611578
Gigi Bohling,USA,70% Dark Bites,2022-01-14,7364.0,196.0,0.41794335879012856,0.31833308871645016,0.4126984126984127,0.279235495417901
Rafaelita Blaksland,Australia,White Choc,2022-03-21,6818.0,102.0,0.3869256784993293,0.19112721959952494,0.21375661375661376,-0.5138705377842627
Roddy Speechley,Canada,Drinking Coco,2022-05-17,6776.0,312.0,0.38453970309234475,0.18134215274437687,0.6582010582010582,1.2579620895822732
Camilla Castle,New Zealand,85% Dark Bars,2022-08-08,15099.0,55.0,0.8573604962431182,2.120416234539557,0.11428571428571428,-0.9104235543853446
Madelene Upcott,Canada,Milk Bars,2022-04-26,3612.0,82.0,0.20479622243284132,-0.5557995503434461,0.17142857142857143,-0.6826165022953614
Madelene Upcott,Australia,70% Dark Bites,2022-04-15,3710.0,260.0,0.21036349838247195,-0.5329677276814339,0.5481481481481482,0.8192225818534167
Oby Sorrel,Canada,Eclairs,2022-05-19,6111.0,473.5,0.34676175914842255,0.02641192753786541,1.0,2.620585753009395
Dennison Crosswaite,Canada,Drinking Coco,2022-01-10,2702.0,24.0,0.15310008861484253,-0.767809332204988,0.04867724867724868,-1.1719797993775476
Mallorie Waber,New Zealand,After Nines,2022-05-04,483.0,228.0,0.027041054612491667,-1.284787031051979,0.4804232804232804,0.5492290386356589
Roddy Speechley,Canada,White Choc,2022-04-05,5887.0,268.0,0.33403655697783824,-0.025775095689591077,0.5650793650793651,0.8867209676578562
Andria Kimpton,India,After Nines,2022-01-17,952.0,68.0,0.05368444665715258,-1.1755204511694919,0.14179894179894179,-0.8007386774531305
Roddy Speechley,India,Spicy Special Slims,2022-03-22,10647.0,173.0,0.604447103102755,1.0831991478938592,0.364021164021164,0.08517763623013751
Dotty Strutley,Australia,White Choc,2022-07-05,6055.0,93.0,0.3435804586057765,0.01336517173100129,0.19470899470899472,-0.5898062218142571
Oby Sorrel,Canada,Orange Choco,2022-04-27,8757.0,338.0,0.4970782097884498,0.6428711394121952,0.7132275132275132,1.4773318434467015
Kaine Padly,Canada,Almond Choco,2022-08-12,6055.0,73.0,0.3435804586057765,0.01336517173100129,0.1523809523809524,-0.7585521863253558
Jan Morforth,UK,Baker's Choco Chips,2022-03-11,721.0,251.0,0.0405615819187375,-1.2293383188728064,0.5291005291005291,0.7432868978234223
Jehu Rudeforth,UK,Fruit & Nut Bars,2022-05-13,8589.0,229.0,0.4875343081605116,0.6037308719916028,0.48253968253968255,0.5576663368612138
Dennison Crosswaite,USA,Smooth Sliky Salty,2022-05-12,11781.0,91.0,0.6688684390913381,1.3473959529828579,0.19047619047619047,-0.606680818265367
Brien Boise,USA,Raspberry Choco,2022-01-12,672.0,194.0,0.037777943943922185,-1.2407542302038124,0.4084656084656085,0.2623608989667911
Madelene Upcott,New Zealand,Milk Bars,2022-03-29,12558.0,403.0,0.7130089841205524,1.5284196898030975,0.8507936507936508,2.025756228107772
Roddy Speechley,India,50% Dark Bites,2022-03-14,8337.0,12.0,0.4732184557186042,0.5450204708607143,0.02328042328042328,-1.2732273780842067
Barr Faughny,New Zealand,99% Dark & Pure,2022-05-24,8134.0,195.0,0.46168624125151214,0.4977259810608318,0.4105820105820106,0.27079819719234605
Dennison Crosswaite,Canada,Organic Choco Syrup,2022-01-28,8491.0,75.0,0.48196703221088094,0.5808990493295906,0.15661375661375662,-0.7416775898742459
Beverie Moffet,India,Almond Choco,2022-05-24,3066.0,96.0,0.17377854214204205,-0.6830054194603712,0.20105820105820105,-0.5644943271375924
Brien Boise,Australia,Peanut Butter Cubes,2022-08-19,301.0,205.0,0.016701827848891914,-1.3271889874242873,0.43174603174603177,0.3551711794478954
Karlen McCaffrey,Australia,Spicy Special Slims,2022-05-17,4410.0,323.0,0.2501297551655479,-0.3698832800956323,0.6814814814814815,1.3507723700633776
Jehu Rudeforth,USA,White Choc,2022-06-07,6559.0,119.0,0.3722121634895912,0.1307859739927784,0.24973544973544973,-0.3704364679498289
Ches Bonnell,Canada,Organic Choco Syrup,2022-07-26,574.0,217.0,0.03221066799429154,-1.2635860528658247,0.45714285714285713,0.45641875815455457
Dotty Strutley,India,Eclairs,2022-07-28,2086.0,384.0,0.11810578264573567,-0.9113236460804933,0.8105820105820106,1.8654475618222284
Karlen McCaffrey,India,70% Dark Bites,2022-05-23,5075.0,344.0,0.2879076991094701,-0.21495305488912084,0.725925925925926,1.5279556328000312
Jehu Rudeforth,UK,Mint Chip Choco,2023-01-04,5902.13,178.0,0.3348960762137353,-0.022250141843915085,0.3746031746031746,0.12736412735791217
Van Tuxwell,India,85% Dark Bars,2023-08-01,8074.39,100.0,0.458299860441742,0.4838381754599896,0.20952380952380953,-0.5307451342353726
Gigi Bohling,India,Peanut Butter Cubes,2023-07-07,4666.18,100.0,0.26468306896938854,-0.3101990318348742,0.20952380952380953,-0.5307451342353726
Jan Morforth,Australia,Peanut Butter Cubes,2023-04-27,14103.4,350.0,0.8008015173099319,1.888463554516094,0.7386243386243386,1.5785794221533607
Jehu Rudeforth,UK,Peanut Butter Cubes,2023-02-24,14167.84,178.0,0.8044622852915053,1.9034766428052785,0.3746031746031746,0.12736412735791217
Van Tuxwell,India,Smooth Sliky Salty,2023-06-06,5768.75,37.0,0.3273189000284115,-0.05332471844247826,0.0761904761904762,-1.0622949224453335
Oby Sorrel,UK,99% Dark & Pure,2023-01-25,14673.2,175.0,0.8331712503313558,2.0212142948509366,0.3682539682539683,0.10205223268124737
Gunar Cockshoot,Australia,After Nines,2023-03-24,3249.23,78.0,0.1841876438997035,-0.6403169004158763,0.16296296296296298,-0.7163656951975812
Jehu Rudeforth,New Zealand,50% Dark Bites,2023-04-20,4526.24,64.0,0.256733226149069,-0.34280194268509867,0.13333333333333333,-0.8344878703553502
Brien Boise,Australia,99% Dark & Pure,2023-07-04,3166.56,98.0,0.1794912489736222,-0.6595771736757595,0.2052910052910053,-0.5476197306864825
Rafaelita Blaksland,UK,Smooth Sliky Salty,2023-01-13,4866.39,65.0,0.2760567864987309,-0.26355455004751227,0.13544973544973546,-0.8260505721297953
Barr Faughny,USA,Orange Choco,2023-03-10,4254.37,12.0,0.24128858010390491,-0.4061416123496013,0.02328042328042328,-1.2732273780842067
Mallorie Waber,Canada,Eclairs,2023-01-13,1652.61,277.0,0.0934853568925681,-1.0122938871365084,0.5841269841269842,0.9626566516878506
Karlen McCaffrey,New Zealand,Drinking Coco,2023-07-28,171.49,163.0,0.00934450225464024,-1.3573619400054833,0.34285714285714286,0.0008046539745881715
Marney O'Breen,New Zealand,Peanut Butter Cubes,2023-08-03,8549.84,169.0,0.48530967013818976,0.5946074620380886,0.35555555555555557,0.051428443327917774
Beverie Moffet,Australia,Organic Choco Syrup,2023-01-26,7807.74,355.0,0.44315175705430304,0.4217146498189123,0.7492063492063492,1.6207659132811354
Van Tuxwell,Canada,Organic Choco Syrup,2023-02-14,4561.43,44.0,0.25873233268649254,-0.33460345452717805,0.091005291005291,-1.003233834866449
Roddy Speechley,USA,Smooth Sliky Salty,2023-04-05,3041.12,148.0,0.172365135758095,-0.6888019066831351,0.3111111111111111,-0.12575481940873584
Beverie Moffet,Canada,Milk Bars,2023-02-16,9786.09,248.0,0.5555397200640151,0.8826262453637274,0.5227513227513227,0.7179750031467576
Curtice Advani,UK,85% Dark Bars,2023-06-08,1131.25,175.0,0.06386744884053311,-1.1337591836984133,0.3682539682539683,0.10205223268124737
Brien Boise,Australia,Eclairs,2023-06-27,7484.07,94.0,0.42476440800719134,0.34630673103306037,0.19682539682539682,-0.5813689235887023
Gunar Cockshoot,USA,Spicy Special Slims,2023-02-17,1339.61,166.0,0.07570415921670698,-1.0852159329855884,0.3492063492063492,0.02611654865125297
Marney O'Breen,USA,After Nines,2023-05-30,5481.18,159.0,0.3109823536525413,-0.12032213928854811,0.3343915343915344,-0.032944538927631564
Husein Augar,UK,Drinking Coco,2023-03-14,3275.4,120.0,0.1856743338140079,-0.63421987185399,0.2518518518518518,-0.361999169724274
Kaine Padly,Australia,Eclairs,2023-02-28,7677.78,118.0,0.43576886743783366,0.39143685723569693,0.24761904761904763,-0.3788737661753838
Karlen McCaffrey,India,Fruit & Nut Bars,2023-01-26,189.37,315.0,0.010360246070756524,-1.3531962972585774,0.6645502645502646,1.283273984258938
Roddy Speechley,Canada,Spicy Special Slims,2023-02-09,1658.79,193.0,0.0938364361310244,-1.0108540844421081,0.40634920634920635,0.25392360074123616
Husein Augar,USA,Eclairs,2023-07-07,4168.93,122.0,0.2364348244188392,-0.42604723406635964,0.2560846560846561,-0.3451245732731641
Dennison Crosswaite,New Zealand,White Choc,2023-07-05,10604.89,165.0,0.6020548787125616,1.0733884534826619,0.3470899470899471,0.01767925042569804
Dennison Crosswaite,New Zealand,Manuka Honey Choco,2023-06-15,5773.51,325.0,0.32758931057453644,-0.05221574419889476,0.6857142857142857,1.3676469665144875
Van Tuxwell,New Zealand,85% Dark Bars,2023-05-24,1838.78,121.0,0.10406147692871846,-0.9689204134121532,0.25396825396825395,-0.35356187149871904
Rafaelita Blaksland,UK,99% Dark & Pure,2023-06-29,12643.1,150.0,0.7178434247666092,1.5482460990738858,0.31534391534391537,-0.10888022295762596
Wilone O'Kielt,Australia,Manuka Honey Choco,2023-05-11,4439.52,95.0,0.2518067550230285,-0.3630057759631567,0.19894179894179895,-0.5729316253631473
Karlen McCaffrey,UK,Almond Choco,2023-06-30,7698.6,126.0,0.43695162953243893,0.39628745466246335,0.26455026455026454,-0.31137538037094437
Andria Kimpton,Canada,After Nines,2023-05-11,2222.3,77.0,0.1258488409307832,-0.8795687743577151,0.16084656084656085,-0.7248029934231361
Roddy Speechley,USA,Manuka Honey Choco,2023-07-22,10959.02,302.0,0.6221726280191198,1.1558928755163191,0.6370370370370371,1.173589107326724
Andria Kimpton,UK,50% Dark Bites,2023-08-24,2854.85,337.0,0.1617833348281185,-0.7321986781857169,0.7111111111111111,1.4688945452211466
Kelci Walkden,New Zealand,After Nines,2023-07-07,147.82,74.0,0.007999834685989657,-1.362876524111706,0.1544973544973545,-0.7501148880998009
Camilla Castle,Australia,85% Dark Bars,2023-05-19,3790.51,14.0,0.2149371860019083,-0.5142106864312439,0.027513227513227514,-1.2563527816330968
Karlen McCaffrey,India,Manuka Honey Choco,2023-07-04,2487.19,473.5,0.14089696058688175,-0.8178552896134251,1.0,2.620585753009395
Kelci Walkden,USA,After Nines,2023-06-02,1021.27,17.0,0.057619601810529254,-1.1593820801919654,0.033862433862433865,-1.2310408869564322
Karlen McCaffrey,USA,Raspberry Choco,2023-04-15,15370.06,353.0,0.8727591270482904,2.1835671922004245,0.744973544973545,1.6038913168300255
Mallorie Waber,Canada,Choco Coated Almonds,2023-07-11,5345.58,250.0,0.3032790616242768,-0.15191392656374061,0.526984126984127,0.7348495995978673
Andria Kimpton,India,Spicy Special Slims,2023-02-23,6559.44,154.0,0.37223715942242624,0.13088848421697508,0.3238095238095238,-0.07513103005540624
Madelene Upcott,Canada,Almond Choco,2023-08-22,8282.93,107.0,0.4701467964268029,0.5324233621736225,0.22433862433862434,-0.4716840466564881
Kaine Padly,USA,Peanut Butter Cubes,2023-02-16,6981.4,189.0,0.39620825901126444,0.22919578922169626,0.3978835978835979,0.22017440783901643
Van Tuxwell,USA,50% Dark Bites,2023-01-13,10280.17,155.0,0.5836078802802753,0.9977359080254313,0.32592592592592595,-0.06669373182985129
Curtice Advani,Australia,Milk Bars,2023-02-14,7703.62,20.0,0.43723681040251183,0.3974570031294357,0.04021164021164021,-1.2057289922797674
Roddy Speechley,India,Eclairs,2023-06-10,4489.81,310.0,0.2546636765282012,-0.35128932329302814,0.653968253968254,1.2410874931311633
Curtice Advani,India,Fruit & Nut Bars,2023-07-07,5806.11,190.0,0.3294412819618625,-0.04462066849704185,0.4,0.22861170606457137
Curtice Advani,Canada,Almond Choco,2023-03-24,5148.7,76.0,0.29209451785934537,-0.19778259233615864,0.15873015873015872,-0.7332402916486911
Brien Boise,Australia,Fruit & Nut Bars,2023-06-06,8558.59,24.0,0.4858067483479782,0.5966460176329111,0.04867724867724868,-1.1719797993775476
Dotty Strutley,Australia,Drinking Coco,2023-07-19,94.19,145.0,0.0049531713270234215,-1.375371122574601,0.3047619047619048,-0.15106671408540062
Beverie Moffet,USA,Raspberry Choco,2023-04-19,16223.83,87.0,0.921260894267843,2.3824766333651812,0.182010582010582,-0.6404300111675868
Marney O'Breen,India,85% Dark Bars,2023-07-19,2439.06,175.0,0.13816274638835396,-0.8290685102738604,0.3682539682539683,0.10205223268124737
Jehu Rudeforth,Canada,Drinking Coco,2023-07-15,466.65,23.0,0.026112228471915536,-1.2885962177920187,0.04656084656084656,-1.1804170976031025
Ches Bonnell,New Zealand,Spicy Special Slims,2023-02-14,4044.24,18.0,0.2293513179070081,-0.4550972337370363,0.03597883597883598,-1.2226035887308773
Brien Boise,Canada,99% Dark & Pure,2023-05-18,17609.863750000004,446.0,1.0,2.7053917025852208,0.9417989417989417,2.3885600518066346
Barr Faughny,Australia,Fruit & Nut Bars,2023-06-30,17280.98,58.0,0.981316463351027,2.6287690958870815,0.12063492063492064,-0.8851116597086799
Andria Kimpton,Australia,50% Dark Bites,2023-06-02,5091.78,219.0,0.2888609530934987,-0.21104368770270698,0.4613756613756614,0.47329335460566446
Andria Kimpton,Australia,Drinking Coco,2023-06-28,1657.2,49.0,0.09374610991918855,-1.0112245191159102,0.10158730158730159,-0.9610473437386743
Marney O'Breen,Australia,Organic Choco Syrup,2023-05-16,305.79,189.0,0.016973942663164678,-1.3260730238472358,0.3978835978835979,0.22017440783901643
Kelci Walkden,Canada,Baker's Choco Chips,2023-05-26,3377.41,325.0,0.1914694136060673,-0.6104538082850934,0.6857142857142857,1.3676469665144875
Karlen McCaffrey,India,Almond Choco,2023-07-06,6188.62,157.0,0.3511712689362831,0.04449566299730812,0.33015873015873015,-0.04981913537874143
Oby Sorrel,India,99% Dark & Pure,2023-05-27,10914.36,11.0,0.6196355408363595,1.145488087760345,0.021164021164021163,-1.2816646763097617
Wilone O'Kielt,Australia,Caramel Stuffed Bars,2023-04-14,2342.07,12.0,0.1326528474663675,-0.8516650253757845,0.02328042328042328,-1.2732273780842067
Van Tuxwell,Australia,Organic Choco Syrup,2023-08-10,17609.863750000004,15.0,1.0,2.7053917025852208,0.02962962962962963,-1.2479154834075419
Camilla Castle,India,50% Dark Bites,2023-07-04,10539.54,398.0,0.5983424145971702,1.0581633554116163,0.8402116402116402,1.9835697369799976
Oby Sorrel,India,Organic Choco Syrup,2023-07-08,6665.87,60.0,0.3782833347216017,0.15568430958348495,0.12486772486772486,-0.86823706325757
Jan Morforth,USA,Peanut Butter Cubes,2023-07-22,9605.11,98.0,0.545258438417442,0.8404619263293298,0.2052910052910053,-0.5476197306864825
Gigi Bohling,USA,Choco Coated Almonds,2023-03-02,13018.0,103.0,0.7391410957208594,1.6355894696451956,0.21587301587301588,-0.5054332395587079
Gigi Bohling,UK,Almond Choco,2023-01-10,6046.4,10.0,0.34309190173672727,0.0113615628035185,0.01904761904761905,-1.2901019745353166
Jehu Rudeforth,New Zealand,White Choc,2023-03-11,3078.33,231.0,0.1744789963508068,-0.6801328034050385,0.48677248677248675,0.5745409333123237
Andria Kimpton,New Zealand,Peanut Butter Cubes,2023-06-20,970.96,291.0,0.05476154412659132,-1.1711031924177393,0.6137566137566137,1.0807788268456198
Van Tuxwell,UK,Organic Choco Syrup,2023-08-26,2064.71,208.0,0.11689632035014755,-0.9162837430649243,0.4380952380952381,0.38048307412456017
Roddy Speechley,Canada,Milk Bars,2023-07-13,679.94,34.0,0.03822900691371879,-1.2389043866126248,0.06984126984126984,-1.0876068171219981
Camilla Castle,USA,Spicy Special Slims,2023-02-11,1311.25,251.0,0.07409305772760978,-1.0918231828906357,0.5291005291005291,0.7432868978234223
Marney O'Breen,USA,Orange Choco,2023-01-27,8692.64,184.0,0.49342198652193725,0.6278766893455919,0.3873015873015873,0.17798791671124178
Van Tuxwell,UK,99% Dark & Pure,2023-01-31,4993.21,145.0,0.283261296049059,-0.2340083077006104,0.3047619047619048,-0.15106671408540062
Camilla Castle,USA,White Choc,2023-08-18,10898.19,24.0,0.6187169403046705,1.141720837021113,0.04867724867724868,-1.1719797993775476
Andria Kimpton,USA,Raspberry Choco,2023-06-30,15565.91,21.0,0.8838851576068125,2.2291958908571092,0.042328042328042326,-1.1972916940542124
Dotty Strutley,Australia,Fruit & Nut Bars,2023-08-23,280.59,328.0,0.015542357418973939,-1.3319440639603246,0.692063492063492,1.392958861191152
Brien Boise,New Zealand,Mint Chip Choco,2023-08-01,66.35,197.0,0.0033716104858222276,-1.3818572240328704,0.4148148148148148,0.2876727936434559
Roddy Speechley,New Zealand,After Nines,2023-05-25,8766.45,10.0,0.49761505425502134,0.6450727794546036,0.01904761904761905,-1.2901019745353166
Roddy Speechley,Canada,Organic Choco Syrup,2023-01-10,4265.48,85.0,0.24191972740799056,-0.40355322918863246,0.17777777777777778,-0.6573046076186967
Dennison Crosswaite,Australia,70% Dark Bites,2023-02-07,6087.53,113.0,0.3454284533674243,0.020943938988095694,0.23703703703703705,-0.4210602573031585
Karlen McCaffrey,USA,Orange Choco,2023-05-12,11694.48,425.0,0.6639533297529499,1.3272387152612526,0.8973544973544973,2.211376789069981
Madelene Upcott,Australia,Spicy Special Slims,2023-03-07,7616.38,392.0,0.4322807986285753,0.37713202140459956,0.8275132275132275,1.932945947626668
Dennison Crosswaite,Australia,85% Dark Bars,2023-04-05,7807.02,419.0,0.44311085461875477,0.4215469058156814,0.8846560846560847,2.1607529997166512
Andria Kimpton,Canada,Caramel Stuffed Bars,2023-01-03,7990.91,343.0,0.4535574502756688,0.4643891901964713,0.7238095238095238,1.5195183345744763
Dennison Crosswaite,UK,Eclairs,2023-03-24,6757.17,276.0,0.38346999078488003,0.17695518110431882,0.582010582010582,0.9542193534622957
Madelene Upcott,India,Raspberry Choco,2023-07-07,4409.21,10.0,0.25008487610432134,-0.37006733254362195,0.01904761904761905,-1.2901019745353166
Van Tuxwell,USA,After Nines,2023-07-26,722.25,255.0,0.040632593091564424,-1.2290470966449745,0.5375661375661376,0.7770360907256421
Wilone O'Kielt,Australia,Organic Choco Syrup,2023-07-07,1896.24,115.0,0.10732571852122638,-0.9555335100431815,0.24126984126984127,-0.40418566085204866
Karlen McCaffrey,Canada,50% Dark Bites,2023-07-15,2966.83,65.0,0.1681447997346454,-0.706109826127634,0.13544973544973546,-0.8260505721297953
Roddy Speechley,New Zealand,Orange Choco,2023-04-01,51.29,100.0,0.002516067875603479,-1.385365869433788,0.20952380952380953,-0.5307451342353726
Beverie Moffet,Australia,Eclairs,2023-06-20,1835.42,6.0,0.1038705988961597,-0.969703218760565,0.010582010582010581,-1.3238511674375364
Kelci Walkden,UK,Fruit & Nut Bars,2023-06-29,14592.11,473.5,0.8285646135277277,2.002322126487033,1.0,2.620585753009395
Marney O'Breen,USA,50% Dark Bites,2023-06-15,1114.13,106.0,0.0628948798174956,-1.1377477633307975,0.2222222222222222,-0.48012134488204306
Husein Augar,USA,After Nines,2023-04-08,13051.75,193.0,0.7410583973871864,1.643452469796654,0.40634920634920635,0.25392360074123616
Dennison Crosswaite,Australia,Raspberry Choco,2023-03-14,5997.71,31.0,0.340325874532773,1.787458501477071e-05,0.06349206349206349,-1.112918711798663
Andria Kimpton,USA,Fruit & Nut Bars,2023-07-15,1588.28,352.0,0.08983083789420342,-1.0272813478696436,0.7428571428571429,1.5954540186044706
Kelci Walkden,India,Eclairs,2023-04-19,5344.21,80.0,0.3032012333788585,-0.15223310612544422,0.1671957671957672,-0.6994910987464713
Marney O'Breen,USA,99% Dark & Pure,2023-03-28,4646.91,317.0,0.2635883607290887,-0.31468851369912915,0.6687830687830688,1.300148580710048
Brien Boise,Canada,Spicy Special Slims,2023-03-04,8929.88,100.0,0.5068993390351043,0.6831483384102427,0.20952380952380953,-0.5307451342353726
Karlen McCaffrey,New Zealand,70% Dark Bites,2023-08-02,141.23,38.0,0.007625463782846127,-1.3644118476968352,0.07830687830687831,-1.0538576242197786
Husein Augar,UK,Spicy Special Slims,2023-08-25,5068.99,45.0,0.28756627739051827,-0.21635325136053613,0.09312169312169312,-0.994796536640894
Marney O'Breen,USA,Almond Choco,2023-02-25,8012.72,163.0,0.45479645321915296,0.4694704356276804,0.34285714285714286,0.0008046539745881715
Kelci Walkden,India,Orange Choco,2023-06-07,10587.71,134.0,0.6010789011532284,1.0693858951833417,0.2814814814814815,-0.2438769945665049
Jan Morforth,India,Spicy Special Slims,2023-04-12,2155.62,473.5,0.12206082092750388,-0.8951037328791741,1.0,2.620585753009395
Ches Bonnell,India,Spicy Special Slims,2023-07-06,11010.43,103.0,0.6250931755351454,1.1678702633025848,0.21587301587301588,-0.5054332395587079
Kelci Walkden,UK,Smooth Sliky Salty,2023-01-19,6787.72,192.0,0.38520550384877,0.18407265235252776,0.4042328042328042,0.24548630251568124
Madelene Upcott,Australia,Fruit & Nut Bars,2023-01-05,5715.07,90.0,0.32426939622253215,-0.06583096579448665,0.18835978835978837,-0.615118116490922
Madelene Upcott,Canada,70% Dark Bites,2023-01-24,12100.65,142.0,0.6870274162066383,1.4218673010840026,0.2984126984126984,-0.17637860876206543
Wilone O'Kielt,Australia,Drinking Coco,2023-04-06,623.75,285.0,0.03503691267280302,-1.2519954081981195,0.6010582010582011,1.03015503749229
Gunar Cockshoot,Australia,Fruit & Nut Bars,2023-06-15,6528.42,22.0,0.3704749461575534,0.12366151341110153,0.044444444444444446,-1.1888543958286575
Gigi Bohling,Canada,Baker's Choco Chips,2023-01-28,1540.55,47.0,0.08711934727098025,-1.0384013774171725,0.09735449735449736,-0.9779219401897841
Kelci Walkden,India,Caramel Stuffed Bars,2023-03-16,487.06,123.0,0.02727169890183351,-1.2838411412559811,0.2582010582010582,-0.33668727504760915
Rafaelita Blaksland,Australia,Drinking Coco,2023-02-21,11630.38,431.0,0.6603118768103853,1.3123048394180383,0.91005291005291,2.26200057842331
Kelci Walkden,USA,Manuka Honey Choco,2023-02-16,17297.66,96.0,0.9822640364412294,2.6326551652952688,0.20105820105820105,-0.5644943271375924
Jehu Rudeforth,Canada,Spicy Special Slims,2023-01-13,2043.55,28.0,0.11569424321653342,-0.9212135529376608,0.05714285714285714,-1.1382306064753278
Kelci Walkden,Australia,Eclairs,2023-03-23,8168.86,473.5,0.46366660083930933,0.5058475865506047,1.0,2.620585753009395
Curtice Advani,Canada,Spicy Special Slims,2023-06-16,933.45,122.0,0.052630640852401066,-1.1798421890305155,0.2560846560846561,-0.3451245732731641
Oby Sorrel,India,Raspberry Choco,2023-04-14,6826.32,44.0,0.3873983288656653,0.19306559474797327,0.091005291005291,-1.003233834866449
Kelci Walkden,UK,Eclairs,2023-01-25,5029.35,61.0,0.285314371077831,-0.22558849064953768,0.12698412698412698,-0.859799765032015
Jan Morforth,India,Almond Choco,2023-03-11,5143.49,21.0,0.2917985432910028,-0.19899640658176154,0.042328042328042326,-1.1972916940542124
Dotty Strutley,UK,Almond Choco,2023-07-28,16707.88,102.0,0.9487592608333401,2.4952495288707635,0.21375661375661376,-0.5138705377842627
Marney O'Breen,New Zealand,After Nines,2023-03-09,1558.87,46.0,0.0881600870199316,-1.03413322444607,0.09523809523809523,-0.986359238415339
Husein Augar,Australia,Orange Choco,2023-06-28,9332.76,196.0,0.5297865240819124,0.7770104273293397,0.4126984126984127,0.279235495417901
Marney O'Breen,Australia,Milk Bars,2023-07-28,2673.47,375.0,0.15147932960624086,-0.7744561883330208,0.7915343915343915,1.789511877792234
Kelci Walkden,Canada,99% Dark & Pure,2023-08-15,4950.21,54.0,0.2808185117038129,-0.24402635233802394,0.11216931216931217,-0.9188608526108996
Kaine Padly,Australia,Manuka Honey Choco,2023-01-12,2919.11,271.0,0.16543387720080488,-0.7172275258973403,0.5714285714285714,0.912032862334521
Beverie Moffet,New Zealand,White Choc,2023-03-24,8003.23,7.0,0.45425733639505095,0.4672594764739813,0.012698412698412698,-1.3154138692119814
Van Tuxwell,UK,Milk Bars,2023-07-25,4902.78,91.0,0.27812406376206816,-0.2550764885508734,0.19047619047619047,-0.606680818265367
Oby Sorrel,Canada,99% Dark & Pure,2023-08-01,4033.53,430.0,0.22874289417822707,-0.45759242578509896,0.9079365079365079,2.2535632801977554
Van Tuxwell,India,Organic Choco Syrup,2023-05-16,17609.863750000004,182.0,1.0,2.7053917025852208,0.38306878306878306,0.16111332026013192
Roddy Speechley,India,Smooth Sliky Salty,2023-08-10,5118.11,137.0,0.290356732437925,-0.2049093826956582,0.2878306878306878,-0.2185650998898401
Jan Morforth,India,Eclairs,2023-01-05,2835.9,26.0,0.16070680544806237,-0.7366136071596469,0.05291005291005291,-1.1551052029264377
Ches Bonnell,UK,Smooth Sliky Salty,2023-07-11,5828.22,121.0,0.33069732758682513,-0.03946952973115304,0.25396825396825395,-0.35356187149871904
Wilone O'Kielt,USA,After Nines,2023-04-25,396.19,32.0,0.02210947068200763,-1.305011832330441,0.0656084656084656,-1.104481413573108
Gigi Bohling,New Zealand,Fruit & Nut Bars,2023-04-04,11226.5,118.0,0.6373678828253158,1.2182097727166763,0.24761904761904763,-0.3788737661753838
Barr Faughny,USA,Raspberry Choco,2023-04-12,10102.86,107.0,0.5735350874371221,0.9564266174519479,0.22433862433862434,-0.4716840466564881
Wilone O'Kielt,New Zealand,85% Dark Bars,2023-08-02,2084.86,119.0,0.11804102045611753,-0.9115892407522759,0.24973544973544973,-0.3704364679498289
Gigi Bohling,New Zealand,Manuka Honey Choco,2023-06-28,8495.79,268.0,0.48223914702515375,0.5820150129066423,0.5650793650793651,0.8867209676578562
Ches Bonnell,Australia,Eclairs,2023-07-05,4248.34,130.0,0.24094602220618785,-0.4075464683766618,0.273015873015873,-0.27762618746872464
Rafaelita Blaksland,New Zealand,Choco Coated Almonds,2023-06-07,2236.11,46.0,0.126633372368175,-0.8763513511846295,0.09523809523809523,-0.986359238415339
Brien Boise,New Zealand,Smooth Sliky Salty,2023-01-18,1124.27,26.0,0.06347092245146757,-1.135385368618626,0.05291005291005291,-1.1551052029264377
Brien Boise,Australia,Baker's Choco Chips,2023-01-04,12870.47,227.0,0.7307600730591348,1.6012182574275764,0.4783068783068783,0.5407917404101039
Dennison Crosswaite,Australia,99% Dark & Pure,2023-01-31,3017.66,19.0,0.17103239806647932,-0.6942675654550822,0.0380952380952381,-1.2141662905053223
Kelci Walkden,India,Almond Choco,2023-03-14,3574.12,149.0,0.2026442998514943,-0.5646247487356606,0.31322751322751324,-0.1173175211831809
Camilla Castle,Australia,70% Dark Bites,2023-04-29,6249.31,473.5,0.3546190033993758,0.05863508460299723,1.0,2.620585753009395
Oby Sorrel,India,Smooth Sliky Salty,2023-02-07,10759.61,107.0,0.6108443576403867,1.1094347759547696,0.22433862433862434,-0.4716840466564881
Kaine Padly,UK,Organic Choco Syrup,2023-03-31,2508.03,175.0,0.14208085886025218,-0.8130000326310136,0.3682539682539683,0.10205223268124737
Marney O'Breen,India,Caramel Stuffed Bars,2023-03-16,4997.82,83.0,0.28352318525444464,-0.23293428012436684,0.17354497354497356,-0.6741792040698065
Karlen McCaffrey,UK,Eclairs,2023-01-25,7901.09,200.0,0.4484548714410176,0.44346312579339037,0.4211640211640212,0.3129846883201207
Van Tuxwell,India,Baker's Choco Chips,2023-06-20,3133.42,473.5,0.1776086007596349,-0.6672980573800359,1.0,2.620585753009395
Gigi Bohling,UK,After Nines,2023-03-29,8320.29,171.0,0.47226917836025395,0.5411274121190591,0.35978835978835977,0.06830303977902764
Curtice Advani,Australia,Orange Choco,2023-07-12,909.93,132.0,0.051294494624489706,-1.1853218264693983,0.27724867724867724,-0.26075159101761475
Jehu Rudeforth,Canada,Smooth Sliky Salty,2023-07-11,5631.26,142.0,0.3195082391068328,-0.08535683372615228,0.2984126984126984,-0.17637860876206543
Karlen McCaffrey,Canada,Smooth Sliky Salty,2023-01-19,3283.44,186.0,0.18613107767763068,-0.6323467304845759,0.3915343915343915,0.19486251316235165
Andria Kimpton,USA,85% Dark Bars,2023-04-05,9458.03,87.0,0.5369029797779352,0.8061955541137302,0.182010582010582,-0.6404300111675868
Jehu Rudeforth,Canada,Milk Bars,2023-02-21,7726.25,12.0,0.4385223966753704,0.4027292903421024,0.02328042328042328,-1.2732273780842067
Rafaelita Blaksland,New Zealand,Caramel Stuffed Bars,2023-05-20,14369.4,15.0,0.8159126948875007,1.9504356445986986,0.02962962962962963,-1.2479154834075419
Mallorie Waber,Australia,Milk Bars,2023-07-29,2829.57,106.0,0.16034720486886683,-0.7380883565213869,0.2222222222222222,-0.48012134488204306
Barr Faughny,USA,Fruit & Nut Bars,2023-01-28,9370.61,45.0,0.5319367423951116,0.7858286363880863,0.09312169312169312,-0.994796536640894
Marney O'Breen,UK,Caramel Stuffed Bars,2023-07-19,3651.49,112.0,0.2070396074047894,-0.5465992577217842,0.23492063492063492,-0.42949755552871344
Mallorie Waber,New Zealand,Manuka Honey Choco,2023-04-13,10229.99,12.0,0.5807572077583113,0.986045082911352,0.02328042328042328,-1.2732273780842067
Roddy Speechley,India,Peanut Butter Cubes,2023-02-11,11596.89,22.0,0.6584093454680064,1.3045024134899692,0.044444444444444446,-1.1888543958286575
Roddy Speechley,New Zealand,Milk Bars,2023-03-02,5857.9,111.0,0.3323834168744275,-0.032554749153515194,0.2328042328042328,-0.4379348537542684
Ches Bonnell,Australia,White Choc,2023-03-02,1177.64,206.0,0.06650281548648582,-1.12295134437912,0.43386243386243384,0.36360847767345034
Van Tuxwell,USA,99% Dark & Pure,2023-07-28,12930.11,6.0,0.734148158137053,1.615113052361887,0.010582010582010581,-1.3238511674375364
Kelci Walkden,India,After Nines,2023-01-07,1732.04,473.5,0.09799769085868199,-0.9937884618911652,1.0,2.620585753009395
Brien Boise,UK,White Choc,2023-04-12,5837.17,173.0,0.33120576758426584,-0.037384378579877475,0.364021164021164,0.08517763623013751
Van Tuxwell,Canada,Almond Choco,2023-06-27,3424.66,70.0,0.19415363593892493,-0.5994456080730518,0.14603174603174604,-0.7838640810020207
Jehu Rudeforth,Australia,50% Dark Bites,2023-01-14,5700.28,422.0,0.323429192025644,-0.06927670719419236,0.891005291005291,2.186064894393316
Karlen McCaffrey,UK,Baker's Choco Chips,2023-02-07,5094.48,373.0,0.28901433722680486,-0.21041464769059035,0.7873015873015873,1.7726372813411242
Jehu Rudeforth,Australia,Orange Choco,2023-03-23,14529.2,26.0,0.8249907632216944,1.9876654942047147,0.05291005291005291,-1.1551052029264377
Marney O'Breen,India,Peanut Butter Cubes,2023-01-10,6761.28,145.0,0.38370347552113493,0.17791271978942966,0.3047619047619048,-0.15106671408540062
Oby Sorrel,UK,Choco Coated Almonds,2023-03-17,10370.44,44.0,0.5887360231371442,1.0187668124305318,0.091005291005291,-1.003233834866449
Gigi Bohling,USA,Spicy Special Slims,2023-01-21,12450.24,57.0,0.7068872529334891,1.5033140039861745,0.11851851851851852,-0.8935489579342347
Barr Faughny,Australia,White Choc,2023-07-04,8927.63,386.0,0.5067715189240158,0.6826241384001455,0.8148148148148148,1.8823221582733383
Kaine Padly,Canada,Peanut Butter Cubes,2023-07-04,3438.7,191.0,0.19495123343211693,-0.5961746000100452,0.4021164021164021,0.23704900429012632
Dotty Strutley,USA,Manuka Honey Choco,2023-08-10,299.71,207.0,0.016628544318534527,-1.3274895287634096,0.43597883597883597,0.3720457758990052
Dennison Crosswaite,Australia,50% Dark Bites,2023-04-01,7374.26,12.0,0.41852621849669197,0.3207234407624935,0.02328042328042328,-1.2732273780842067
Gigi Bohling,India,Raspberry Choco,2023-02-22,2775.87,174.0,0.15729656488422228,-0.7505992634290407,0.36613756613756615,0.09361493445569244
Camilla Castle,UK,White Choc,2023-01-03,9957.66,194.0,0.565286429601547,0.9225982434670073,0.4084656084656085,0.2623608989667911
Karlen McCaffrey,India,Drinking Coco,2023-05-31,5064.88,251.0,0.28733279265426337,-0.217310790045647,0.5291005291005291,0.7432868978234223
Dotty Strutley,UK,99% Dark & Pure,2023-01-03,9865.05,273.0,0.560025353829146,0.9010221710514056,0.5756613756613757,0.9289074587856309
Husein Augar,New Zealand,Caramel Stuffed Bars,2023-01-27,571.52,473.5,0.032069781827402936,-1.2641638377658428,1.0,2.620585753009395
Barr Faughny,UK,50% Dark Bites,2023-01-28,656.44,67.0,0.03689399686457267,-1.2443793644958625,0.13968253968253969,-0.8091759756786855
Curtice Advani,Australia,Organic Choco Syrup,2023-06-28,4008.93,301.0,0.22734539429699324,-0.4633236792288286,0.6349206349206349,1.165151809101169
Husein Augar,UK,Choco Coated Almonds,2023-03-02,4679.06,43.0,0.2654147680941971,-0.3071982779992954,0.08888888888888889,-1.0116711330920038
Wilone O'Kielt,Australia,After Nines,2023-05-27,3446.84,28.0,0.19541365818956585,-0.5942781608624045,0.05714285714285714,-1.1382306064753278
Dennison Crosswaite,USA,Almond Choco,2023-06-30,11884.52,82.0,0.6747493003801723,1.3715138130029751,0.17142857142857143,-0.6826165022953614
Barr Faughny,Canada,Peanut Butter Cubes,2023-06-07,2167.19,85.0,0.12271810034318988,-0.892408179938363,0.17777777777777778,-0.6573046076186967
Kaine Padly,USA,70% Dark Bites,2023-05-12,4199.84,107.0,0.2381907887005033,-0.41884589081653517,0.22433862433862434,-0.4716840466564881
Barr Faughny,New Zealand,Raspberry Choco,2023-07-29,7358.7,68.0,0.41764227141734245,0.3170983064704433,0.14179894179894179,-0.8007386774531305
Dennison Crosswaite,UK,White Choc,2023-08-03,7870.09,274.0,0.4466937943549099,0.436240814543162,0.5777777777777777,0.9373447570111858
Barr Faughny,India,Baker's Choco Chips,2023-08-18,7454.25,148.0,0.4230703654682323,0.33935933356590525,0.3111111111111111,-0.12575481940873584
Van Tuxwell,New Zealand,Smooth Sliky Salty,2023-06-14,3112.3,41.0,0.17640879598355122,-0.6722185481414817,0.08465608465608465,-1.0285457295431137
Beverie Moffet,UK,White Choc,2023-06-30,6901.22,80.0,0.39165331834145445,0.21051563063965414,0.1671957671957672,-0.6994910987464713
Camilla Castle,New Zealand,Mint Chip Choco,2023-06-13,1178.0,199.0,0.06652326670425997,-1.1228674723775045,0.41904761904761906,0.3045473900945658
Ches Bonnell,UK,Orange Choco,2023-04-27,14953.83,53.0,0.8491135426756908,2.086594849888084,0.11005291005291006,-0.9272981508364545
Jan Morforth,Australia,White Choc,2023-07-27,3958.57,33.0,0.22448449616614224,-0.47505644034371564,0.06772486772486773,-1.096044115347553
Mallorie Waber,Canada,85% Dark Bars,2023-04-20,1639.01,430.0,0.0927127553322112,-1.0154623849753182,0.9079365079365079,2.2535632801977554
Rafaelita Blaksland,India,Spicy Special Slims,2023-01-04,8586.04,144.0,0.4873661537032575,0.6030412577560973,0.30264550264550266,-0.15950401231095557
Ches Bonnell,Australia,Mint Chip Choco,2023-02-21,10000.22,98.0,0.567704218013958,0.9325137778802238,0.2052910052910053,-0.5476197306864825
Karlen McCaffrey,Australia,White Choc,2023-01-05,8448.39,52.0,0.4795464033515568,0.5709718660272605,0.10793650793650794,-0.9357354490620095
Beverie Moffet,India,Drinking Coco,2023-07-15,6984.74,51.0,0.396398000865058,0.2299739350144628,0.10582010582010581,-0.9441727472875644
Brien Boise,Australia,Choco Coated Almonds,2023-05-25,5641.54,61.0,0.32009223499216133,-0.08296182212446372,0.12698412698412698,-0.859799765032015
Karlen McCaffrey,Canada,Eclairs,2023-04-20,3850.87,372.0,0.21836617351537468,-0.5001481474937026,0.7851851851851852,1.7641999831155692
Gigi Bohling,USA,99% Dark & Pure,2023-06-02,885.68,240.0,0.04991687787164743,-1.190971537689335,0.5058201058201058,0.6504766173423181
Marney O'Breen,UK,Smooth Sliky Salty,2023-05-13,17609.863750000004,91.0,1.0,2.7053917025852208,0.19047619047619047,-0.606680818265367
Beverie Moffet,New Zealand,Baker's Choco Chips,2023-08-03,1452.61,142.0,0.08212356924026067,-1.0588894435895946,0.2984126984126984,-0.17637860876206543
Beverie Moffet,Australia,Milk Bars,2023-05-25,793.17,400.0,0.04466148299307263,-1.2125243123267102,0.8444444444444444,2.0004443334311075
Van Tuxwell,UK,Raspberry Choco,2023-03-16,7152.22,83.0,0.40591236184510027,0.2689930539882773,0.17354497354497356,-0.6741792040698065
Jan Morforth,Australia,Orange Choco,2023-07-04,3364.44,126.0,0.1907326016768152,-0.613475530121076,0.26455026455026454,-0.31137538037094437
Jehu Rudeforth,India,50% Dark Bites,2023-07-05,3470.6,129.0,0.19676343856265996,-0.588742608755778,0.2708994708994709,-0.2860634856942796
Madelene Upcott,USA,After Nines,2023-03-15,4676.32,440.0,0.26525911160336046,-0.3078366371227028,0.9291005291005291,2.337936262453305
Barr Faughny,UK,Raspberry Choco,2023-08-22,6323.45,70.0,0.3588308180820861,0.07590805738015613,0.14603174603174604,-0.7838640810020207
Ches Bonnell,Australia,70% Dark Bites,2023-01-12,3252.7,119.0,0.184384770915471,-0.6395084675114153,0.24973544973544973,-0.3704364679498289
Marney O'Breen,UK,Baker's Choco Chips,2023-06-10,254.16,161.0,0.014040897180721514,-1.3381016667456,0.3386243386243386,-0.016069942476521694
Kaine Padly,Australia,Peanut Butter Cubes,2023-03-25,6127.37,299.0,0.34769172146776395,0.030225773833550486,0.6306878306878307,1.148277212650059
Rafaelita Blaksland,India,Almond Choco,2023-07-27,3791.66,100.0,0.21500251628090905,-0.5139427619816388,0.20952380952380953,-0.5307451342353726
Husein Augar,UK,Caramel Stuffed Bars,2023-04-15,17059.69,456.0,0.9687452134031314,2.577213442449564,0.9629629629629629,2.4729330340621836
Roddy Speechley,India,Orange Choco,2023-06-27,4154.44,18.0,0.2356116629034295,-0.42942308213138586,0.03597883597883598,-1.2226035887308773
Jehu Rudeforth,UK,70% Dark Bites,2023-04-14,6168.51,280.0,0.3500288411878436,0.039810479795950385,0.5904761904761905,0.9879685463645154
Husein Augar,Australia,Manuka Honey Choco,2023-03-15,7984.45,95.0,0.4531904645344993,0.4628841537230366,0.19894179894179895,-0.5729316253631473
Madelene Upcott,USA,Eclairs,2023-03-18,9108.33,213.0,0.5170368940678757,0.7247232236555089,0.4486772486772487,0.42266956525233484
Brien Boise,India,Eclairs,2023-04-29,1511.51,58.0,0.08546961570386521,-1.0451670522141605,0.12063492063492064,-0.8851116597086799
Mallorie Waber,New Zealand,White Choc,2023-02-25,3364.28,265.0,0.19072351224669334,-0.6135128065662385,0.5587301587301587,0.8614090729811914
Husein Augar,USA,Milk Bars,2023-03-02,934.49,54.0,0.05268972214819306,-1.1795998921369595,0.11216931216931217,-0.9188608526108996
Van Tuxwell,Australia,Milk Bars,2023-06-20,8895.7,91.0,0.504957609525325,0.6751851578124106,0.19047619047619047,-0.606680818265367
Beverie Moffet,Canada,White Choc,2023-07-15,9957.2,185.0,0.5652602974899467,0.9224910736871653,0.38941798941798944,0.1864252149367967
Dotty Strutley,Australia,50% Dark Bites,2023-05-12,3359.18,256.0,0.1904337866615595,-0.6147009932557923,0.5396825396825397,0.785473388951197
Mallorie Waber,New Zealand,Organic Choco Syrup,2023-07-01,5098.29,276.0,0.2892307792815813,-0.20952700234015897,0.582010582010582,0.9542193534622957
Husein Augar,USA,85% Dark Bars,2023-08-08,398.28,52.0,0.022228201362974244,-1.3045249087655062,0.10793650793650794,-0.9357354490620095
Madelene Upcott,Australia,50% Dark Bites,2023-07-25,7473.14,6.0,0.4241434863119928,0.3437602838728993,0.010582010582010581,-1.3238511674375364
Wilone O'Kielt,UK,Drinking Coco,2023-05-18,3638.66,59.0,0.2063107487268939,-0.5495883626682497,0.12275132275132275,-0.8766743614831249
Camilla Castle,India,Peanut Butter Cubes,2023-07-15,12507.08,284.0,0.7101162729842749,1.5165564611301416,0.5989417989417989,1.0217177392667351
Curtice Advani,India,70% Dark Bites,2023-07-05,2393.79,48.0,0.13559100575325417,-0.8396154144770164,0.09947089947089947,-0.9694846419642292
Mallorie Waber,USA,Manuka Honey Choco,2023-07-04,6136.99,94.0,0.3482382234538399,0.03246702009894391,0.19682539682539682,-0.5813689235887023
Dotty Strutley,UK,70% Dark Bites,2023-06-20,1264.43,232.0,0.07143326323820462,-1.1027312026563032,0.4888888888888889,0.5829782315378785
Gunar Cockshoot,Australia,Almond Choco,2023-01-25,4101.26,425.0,0.23259056356668098,-0.44181284059226134,0.8973544973544973,2.211376789069981
Kaine Padly,New Zealand,Spicy Special Slims,2023-07-01,8106.88,40.0,0.46014558284585927,0.4914076236057934,0.08253968253968254,-1.0369830277686687
Gigi Bohling,USA,50% Dark Bites,2023-04-13,2456.1,58.0,0.13913077069633056,-0.8250985688640574,0.12063492063492064,-0.8851116597086799
Beverie Moffet,UK,Smooth Sliky Salty,2023-05-04,4726.6,75.0,0.2681154650191506,-0.2961225142303968,0.15661375661375662,-0.7416775898742459
Beverie Moffet,Australia,Baker's Choco Chips,2023-08-04,3482.73,108.0,0.1974525309837724,-0.5859165882568983,0.22645502645502646,-0.46324674843093316
Beverie Moffet,India,70% Dark Bites,2023-06-01,467.19,159.0,0.026142905298576765,-1.2884704097895954,0.3343915343915344,-0.032944538927631564
Jehu Rudeforth,UK,Choco Coated Almonds,2023-04-22,4875.38,185.0,0.2765674988537021,-0.2614600797849461,0.38941798941798944,0.1864252149367967
Kaine Padly,USA,50% Dark Bites,2023-08-03,70.6,27.0,0.0036130484734337603,-1.3808670684582425,0.05502645502645503,-1.1466679047008828
Ches Bonnell,USA,Orange Choco,2023-06-10,1835.22,73.0,0.10385923710850739,-0.969749814317018,0.1523809523809524,-0.7585521863253558
Gunar Cockshoot,UK,Manuka Honey Choco,2023-06-27,7304.74,49.0,0.41457686110874986,0.3045268253394007,0.10158730158730159,-0.9610473437386743
Marney O'Breen,Australia,Smooth Sliky Salty,2023-01-03,3967.85,163.0,0.2250116831132093,-0.4728944065242925,0.34285714285714286,0.0008046539745881715
Marney O'Breen,India,After Nines,2023-07-11,2800.67,190.0,0.1587054265531084,-0.744821414428858,0.4,0.22861170606457137
Ches Bonnell,New Zealand,Milk Bars,2023-08-17,4474.52,120.0,0.2537950678621823,-0.3548515535838666,0.2518518518518518,-0.361999169724274
Rafaelita Blaksland,USA,Fruit & Nut Bars,2023-01-18,2737.03,63.0,0.15509010572214418,-0.75964812049223,0.1312169312169312,-0.8429251685809052
Ches Bonnell,India,Organic Choco Syrup,2023-03-08,16717.26,102.0,0.9492921286742332,2.4974348604684127,0.21375661375661376,-0.5138705377842627
Mallorie Waber,Australia,Orange Choco,2023-03-07,16112.73,282.0,0.9149494212269862,2.356592801755492,0.5947089947089947,1.0048431428156253
Husein Augar,India,70% Dark Bites,2023-05-09,6898.0,163.0,0.39147039356025226,0.2097654421807594,0.34285714285714286,0.0008046539745881715
Barr Faughny,New Zealand,85% Dark Bars,2023-05-23,2151.04,170.0,0.12180063599026604,-0.8961707711219498,0.3576719576719577,0.059865741553472705
Madelene Upcott,UK,Caramel Stuffed Bars,2023-04-15,172.51,152.0,0.009402447371667007,-1.3571243026675723,0.31957671957671957,-0.0920056265065161
Gigi Bohling,Australia,Drinking Coco,2023-07-27,2949.02,153.0,0.16713303254420744,-0.7102591604297813,0.3216931216931217,-0.08356832828096117
Marney O'Breen,Canada,Choco Coated Almonds,2023-08-22,2790.72,435.0,0.1581401776174061,-0.7471395433623991,0.9185185185185185,2.29574977132553
Ches Bonnell,USA,70% Dark Bites,2023-05-11,5054.42,127.0,0.2867385711600477,-0.2197477376481434,0.26666666666666666,-0.3029380821453894
Madelene Upcott,India,Organic Choco Syrup,2023-01-26,5418.75,37.0,0.3074357716368735,-0.134866942235379,0.0761904761904762,-1.0622949224453335
Barr Faughny,USA,50% Dark Bites,2023-04-14,14604.67,128.0,0.8292781337922925,2.0052483274322865,0.2687830687830688,-0.2945007839198345
Dennison Crosswaite,New Zealand,Mint Chip Choco,2023-04-05,6668.93,419.0,0.378457170072682,0.15639722159721725,0.8846560846560847,2.1607529997166512
Marney O'Breen,New Zealand,Smooth Sliky Salty,2023-06-14,9689.7,58.0,0.5500639065049855,0.8601695169311626,0.12063492063492064,-0.8851116597086799
Brien Boise,Canada,Almond Choco,2023-04-13,5026.81,123.0,0.28517007637464664,-0.22618025421649185,0.2582010582010582,-0.33668727504760915
Beverie Moffet,Australia,White Choc,2023-06-27,2379.01,178.0,0.1347513696457487,-0.8430588260988995,0.3746031746031746,0.12736412735791217
Dotty Strutley,Australia,Eclairs,2023-01-26,7770.55,3.0,0.4410390326403565,0.41305020609646104,0.004232804232804233,-1.3491630621142012
Barr Faughny,UK,White Choc,2023-07-05,1837.47,77.0,0.10398705721959585,-0.9692256143069208,0.16084656084656085,-0.7248029934231361
Beverie Moffet,Canada,Baker's Choco Chips,2023-01-11,14625.75,90.0,0.8304756662108458,2.010159499082442,0.18835978835978837,-0.615118116490922
Kelci Walkden,USA,White Choc,2023-03-07,10305.4,22.0,0.5850411697926139,1.0036139374719881,0.044444444444444446,-1.1888543958286575
Kaine Padly,Canada,50% Dark Bites,2023-03-04,8798.99,99.0,0.4994636171060517,0.6526538764895206,0.2074074074074074,-0.5391824324609276
Karlen McCaffrey,Canada,Organic Choco Syrup,2023-07-15,2466.59,309.0,0.1397266964586941,-0.8226546319280931,0.6518518518518519,1.2326501949056086
Kaine Padly,UK,Peanut Butter Cubes,2023-05-11,6564.2,92.0,0.37250756996855117,0.13199745846055858,0.1925925925925926,-0.5982435200398121
Karlen McCaffrey,USA,Milk Bars,2023-01-27,4764.56,7.0,0.27027193231555857,-0.28727867761560105,0.012698412698412698,-1.3154138692119814
Karlen McCaffrey,India,Orange Choco,2023-06-27,3172.08,153.0,0.1798048343128259,-0.6582911363176543,0.3216931216931217,-0.08356832828096117
Ches Bonnell,India,Smooth Sliky Salty,2023-08-03,8062.0,20.0,0.45759599769668147,0.4809515807377208,0.04021164021164021,-1.2057289922797674
Wilone O'Kielt,New Zealand,Mint Chip Choco,2023-08-19,12382.41,245.0,0.703033902651209,1.4875111210151104,0.5164021164021164,0.6926631084700927
Wilone O'Kielt,Australia,Fruit & Nut Bars,2023-06-15,413.6,111.0,0.023098514297140993,-1.3009556891411997,0.2328042328042328,-0.4379348537542684
Dennison Crosswaite,UK,Peanut Butter Cubes,2023-02-07,10186.18,154.0,0.5782684081730735,0.9758383262703035,0.3238095238095238,-0.07513103005540624
Karlen McCaffrey,Australia,Almond Choco,2023-07-08,7936.84,138.0,0.45048579098386754,0.4517920815093795,0.28994708994708995,-0.21012780166428516
Dennison Crosswaite,India,Milk Bars,2023-04-21,1712.72,93.0,0.0969001421714691,-0.9982895926445333,0.19470899470899472,-0.5898062218142571
Ches Bonnell,UK,Mint Chip Choco,2023-04-08,3088.98,226.0,0.17508401154329217,-0.6776515900239116,0.47619047619047616,0.532354442184549
Husein Augar,Australia,50% Dark Bites,2023-08-19,14953.43,51.0,0.8490908191003863,2.086501658775178,0.10582010582010581,-0.9441727472875644
Jan Morforth,India,Fruit & Nut Bars,2023-05-04,3219.13,54.0,0.18247769485803123,-0.6473295316620657,0.11216931216931217,-0.9188608526108996
Mallorie Waber,USA,85% Dark Bars,2023-05-11,2700.61,112.0,0.153021124190659,-0.7681331713223369,0.23492063492063492,-0.42949755552871344
Mallorie Waber,USA,Eclairs,2023-03-22,7219.96,53.0,0.4097605993229368,0.2847749689589375,0.11005291005291006,-0.9272981508364545
Dennison Crosswaite,Canada,Spicy Special Slims,2023-08-10,2634.13,234.0,0.14924446597503202,-0.7836215342873427,0.4931216931216931,0.5998528279889884
Dennison Crosswaite,USA,Fruit & Nut Bars,2023-05-04,1630.95,321.0,0.09225487528982321,-1.0173401859003777,0.6772486772486772,1.3338977736122677
Kelci Walkden,USA,99% Dark & Pure,2023-08-18,8250.66,258.0,0.46831357198910306,0.5249051691399169,0.5439153439153439,0.8023479854023069
Dotty Strutley,Canada,Raspberry Choco,2023-08-03,4849.3,248.0,0.2750859217438412,-0.26753614034642853,0.5227513227513227,0.7179750031467576
Marney O'Breen,New Zealand,Milk Bars,2023-01-14,7940.49,328.0,0.4506931436085221,0.45264245041464823,0.692063492063492,1.392958861191152
Madelene Upcott,Australia,Choco Coated Almonds,2023-04-08,2106.93,69.0,0.11929479372354963,-0.906447421097678,0.1439153439153439,-0.7923013792275756
Kelci Walkden,UK,Orange Choco,2023-08-01,3911.85,3.0,0.2218303825705632,-0.48594116233115664,0.004232804232804233,-1.3491630621142012
Dennison Crosswaite,Canada,Eclairs,2023-03-15,483.04,45.0,0.02704332697002213,-1.2847777119406882,0.09312169312169312,-0.994796536640894
Karlen McCaffrey,India,Mint Chip Choco,2023-07-15,11380.7,192.0,0.6461278211052448,1.254134946742006,0.4042328042328042,0.24548630251568124
Barr Faughny,New Zealand,Almond Choco,2023-01-13,6372.68,131.0,0.3616275221127016,0.0873775536010834,0.2751322751322751,-0.2691888892431697
Mallorie Waber,Australia,85% Dark Bars,2023-08-26,2714.76,52.0,0.15382497066705977,-0.764836535703281,0.10793650793650794,-0.9357354490620095
Ches Bonnell,Canada,Eclairs,2023-01-10,2106.17,172.0,0.11925161893047088,-0.9066244842121995,0.3619047619047619,0.07674033800458258
Gigi Bohling,Australia,White Choc,2023-05-11,5805.24,83.0,0.329391858185575,-0.04482335916761274,0.17354497354497356,-0.6741792040698065
Beverie Moffet,New Zealand,85% Dark Bars,2023-08-30,12205.52,23.0,0.6929849695621259,1.4462996811101785,0.04656084656084656,-1.1804170976031025
Kaine Padly,USA,Caramel Stuffed Bars,2023-07-21,6318.7,124.0,0.35856097562534384,0.07480141291439533,0.26031746031746034,-0.32824997682205426
Mallorie Waber,Australia,Almond Choco,2023-08-01,8522.8,137.0,0.48377355644759773,0.5883077428056311,0.2878306878306878,-0.2185650998898401
Brien Boise,Canada,85% Dark Bars,2023-02-17,10315.88,268.0,0.5856365274655947,1.0060555446301296,0.5650793650793651,0.8867209676578562
Brien Boise,Australia,Drinking Coco,2023-07-27,7262.12,158.0,0.4121556641600432,0.294597312259248,0.3322751322751323,-0.041381837153186496
Dotty Strutley,USA,Orange Choco,2023-02-23,1414.84,112.0,0.07997789564212242,-1.0676890144257598,0.23492063492063492,-0.42949755552871344
Rafaelita Blaksland,Australia,50% Dark Bites,2023-03-22,3067.9,42.0,0.17388647912473898,-0.6825627616740668,0.08677248677248678,-1.0201084313175588
Dennison Crosswaite,India,99% Dark & Pure,2023-06-23,7369.69,325.0,0.4182666016488367,0.3196587322975403,0.6857142857142857,1.3676469665144875
Curtice Advani,UK,White Choc,2023-02-01,1775.18,73.0,0.1004484284552847,-0.9837378003642344,0.1523809523809524,-0.7585521863253558
Kelci Walkden,Australia,After Nines,2023-03-02,7683.78,279.0,0.4361097210674029,0.39283472392928953,0.5883597883597883,0.9795312481389604
Gigi Bohling,UK,Fruit & Nut Bars,2023-04-06,1412.22,90.0,0.07982905622387719,-1.0682994162152952,0.18835978835978837,-0.615118116490922
Gunar Cockshoot,Australia,Raspberry Choco,2023-03-17,607.08,76.0,0.034089907671983194,-1.2558791478284843,0.15873015873015872,-0.7332402916486911
Curtice Advani,UK,Fruit & Nut Bars,2023-06-24,11688.75,136.0,0.6636278145367113,1.3259037525688717,0.2857142857142857,-0.22700239811539502
Barr Faughny,Canada,50% Dark Bites,2023-07-19,10275.55,301.0,0.583345422985507,0.9966595506713649,0.6349206349206349,1.165151809101169
Curtice Advani,USA,Spicy Special Slims,2023-07-11,1788.1,271.0,0.10118239993762376,-0.980727727417365,0.5714285714285714,0.912032862334521
Brien Boise,India,Almond Choco,2023-01-13,2378.08,222.0,0.13469853733316542,-0.8432754954364063,0.4677248677248677,0.49860524928232924
Oby Sorrel,New Zealand,Smooth Sliky Salty,2023-07-07,9545.03,64.0,0.5418453574066889,0.8264646211708228,0.13333333333333333,-0.8344878703553502
Jan Morforth,India,85% Dark Bars,2023-05-25,4999.52,446.0,0.28361976044948933,-0.23253821789451545,0.9417989417989417,2.3885600518066346
Marney O'Breen,India,Fruit & Nut Bars,2023-04-13,5312.5,160.0,0.3013998219465852,-0.15962083160108104,0.33650793650793653,-0.02450724070207663
Andria Kimpton,New Zealand,50% Dark Bites,2023-03-02,3750.88,208.0,0.21268584777860358,-0.523443595942423,0.4380952380952381,0.38048307412456017
Gunar Cockshoot,Canada,Raspberry Choco,2023-06-23,2375.74,129.0,0.13456560441763343,-0.8438206634469075,0.2708994708994709,-0.2860634856942796
Kelci Walkden,USA,Drinking Coco,2023-07-26,7013.61,170.0,0.39803807491266857,0.23670000358846577,0.3576719576719577,0.059865741553472705
Van Tuxwell,Canada,White Choc,2023-03-22,481.52,3.0,0.026956977383864593,-1.2851318381697316,0.004232804232804233,-1.3491630621142012
Rafaelita Blaksland,USA,Baker's Choco Chips,2023-06-09,3136.92,64.0,0.17780743204355026,-0.6664826351421068,0.13333333333333333,-0.8344878703553502
Van Tuxwell,Australia,Caramel Stuffed Bars,2023-05-17,6584.26,62.0,0.37364715727007763,0.13667099277280323,0.1291005291005291,-0.8513624668064601
Ches Bonnell,New Zealand,Peanut Butter Cubes,2023-03-04,1024.77,260.0,0.057818433094444635,-1.1585666579540363,0.5481481481481482,0.8192225818534167
Kelci Walkden,Canada,Milk Bars,2023-07-07,17609.863750000004,27.0,1.0,2.7053917025852208,0.05502645502645503,-1.1466679047008828
Dennison Crosswaite,Canada,Choco Coated Almonds,2023-01-13,10707.82,124.0,0.6079022227278216,1.0973688566112427,0.26031746031746034,-0.32824997682205426
Curtice Advani,Australia,Almond Choco,2023-07-13,3019.09,78.0,0.17111363484819334,-0.6939344072264425,0.16296296296296298,-0.7163656951975812
Madelene Upcott,Australia,85% Dark Bars,2023-06-16,1758.62,329.0,0.09950767243767364,-0.98759591243855,0.6941798941798942,1.401396159416707
Gigi Bohling,UK,50% Dark Bites,2023-07-18,8385.38,73.0,0.4759668721516973,0.5562919359667156,0.1523809523809524,-0.7585521863253558
Ches Bonnell,UK,Manuka Honey Choco,2023-05-30,4854.12,411.0,0.2753597408262618,-0.2664131874359092,0.8677248677248677,2.0932546139122117
Gigi Bohling,UK,70% Dark Bites,2023-06-21,949.18,83.0,0.05352424545125504,-1.1761774485154803,0.17354497354497356,-0.6741792040698065
Jehu Rudeforth,Australia,Peanut Butter Cubes,2023-06-24,6047.05,40.0,0.3431288275465973,0.011512998361991158,0.08253968253968254,-1.0369830277686687
Marney O'Breen,India,Eclairs,2023-01-13,3883.32,94.0,0.22020962356196158,-0.4925880184591893,0.19682539682539682,-0.5813689235887023
Curtice Advani,Canada,Fruit & Nut Bars,2023-04-04,4382.07,210.0,0.24854308151990318,-0.37639034955430584,0.44232804232804235,0.39735767057567006
Kaine Padly,UK,Smooth Sliky Salty,2023-06-08,9928.1,473.5,0.5636071573865359,0.9157114202232411,1.0,2.620585753009395
Karlen McCaffrey,Canada,Spicy Special Slims,2023-08-02,6315.53,51.0,0.35838089129105477,0.07406287334461391,0.10582010582010581,-0.9441727472875644
Kelci Walkden,USA,Organic Choco Syrup,2023-07-21,10630.08,155.0,0.6034858958673698,1.0792571638179282,0.32592592592592595,-0.06669373182985129
Curtice Advani,India,Spicy Special Slims,2023-06-20,167.33,143.0,0.009108177071472247,-1.3583311275797074,0.30052910052910053,-0.16794131053651049
Roddy Speechley,India,After Nines,2023-06-22,2690.14,117.0,0.1524263346070607,-0.7705724487026561,0.2455026455026455,-0.38731106440093876
Camilla Castle,Australia,Caramel Stuffed Bars,2023-05-02,3242.04,15.0,0.18377918763360304,-0.6419920106703648,0.02962962962962963,-1.2479154834075419
Curtice Advani,Australia,99% Dark & Pure,2023-01-07,5363.69,87.0,0.30430787149619326,-0.14769469892691373,0.182010582010582,-0.6404300111675868
Mallorie Waber,UK,50% Dark Bites,2023-02-21,6160.89,95.0,0.34959595707829066,0.03803518909508783,0.19894179894179895,-0.5729316253631473
Ches Bonnell,Canada,Baker's Choco Chips,2023-03-21,7968.23,373.0,0.45226902355589715,0.4591052540946913,0.7873015873015873,1.7726372813411242
Van Tuxwell,UK,Drinking Coco,2023-04-04,6388.95,131.0,0.3625518035382168,0.09116810211854184,0.2751322751322751,-0.2691888892431697
Gunar Cockshoot,Canada,Fruit & Nut Bars,2023-03-24,15840.74,216.0,0.8994979581092307,2.2932251747571177,0.455026455026455,0.4479814599289996
Gunar Cockshoot,New Zealand,Spicy Special Slims,2023-06-28,7265.05,194.0,0.4123221143491495,0.2952799371612858,0.4084656084656085,0.2623608989667911
Gunar Cockshoot,Australia,Drinking Coco,2023-01-14,2342.49,192.0,0.1326767072204373,-0.8515671747072331,0.4042328042328042,0.24548630251568124
Karlen McCaffrey,New Zealand,Fruit & Nut Bars,2023-02-07,1365.88,147.0,0.07719653002483756,-1.0790956066454753,0.308994708994709,-0.13419211763429076
Dennison Crosswaite,New Zealand,Drinking Coco,2023-01-11,4437.46,196.0,0.2516897286102098,-0.36348571019462356,0.4126984126984127,0.279235495417901
Jehu Rudeforth,India,99% Dark & Pure,2023-02-25,2072.24,232.0,0.11732409165525691,-0.9145294203644657,0.4888888888888889,0.5829782315378785
Dotty Strutley,Australia,Mint Chip Choco,2023-08-01,7091.81,27.0,0.4024805338847208,0.2549188661616226,0.05502645502645503,-1.1466679047008828
Roddy Speechley,Australia,Mint Chip Choco,2023-05-05,7213.16,277.0,0.4093742985427583,0.28319072003953255,0.5841269841269842,0.9626566516878506
Madelene Upcott,New Zealand,Raspberry Choco,2023-05-18,9672.76,411.0,0.549101563090835,0.8562228732995861,0.8677248677248677,2.0932546139122117
Dotty Strutley,New Zealand,Choco Coated Almonds,2023-01-04,5750.05,350.0,0.32625657288292076,-0.057681402970841775,0.7386243386243386,1.5785794221533607
Roddy Speechley,New Zealand,50% Dark Bites,2023-05-09,4641.29,220.0,0.26326909449605884,-0.31599784883546084,0.4634920634920635,0.48173065283121935
Rafaelita Blaksland,India,Smooth Sliky Salty,2023-05-06,1871.33,88.0,0.10591060786913149,-0.9613369865994134,0.18412698412698414,-0.6319927129420319
Husein Augar,UK,White Choc,2023-01-13,10843.46,142.0,0.6156077871136165,1.1289699629977257,0.2984126984126984,-0.17637860876206543
Roddy Speechley,Australia,Almond Choco,2023-06-24,5032.45,79.0,0.2854904787864417,-0.22486625952451497,0.16507936507936508,-0.7079283969720263
Van Tuxwell,USA,Caramel Stuffed Bars,2023-02-14,1106.38,21.0,0.06245461054596868,-1.1395533411433545,0.042328042328042326,-1.1972916940542124
Camilla Castle,Australia,99% Dark & Pure,2023-01-18,4977.55,97.0,0.2823716680758833,-0.23765673977088703,0.20317460317460317,-0.5560570289120375
Kaine Padly,India,Milk Bars,2023-05-02,3210.14,92.0,0.18196698250306,-0.649424001924632,0.1925925925925926,-0.5982435200398121
Ches Bonnell,Australia,Smooth Sliky Salty,2023-05-16,7794.8,54.0,0.4424166493931988,0.4186999173163977,0.11216931216931217,-0.9188608526108996
Mallorie Waber,USA,Almond Choco,2023-01-28,7613.37,370.0,0.4321098037244081,0.37643075827998057,0.780952380952381,1.7473253866644594
Kaine Padly,Canada,99% Dark & Pure,2023-06-24,1332.76,409.0,0.07531501798961546,-1.0868118307941064,0.8634920634920635,2.076380017461102
Oby Sorrel,UK,After Nines,2023-07-18,2587.76,108.0,0.14661023550784455,-0.7944247140509908,0.22645502645502646,-0.46324674843093316
Gunar Cockshoot,UK,Eclairs,2023-04-13,3826.22,169.0,0.21696583318722779,-0.5058910498265455,0.35555555555555557,0.051428443327917774
Dotty Strutley,USA,Caramel Stuffed Bars,2023-04-15,17609.863750000004,80.0,1.0,2.7053917025852208,0.1671957671957672,-0.6994910987464713
Jan Morforth,India,Peanut Butter Cubes,2023-01-04,8859.63,184.0,0.5029085111222313,0.6667816492060962,0.3873015873015873,0.17798791671124178
Husein Augar,Australia,Eclairs,2023-07-04,7299.4,34.0,0.4142735013784333,0.3032827239821032,0.06984126984126984,-1.0876068171219981
Beverie Moffet,USA,Smooth Sliky Salty,2023-03-24,2556.26,354.0,0.14482075395260613,-0.8017635141923518,0.7470899470899471,1.6123286150555804
Camilla Castle,Australia,Manuka Honey Choco,2023-03-17,703.4,181.0,0.039561744605334445,-1.233438727840678,0.38095238095238093,0.15267602203457697
Oby Sorrel,Australia,Almond Choco,2023-02-15,6421.18,242.0,0.3643827556183862,0.0986769760409568,0.5100529100529101,0.6673512137934279
Jan Morforth,USA,Orange Choco,2023-06-29,1048.26,149.0,0.05915287505420814,-1.1530940098486213,0.31322751322751324,-0.1173175211831809
Gigi Bohling,USA,Fruit & Nut Bars,2023-05-24,3099.14,115.0,0.17566119035602937,-0.6752845357560948,0.24126984126984127,-0.40418566085204866
Mallorie Waber,UK,Milk Bars,2023-01-10,3737.68,282.0,0.21193596979355128,-0.5265189026683267,0.5947089947089947,1.0048431428156253
Curtice Advani,USA,Raspberry Choco,2023-03-15,3086.89,153.0,0.17496528086232555,-0.6781385135888464,0.3216931216931217,-0.08356832828096117
Marney O'Breen,Canada,Milk Bars,2023-02-08,2618.15,312.0,0.14833665914161265,-0.7873445192479444,0.6582010582010582,1.2579620895822732
Brien Boise,India,Caramel Stuffed Bars,2023-02-25,1643.45,110.0,0.09296498701809242,-1.0144279636220597,0.2306878306878307,-0.44637215197982333
Gunar Cockshoot,USA,Eclairs,2023-05-03,7368.94,45.0,0.41822399494514056,0.3194839989608413,0.09312169312169312,-0.994796536640894
Roddy Speechley,USA,Fruit & Nut Bars,2023-06-14,6082.19,23.0,0.3451250936371077,0.01969983763079826,0.04656084656084656,-1.1804170976031025
Gunar Cockshoot,India,50% Dark Bites,2023-08-09,14456.14,79.0,0.8208403021923064,1.970644137432402,0.16507936507936508,-0.7079283969720263
Wilone O'Kielt,New Zealand,Manuka Honey Choco,2023-07-11,4173.4,254.0,0.23668876037286823,-0.4250058233796333,0.5354497354497354,0.7685987925000871
Kaine Padly,UK,Manuka Honey Choco,2023-01-14,7189.18,113.0,0.4080120202032467,0.2776039128208076,0.23703703703703705,-0.4210602573031585
Van Tuxwell,Canada,Manuka Honey Choco,2023-02-24,8962.96,48.0,0.508778578712796,0.6908552434475831,0.09947089947089947,-0.9694846419642292
Wilone O'Kielt,New Zealand,Almond Choco,2023-03-15,10085.02,146.0,0.5725216159785363,0.9522702938163327,0.30687830687830686,-0.1426294158598457
Oby Sorrel,New Zealand,Baker's Choco Chips,2023-04-25,12073.18,51.0,0.6854668746725939,1.4154674014051714,0.10582010582010581,-0.9441727472875644
Dennison Crosswaite,Australia,Organic Choco Syrup,2023-05-10,6655.62,39.0,0.37770104310442093,0.1532962873152643,0.08042328042328042,-1.0454203259942236
Marney O'Breen,Australia,Spicy Special Slims,2023-06-23,14193.67,302.0,0.8059296601668008,1.9094944589211946,0.6370370370370371,1.173589107326724
Beverie Moffet,Canada,Smooth Sliky Salty,2023-02-28,15507.29,352.0,0.8805550176459213,2.21553873326071,0.7428571428571429,1.5954540186044706
Brien Boise,USA,Organic Choco Syrup,2023-05-25,17383.08,145.0,0.98711665594753,2.6525561274563825,0.3047619047619048,-0.15106671408540062
Roddy Speechley,New Zealand,Baker's Choco Chips,2023-02-22,5912.59,232.0,0.335490297707951,-0.01981319424141867,0.4888888888888889,0.5829782315378785
Van Tuxwell,UK,85% Dark Bars,2023-07-11,4029.28,128.0,0.22850145619061554,-0.458582581359727,0.2687830687830688,-0.2945007839198345
Marney O'Breen,Canada,Spicy Special Slims,2023-01-03,3563.09,344.0,0.20201769726246954,-0.5671944936740482,0.725925925925926,1.5279556328000312
Rafaelita Blaksland,New Zealand,70% Dark Bites,2023-08-24,773.73,280.0,0.043557117233268355,-1.2170534004139502,0.5904761904761905,0.9879685463645154
Beverie Moffet,USA,50% Dark Bites,2023-07-28,2620.19,340.0,0.14845254937566618,-0.7868692445721229,0.7174603174603175,1.4942064398978114
Brien Boise,USA,Mint Chip Choco,2023-05-25,11426.56,151.0,0.6487330790139187,1.2648193078366983,0.31746031746031744,-0.10044292473207103
Karlen McCaffrey,New Zealand,Eclairs,2023-05-06,2935.8,171.0,0.16638201838038993,-0.7133391267113303,0.35978835978835977,0.06830303977902764
Barr Faughny,India,Drinking Coco,2023-01-28,2431.53,148.0,0.13773497508324462,-0.830822832974319,0.3111111111111111,-0.12575481940873584
Marney O'Breen,UK,Orange Choco,2023-06-06,11882.82,13.0,0.6746527251851278,1.3711177507731238,0.025396825396825397,-1.2647900798586518
Brien Boise,New Zealand,Baker's Choco Chips,2023-07-12,6297.06,26.0,0.3573316302013642,0.06975977370617155,0.05291005291005291,-1.1551052029264377
Ches Bonnell,Canada,Spicy Special Slims,2023-08-05,5859.21,193.0,0.33245783658355016,-0.03224954825874739,0.40634920634920635,0.25392360074123616
Brien Boise,USA,Orange Choco,2023-01-28,6276.91,157.0,0.3561869300953942,0.065065271393523,0.33015873015873015,-0.04981913537874143
Kaine Padly,India,Spicy Special Slims,2023-08-31,5674.7,147.0,0.32197601938491394,-0.07523627886454207,0.308994708994709,-0.13419211763429076
Mallorie Waber,USA,50% Dark Bites,2023-04-19,1960.1,14.0,0.11095353731860814,-0.9406555488677111,0.027513227513227514,-1.2563527816330968
Mallorie Waber,UK,Mint Chip Choco,2023-06-29,6540.3,2.0,0.3711498363441005,0.12642928946441487,0.0021164021164021165,-1.3576003603397562
Beverie Moffet,India,Choco Coated Almonds,2023-02-24,3818.21,287.0,0.21651079359175288,-0.5077572018624915,0.6052910052910053,1.0470296339434
Madelene Upcott,UK,Smooth Sliky Salty,2023-03-04,14769.97,87.0,0.8386686512869246,2.0437595548407623,0.182010582010582,-0.6404300111675868
Gigi Bohling,India,Eclairs,2023-06-21,3687.44,73.0,0.20908188873529168,-0.5382237064493419,0.1523809523809524,-0.7585521863253558
Rafaelita Blaksland,Australia,Organic Choco Syrup,2023-01-26,1123.58,114.0,0.06343172428406711,-1.1355461232883892,0.23915343915343915,-0.41262295907760355
Oby Sorrel,New Zealand,White Choc,2023-06-10,4612.08,38.0,0.26160970540943934,-0.3228031298554341,0.07830687830687831,-1.0538576242197786
Andria Kimpton,UK,Drinking Coco,2023-05-23,1600.11,70.0,0.09050288763383739,-1.0245252207054436,0.14603174603174604,-0.7838640810020207
Kelci Walkden,India,Milk Bars,2023-04-15,975.67,105.0,0.05502911422580316,-1.1700058670632691,0.2201058201058201,-0.48855864310759795
Karlen McCaffrey,New Zealand,Caramel Stuffed Bars,2023-01-31,5487.3,219.0,0.31133002435470186,-0.1188963152610837,0.4613756613756614,0.47329335460566446
Andria Kimpton,New Zealand,Organic Choco Syrup,2023-03-04,4948.15,39.0,0.2807014852909941,-0.2445062865694908,0.08042328042328042,-1.0454203259942236
Barr Faughny,New Zealand,After Nines,2023-04-19,11460.08,81.0,0.6506373146244455,1.2726287230982356,0.1693121693121693,-0.6910538005209164
Beverie Moffet,UK,Almond Choco,2023-05-16,2628.33,101.0,0.14891497413311508,-0.7849728054244823,0.21164021164021163,-0.5223078360098177
Oby Sorrel,Australia,Raspberry Choco,2023-02-17,1044.35,126.0,0.05893075210560553,-1.1540049529772791,0.26455026455026454,-0.31137538037094437
Dennison Crosswaite,USA,Raspberry Choco,2023-01-18,7449.7,264.0,0.4228118847991423,0.33829928465659753,0.5566137566137566,0.8529717747556365
Roddy Speechley,Canada,Orange Choco,2023-02-09,9315.64,88.0,0.5288139550588749,0.7730218476969553,0.18412698412698414,-0.6319927129420319
Mallorie Waber,Canada,Orange Choco,2023-03-23,3820.94,179.0,0.21666588199320688,-0.5071211725169069,0.37671957671957673,0.1358014255834671
Madelene Upcott,New Zealand,Caramel Stuffed Bars,2023-02-01,3782.83,150.0,0.2145008933560597,-0.5159999557990425,0.31534391534391537,-0.10888022295762596
Mallorie Waber,India,Drinking Coco,2023-03-07,4525.72,146.0,0.256703685501173,-0.3429230911318766,0.30687830687830686,-0.1426294158598457
Ches Bonnell,UK,White Choc,2023-01-03,3730.79,237.0,0.2115445562089293,-0.5281241195881355,0.49947089947089945,0.6251647226656533
Ches Bonnell,USA,White Choc,2023-02-11,6068.19,349.0,0.34432976850144614,0.016438148679082228,0.7365079365079366,1.5701421239278057
Dennison Crosswaite,New Zealand,Orange Choco,2023-03-16,4944.46,144.0,0.28049186030880907,-0.24536597458605017,0.30264550264550266,-0.15950401231095557
Dotty Strutley,India,White Choc,2023-08-15,12331.35,337.0,0.700133238263575,1.4756152754526377,0.7111111111111111,1.4688945452211466
Gigi Bohling,India,Manuka Honey Choco,2023-05-12,5290.76,76.0,0.3001647956287794,-0.16468576858753145,0.15873015873015872,-0.7332402916486911
Van Tuxwell,India,Spicy Special Slims,2023-04-11,6874.06,4.0,0.3901103875782711,0.2041879540733251,0.006349206349206349,-1.3407257638886463
Jan Morforth,New Zealand,Mint Chip Choco,2023-06-30,17609.863750000004,297.0,1.0,2.7053917025852208,0.6264550264550265,1.1314026161989492
Dotty Strutley,New Zealand,White Choc,2023-06-15,7923.1,62.0,0.449705236172154,0.44859096678105254,0.1291005291005291,-0.8513624668064601
Rafaelita Blaksland,Canada,Caramel Stuffed Bars,2023-08-01,8145.99,100.0,0.46236738042126796,0.5005193846701943,0.20952380952380953,-0.5307451342353726
Kaine Padly,USA,Milk Bars,2023-06-15,16253.25,58.0,0.9229322132314974,2.3893308397194306,0.12063492063492064,-0.8851116597086799
Brien Boise,India,After Nines,2023-06-16,5744.07,49.0,0.32591685543211674,-0.05907461010878916,0.10158730158730159,-0.9610473437386743
Oby Sorrel,New Zealand,Raspberry Choco,2023-05-13,4908.71,288.0,0.2784609407659591,-0.2536949303020393,0.6074074074074074,1.055466932168955
Dennison Crosswaite,USA,Drinking Coco,2023-05-10,2369.87,139.0,0.13423213595003822,-0.8451882430288056,0.2920634920634921,-0.20169050343873024
Oby Sorrel,India,Eclairs,2023-08-25,5973.24,337.0,0.3389357598135132,-0.005683091747020379,0.7111111111111111,1.4688945452211466
Ches Bonnell,New Zealand,Organic Choco Syrup,2023-07-15,8047.16,86.0,0.4567529530528803,0.4774941904489018,0.17989417989417988,-0.6488673093931417
Gigi Bohling,UK,Baker's Choco Chips,2023-05-16,9656.56,400.0,0.5481812582909981,0.8524486332268859,0.8444444444444444,2.0004443334311075
Jan Morforth,Australia,50% Dark Bites,2023-06-14,3925.06,186.0,0.22258082864499812,-0.4828635258274303,0.3915343915343915,0.19486251316235165
Beverie Moffet,Australia,Smooth Sliky Salty,2023-01-25,11682.62,473.5,0.663279575745168,1.3244755987635848,1.0,2.620585753009395
Ches Bonnell,USA,Organic Choco Syrup,2023-07-28,7874.15,13.0,0.44692443864425174,0.43718670433915957,0.025396825396825397,-1.2647900798586518
Brien Boise,Canada,Mint Chip Choco,2023-01-28,5061.37,179.0,0.2871333932809654,-0.2181285420613987,0.37671957671957673,0.1358014255834671
Kaine Padly,UK,Orange Choco,2023-06-29,2099.24,186.0,0.11885793298831841,-0.9082390202432991,0.3915343915343915,0.19486251316235165
Karlen McCaffrey,Australia,70% Dark Bites,2023-06-24,237.57,311.0,0.013098436894962612,-1.3419667681533836,0.656084656084656,1.2495247913567182
Gunar Cockshoot,Canada,Mint Chip Choco,2023-07-01,8829.77,445.0,0.5012121962257419,0.6598249326276506,0.9396825396825397,2.3801227535810794
Roddy Speechley,USA,Peanut Butter Cubes,2023-02-25,1733.09,135.0,0.0980573402438566,-0.9935438352197865,0.28359788359788357,-0.23543969634094997
Curtice Advani,Canada,Smooth Sliky Salty,2023-08-01,3047.18,12.0,0.1727093979239599,-0.6873900613226066,0.02328042328042328,-1.2732273780842067
Oby Sorrel,Australia,Milk Bars,2023-06-21,8497.72,276.0,0.4823487882759984,0.5824646600264142,0.582010582010582,0.9542193534622957
Camilla Castle,New Zealand,Spicy Special Slims,2023-01-25,12557.56,26.0,0.7129839881877172,1.5283171795789006,0.05291005291005291,-1.1551052029264377
Gigi Bohling,UK,Milk Bars,2023-05-17,1406.91,231.0,0.07952740076170843,-1.0695365282391247,0.48677248677248675,0.5745409333123237
Andria Kimpton,Australia,85% Dark Bars,2023-08-23,4496.32,240.0,0.2550335027162838,-0.34977263793048036,0.5058201058201058,0.6504766173423181
Camilla Castle,Australia,Smooth Sliky Salty,2023-03-03,8220.25,125.0,0.46658601217656975,0.5178203147812253,0.2624338624338624,-0.3198126785964993
Roddy Speechley,India,Caramel Stuffed Bars,2023-05-30,9588.03,473.5,0.5442881417519351,0.8364826658082363,1.0,2.620585753009395
Karlen McCaffrey,USA,Drinking Coco,2023-06-29,114.82,231.0,0.006125139723358932,-1.370564790926465,0.48677248677248675,0.5745409333123237
Andria Kimpton,Canada,Organic Choco Syrup,2023-01-04,8804.98,214.0,0.4998039026462383,0.6540494134052904,0.4507936507936508,0.4311068634778898
Jehu Rudeforth,Australia,Drinking Coco,2023-01-14,2900.61,68.0,0.16438291184296644,-0.7215376148692507,0.14179894179894179,-0.8007386774531305
Karlen McCaffrey,USA,Mint Chip Choco,2023-02-15,16773.08,58.0,0.9524632036079923,2.5104396802744695,0.12063492063492064,-0.8851116597086799
Curtice Advani,New Zealand,Spicy Special Slims,2023-01-10,4153.59,473.5,0.2355633753059072,-0.42962111324631136,1.0,2.620585753009395
Madelene Upcott,USA,White Choc,2023-05-04,12571.07,226.0,0.7137514769436306,1.5314647094173066,0.47619047619047616,0.532354442184549
Andria Kimpton,USA,Spicy Special Slims,2023-05-23,2553.46,5.0,0.14466168892547382,-0.802415851982695,0.008465608465608466,-1.3322884656630913
Barr Faughny,New Zealand,Fruit & Nut Bars,2023-04-26,1888.94,159.0,0.10691101327191717,-0.957234247853719,0.3343915343915344,-0.032944538927631564
Oby Sorrel,Canada,Organic Choco Syrup,2023-07-05,1310.04,71.0,0.07402431891231333,-1.092105086007177,0.14814814814814814,-0.7754267827764657
Madelene Upcott,UK,Organic Choco Syrup,2023-07-21,7805.9,179.0,0.4430472286079018,0.4212859706995439,0.37671957671957673,0.1358014255834671
Dotty Strutley,USA,Mint Chip Choco,2023-02-21,6101.12,261.0,0.3462004868383986,0.02411010704908293,0.5502645502645502,0.8276598800789716
Kelci Walkden,USA,Orange Choco,2023-02-03,1425.81,133.0,0.08060108969485148,-1.065133248154308,0.27936507936507937,-0.25231429279205986
Gigi Bohling,Australia,Caramel Stuffed Bars,2023-07-08,8724.4,147.0,0.4952262384011237,0.6352760637103421,0.308994708994709,-0.13419211763429076
Mallorie Waber,India,50% Dark Bites,2023-05-31,664.82,147.0,0.03737005576720435,-1.2424270106804782,0.308994708994709,-0.13419211763429076
Van Tuxwell,New Zealand,Mint Chip Choco,2023-06-27,4351.31,103.0,0.24679563857897835,-0.3835567461367903,0.21587301587301588,-0.5054332395587079
Van Tuxwell,India,50% Dark Bites,2023-05-13,5825.09,123.0,0.3305195156100665,-0.04019875018964386,0.2582010582010582,-0.33668727504760915
Van Tuxwell,USA,Manuka Honey Choco,2023-05-31,2418.93,110.0,0.13701918246114922,-0.8337583530308635,0.2306878306878307,-0.44637215197982333
Wilone O'Kielt,USA,Orange Choco,2023-02-28,7725.52,38.0,0.4384809261504395,0.40255921656104876,0.07830687830687831,-1.0538576242197786
Barr Faughny,New Zealand,Eclairs,2023-03-28,7144.08,32.0,0.4054499370876513,0.26709661484063657,0.0656084656084656,-1.104481413573108
Gigi Bohling,USA,After Nines,2023-01-14,2043.13,243.0,0.11567038346246358,-0.9213114036062123,0.5121693121693122,0.6757885120189828
Barr Faughny,New Zealand,Mint Chip Choco,2023-02-21,6526.01,147.0,0.3703380366163431,0.12310003695584187,0.308994708994709,-0.13419211763429076
Dennison Crosswaite,Canada,85% Dark Bars,2023-08-01,11334.77,89.0,0.6435185865708923,1.2434342772025546,0.18624338624338624,-0.6235554147164769
Beverie Moffet,New Zealand,Smooth Sliky Salty,2023-05-19,2492.67,58.0,0.14120827356855498,-0.8165785713666106,0.12063492063492064,-0.8851116597086799
Husein Augar,USA,White Choc,2023-07-13,2066.48,59.0,0.11699687217087047,-0.9158713723903146,0.12275132275132275,-0.8766743614831249
Andria Kimpton,Australia,Peanut Butter Cubes,2023-04-20,7009.01,150.0,0.39777675379666555,0.23562830579004493,0.31534391534391537,-0.10888022295762596
Dennison Crosswaite,India,85% Dark Bars,2023-06-30,4562.97,21.0,0.2588198184514153,-0.3342446687424893,0.042328042328042326,-1.1972916940542124
Curtice Advani,UK,50% Dark Bites,2023-03-08,3442.99,142.0,0.1951949437772589,-0.5951751253241265,0.2984126984126984,-0.17637860876206543
Gunar Cockshoot,USA,Fruit & Nut Bars,2023-03-09,6669.6,99.0,0.37849523206131724,0.1565533167113351,0.2074074074074074,-0.5391824324609276
Oby Sorrel,Canada,Raspberry Choco,2023-06-16,1902.47,217.0,0.10767963820659576,-0.9540820584596678,0.45714285714285713,0.45641875815455457
Gigi Bohling,UK,Drinking Coco,2023-06-30,6157.17,43.0,0.34938462782795776,0.03716851174506037,0.08888888888888889,-1.0116711330920038
Kelci Walkden,India,Mint Chip Choco,2023-07-28,3012.68,129.0,0.17074948955393687,-0.695427794810764,0.2708994708994709,-0.2860634856942796
Karlen McCaffrey,Canada,Peanut Butter Cubes,2023-08-12,3473.62,170.0,0.1969350015562098,-0.5880390158533364,0.3576719576719577,0.059865741553472705
Barr Faughny,UK,Mint Chip Choco,2023-07-07,4129.98,332.0,0.23422211627355227,-0.4351217186855983,0.7005291005291006,1.4267080540933719
Barr Faughny,USA,85% Dark Bars,2023-08-25,14566.22,45.0,0.8270938301161365,1.9962903317041807,0.09312169312169312,-0.994796536640894
Husein Augar,Canada,Eclairs,2023-01-17,4049.61,255.0,0.22965638190547258,-0.45384614304627086,0.5375661375661376,0.7770360907256421
Jan Morforth,Australia,70% Dark Bites,2023-03-04,5924.44,396.0,0.3361634836263502,-0.017052407521573443,0.8359788359788359,1.9666951405288877
Marney O'Breen,New Zealand,Fruit & Nut Bars,2023-08-25,10100.95,4.0,0.5734265823650426,0.955981629887821,0.006349206349206349,-1.3407257638886463
Ches Bonnell,UK,Peanut Butter Cubes,2023-04-15,2362.01,272.0,0.13378561769530253,-0.8470194483974117,0.5735449735449736,0.9204701605600759
Kaine Padly,USA,Organic Choco Syrup,2023-03-11,2638.76,24.0,0.14950749135918295,-0.7825428471554537,0.04867724867724868,-1.1719797993775476
Camilla Castle,USA,Raspberry Choco,2023-05-20,3496.41,18.0,0.19822967725919022,-0.5827294521955072,0.03597883597883598,-1.2226035887308773
Brien Boise,New Zealand,Manuka Honey Choco,2023-06-14,17222.86,44.0,0.9780147278592665,2.615228427181815,0.091005291005291,-1.003233834866449
Jehu Rudeforth,New Zealand,After Nines,2023-04-14,1604.87,71.0,0.09077329817996231,-1.0234162464618601,0.14814814814814814,-0.7754267827764657
Jehu Rudeforth,USA,Smooth Sliky Salty,2023-07-07,7170.21,151.0,0.4069343546444253,0.2731843242912323,0.31746031746031744,-0.10044292473207103
Madelene Upcott,India,Mint Chip Choco,2023-08-24,4090.16,75.0,0.2319599843519779,-0.4443988939754077,0.15661375661375662,-0.7416775898742459
Jehu Rudeforth,India,Eclairs,2023-02-24,9574.38,134.0,0.543512699744665,0.8333025190803127,0.2814814814814815,-0.2438769945665049
Karlen McCaffrey,Canada,Raspberry Choco,2023-05-09,717.9,213.0,0.04038547421012673,-1.2300605499978292,0.4486772486772487,0.42266956525233484
Kaine Padly,Australia,70% Dark Bites,2023-02-08,7734.54,227.0,0.43899334277355856,0.40466067615708284,0.4783068783068783,0.5407917404101039
Roddy Speechley,UK,70% Dark Bites,2023-03-24,1606.49,305.0,0.09086532865994601,-1.02303882245459,0.6433862433862434,1.1989010020033888
Rafaelita Blaksland,USA,Drinking Coco,2023-06-20,9170.09,79.0,0.5205454140949082,0.739111931488222,0.16507936507936508,-0.7079283969720263
Mallorie Waber,Canada,Manuka Honey Choco,2023-03-07,1583.57,122.0,0.08956326779499157,-1.0283786732241138,0.2560846560846561,-0.3451245732731641
Kaine Padly,Australia,Fruit & Nut Bars,2023-06-20,7684.52,83.0,0.4361517596817165,0.3930071274881661,0.17354497354497356,-0.6741792040698065
Oby Sorrel,New Zealand,Organic Choco Syrup,2023-02-17,16765.07,261.0,0.9520081640125173,2.5085735282385233,0.5502645502645502,0.8276598800789716
Madelene Upcott,UK,99% Dark & Pure,2023-01-26,11796.63,45.0,0.6697563627963659,1.3510373957196662,0.09312169312169312,-0.994796536640894
Madelene Upcott,Australia,Mint Chip Choco,2023-05-02,2766.65,148.0,0.15677278647345091,-0.7527473185815279,0.3111111111111111,-0.12575481940873584
Curtice Advani,Canada,99% Dark & Pure,2023-07-07,13232.74,7.0,0.751340247123142,1.685619118608874,0.012698412698412698,-1.3154138692119814
Rafaelita Blaksland,Australia,Baker's Choco Chips,2023-08-22,2820.41,50.0,0.15982683499439113,-0.7402224330069384,0.1037037037037037,-0.9526100455131193
Karlen McCaffrey,Australia,After Nines,2023-08-11,2483.32,65.0,0.1406771099958096,-0.8187569136307924,0.13544973544973546,-0.8260505721297953
Marney O'Breen,UK,99% Dark & Pure,2023-01-13,9124.16,209.0,0.5179361795605557,0.7284112619487707,0.4402116402116402,0.3889203723501151
Gunar Cockshoot,Australia,50% Dark Bites,2023-03-02,12728.16,111.0,0.7226755930551355,1.5680631892333832,0.2328042328042328,-0.4379348537542684
Marney O'Breen,Australia,Choco Coated Almonds,2023-07-27,12624.64,41.0,0.7167947317663012,1.5439453292132657,0.08465608465608465,-1.0285457295431137
Kelci Walkden,New Zealand,Drinking Coco,2023-03-10,17584.16,110.0,0.9985397972531598,2.699403299914315,0.2306878306878307,-0.44637215197982333
Beverie Moffet,USA,85% Dark Bars,2023-08-23,13156.49,360.0,0.7470085655806997,1.667854562711135,0.7597883597883598,1.6629524044089101
Roddy Speechley,USA,Eclairs,2023-04-25,4164.1,167.0,0.23616043724703598,-0.42717251675470164,0.3513227513227513,0.0345538468768079
Dennison Crosswaite,UK,Milk Bars,2023-03-07,11698.98,436.0,0.6642089699751267,1.328287115281447,0.9206349206349206,2.304187069551085
Wilone O'Kielt,UK,Organic Choco Syrup,2023-07-12,4964.25,56.0,0.28161610919700486,-0.2407553442750173,0.1164021164021164,-0.9019862561597897
Madelene Upcott,USA,Orange Choco,2023-05-16,8258.37,132.0,0.4687515689030996,0.5267014278411836,0.27724867724867724,-0.26075159101761475
Gunar Cockshoot,India,Smooth Sliky Salty,2023-03-02,3938.2,70.0,0.2233272980937547,-0.47980219776846256,0.14603174603174604,-0.7838640810020207
Marney O'Breen,New Zealand,85% Dark Bars,2023-05-30,1368.27,163.0,0.07733230338728263,-1.078538789745861,0.34285714285714286,0.0008046539745881715
Marney O'Breen,UK,Manuka Honey Choco,2023-06-10,12449.46,177.0,0.7068429419616451,1.5031322813160073,0.3724867724867725,0.11892682913235723
Brien Boise,USA,99% Dark & Pure,2023-07-25,7323.82,339.0,0.41566077565078,0.30897204142502505,0.7153439153439154,1.4857691416722565
Beverie Moffet,New Zealand,Mint Chip Choco,2023-06-09,4560.81,102.0,0.2586971111447704,-0.3347479007521826,0.21375661375661376,-0.5138705377842627
Dennison Crosswaite,USA,Milk Bars,2023-05-12,777.46,58.0,0.04376901457298389,-1.2161843932861,0.12063492063492064,-0.8851116597086799
Gunar Cockshoot,USA,Drinking Coco,2023-05-09,3857.27,5.0,0.21872975072024853,-0.49865708968720385,0.008465608465608466,-1.3322884656630913
Brien Boise,Canada,Manuka Honey Choco,2023-08-09,7442.69,179.0,0.42241365414192894,0.3366661104029168,0.37671957671957673,0.1358014255834671
Van Tuxwell,India,Choco Coated Almonds,2023-04-13,5799.3,125.0,0.3290544130923015,-0.04620724719426931,0.2624338624338624,-0.3198126785964993
Andria Kimpton,USA,Caramel Stuffed Bars,2023-05-02,8836.9,48.0,0.5016172439555466,0.661486064215203,0.09947089947089947,-0.9694846419642292
Dotty Strutley,USA,99% Dark & Pure,2023-08-09,4185.0,315.0,0.2373477440567021,-0.4223032811053542,0.6645502645502646,1.283273984258938
Camilla Castle,Australia,Raspberry Choco,2023-08-23,6984.06,174.0,0.3963593707870402,0.22981551012252247,0.36613756613756615,0.09361493445569244
Gunar Cockshoot,India,Spicy Special Slims,2023-05-13,7362.7,179.0,0.41786950717038857,0.31803021759950506,0.37671957671957673,0.1358014255834671
Karlen McCaffrey,USA,Manuka Honey Choco,2023-02-01,10338.27,73.0,0.5869084795932706,1.011271917175053,0.1523809523809524,-0.7585521863253558
Camilla Castle,USA,50% Dark Bites,2023-06-23,6215.72,324.0,0.3527107911631708,0.05080936089670138,0.6835978835978836,1.3592096682889325
Madelene Upcott,UK,Choco Coated Almonds,2023-05-24,10400.66,144.0,0.5904527892514079,1.025807401010593,0.30264550264550266,-0.15950401231095557
Jan Morforth,Canada,Mint Chip Choco,2023-04-01,1062.61,217.0,0.059968083318261194,-1.1497507786731125,0.45714285714285713,0.45641875815455457
Camilla Castle,Canada,70% Dark Bites,2023-07-27,10095.71,151.0,0.5731289035285521,0.9547608263087498,0.31746031746031744,-0.10044292473207103
Ches Bonnell,India,Peanut Butter Cubes,2023-01-27,17609.863750000004,210.0,1.0,2.7053917025852208,0.44232804232804235,0.39735767057567006
Jan Morforth,India,Choco Coated Almonds,2023-08-12,2669.61,143.0,0.15126004710455135,-0.7753554825725653,0.30052910052910053,-0.16794131053651049
Gigi Bohling,Canada,Almond Choco,2023-02-01,10265.97,49.0,0.5828011933569615,0.9944276235172621,0.10158730158730159,-0.9610473437386743
Rafaelita Blaksland,India,After Nines,2023-03-02,5423.54,203.0,0.3077078864511463,-0.1337509786583276,0.4275132275132275,0.3382965829967855
Kelci Walkden,Australia,99% Dark & Pure,2023-06-30,3272.68,32.0,0.18551981350193653,-0.634853571421752,0.0656084656084656,-1.104481413573108
Dotty Strutley,Australia,Spicy Special Slims,2023-01-17,8840.59,92.0,0.5018268689377317,0.6623457522317625,0.1925925925925926,-0.5982435200398121
Brien Boise,USA,Milk Bars,2023-07-07,14460.51,124.0,0.8210885572525094,1.971662250340902,0.26031746031746034,-0.32824997682205426
Mallorie Waber,New Zealand,Mint Chip Choco,2023-01-31,1461.99,109.0,0.08265643708115389,-1.056704111991945,0.22857142857142856,-0.4548094502053782
Beverie Moffet,UK,99% Dark & Pure,2023-08-10,3701.6,131.0,0.20988630330107502,-0.5349247410524635,0.2751322751322751,-0.2691888892431697
Beverie Moffet,USA,Peanut Butter Cubes,2023-08-18,13951.32,329.0,0.7921620139791172,1.8530322933891674,0.6941798941798942,1.401396159416707
Brien Boise,New Zealand,White Choc,2023-06-15,5774.92,325.0,0.32766941117748516,-0.05188724552590054,0.6857142857142857,1.3676469665144875
Marney O'Breen,USA,Baker's Choco Chips,2023-01-26,9718.87,10.0,0.5517210232340746,0.8669654788398452,0.01904761904761905,-1.2901019745353166
Kelci Walkden,USA,Spicy Special Slims,2023-04-29,87.52,69.0,0.004574255708818969,-1.3769250843823113,0.1439153439153439,-0.7923013792275756
Mallorie Waber,Canada,White Choc,2023-03-03,3398.51,74.0,0.19266808220338577,-0.6055379770792928,0.1544973544973545,-0.7501148880998009
Kaine Padly,Australia,Almond Choco,2023-02-22,4371.77,375.0,0.2479579494558094,-0.3787900207116396,0.7915343915343915,1.789511877792234
Oby Sorrel,USA,Smooth Sliky Salty,2023-03-04,3632.32,169.0,0.20595058005831576,-0.5510654418078125,0.35555555555555557,0.051428443327917774
Dennison Crosswaite,India,Smooth Sliky Salty,2023-07-07,3343.85,10.0,0.18956290563801012,-0.6182725426579213,0.01904761904761905,-1.2901019745353166
Camilla Castle,New Zealand,Caramel Stuffed Bars,2023-06-17,4400.28,364.0,0.24957757228564578,-0.37214782413925235,0.7682539682539683,1.69670159731113
Jan Morforth,Canada,Caramel Stuffed Bars,2023-08-02,10802.13,124.0,0.6132598736952671,1.1193409912566954,0.26031746031746034,-0.32824997682205426
Oby Sorrel,USA,Baker's Choco Chips,2023-08-12,9154.17,123.0,0.5196410157977845,0.7354029251945563,0.2582010582010582,-0.33668727504760915
Madelene Upcott,New Zealand,Peanut Butter Cubes,2023-01-28,5360.89,340.0,0.304148806469061,-0.14834703671725677,0.7174603174603175,1.4942064398978114
Kelci Walkden,Australia,Orange Choco,2023-04-29,11597.46,462.0,0.6584417265628154,1.3046352108258603,0.9756613756613757,2.5235568234155132
Marney O'Breen,Australia,Manuka Honey Choco,2023-04-05,14939.24,238.0,0.848284700266455,2.0831957040448317,0.5015873015873016,0.6336020208912082
Kaine Padly,Canada,Manuka Honey Choco,2023-01-18,10845.85,146.0,0.6157435604760616,1.1295267798973403,0.30687830687830686,-0.1426294158598457
Jehu Rudeforth,UK,Baker's Choco Chips,2023-05-16,2832.78,104.0,0.16052956156068637,-0.737340497840315,0.21798941798941798,-0.4969959413331529
Kelci Walkden,Australia,White Choc,2023-08-24,8879.72,177.0,0.5040498026919056,0.6714621728518086,0.3724867724867725,0.11892682913235723
Curtice Advani,India,85% Dark Bars,2023-01-18,298.34,399.0,0.01655071607311622,-1.3278087083251133,0.8423280423280424,1.9920070352055526
Kaine Padly,USA,Eclairs,2023-08-22,7799.51,10.0,0.4426842194924106,0.41979724267086793,0.01904761904761905,-1.2901019745353166
Gunar Cockshoot,UK,99% Dark & Pure,2023-03-07,8.04,85.0,5.908129579199855e-05,-1.3954421585167678,0.17777777777777778,-0.6573046076186967
Beverie Moffet,UK,Choco Coated Almonds,2023-03-04,3212.35,66.0,0.182092530256618,-0.6489091210258254,0.13756613756613756,-0.8176132739042403
Dotty Strutley,Canada,Manuka Honey Choco,2023-04-22,12048.56,113.0,0.6840682386125949,1.4097314884057963,0.23703703703703705,-0.4210602573031585
Kaine Padly,Australia,Milk Bars,2023-06-09,4499.64,91.0,0.25522210839131215,-0.348999151693359,0.19047619047619047,-0.606680818265367
Jan Morforth,Canada,Fruit & Nut Bars,2023-07-25,9984.16,207.0,0.5667918664654776,0.9287721546970411,0.43597883597883597,0.3720457758990052
Jan Morforth,India,Smooth Sliky Salty,2023-08-03,11867.83,95.0,0.6738011592005873,1.367625413816965,0.19894179894179895,-0.5729316253631473
Rafaelita Blaksland,Australia,Manuka Honey Choco,2023-08-03,4806.65,132.0,0.2726630205269866,-0.2774726427600493,0.27724867724867724,-0.26075159101761475
Jehu Rudeforth,UK,Milk Bars,2023-05-03,13420.93,232.0,0.7620311212145806,1.7294632074534058,0.4888888888888889,0.5829782315378785
Husein Augar,Canada,After Nines,2023-01-19,10407.51,301.0,0.5908419304784994,1.0274032988191113,0.6349206349206349,1.165151809101169
Roddy Speechley,USA,50% Dark Bites,2023-02-11,10849.39,330.0,0.6159446641175074,1.1303515212465596,0.6962962962962963,1.409833457642262
Van Tuxwell,India,Almond Choco,2023-06-14,7247.29,402.0,0.4113131876056246,0.2911422517482517,0.8486772486772487,2.0173189298822174
Kelci Walkden,USA,50% Dark Bites,2023-03-23,6387.65,227.0,0.3624779519184768,0.09086523100159674,0.4783068783068783,0.5407917404101039
Madelene Upcott,Canada,85% Dark Bars,2023-02-17,8373.42,108.0,0.4752874372500894,0.5535055216908212,0.22645502645502646,-0.46324674843093316
Dennison Crosswaite,Canada,Smooth Sliky Salty,2023-03-17,1887.19,473.5,0.10681159762995948,-0.9576419589726836,1.0,2.620585753009395
Mallorie Waber,Australia,Spicy Special Slims,2023-06-29,6054.04,287.0,0.3435259220250454,0.013141513060026467,0.6052910052910053,1.0470296339434
Ches Bonnell,Canada,Choco Coated Almonds,2023-08-24,16254.61,268.0,0.9230094733875331,2.3896476895033114,0.5650793650793651,0.8867209676578562
Gigi Bohling,Canada,Spicy Special Slims,2023-07-04,13173.56,301.0,0.7479782941568242,1.6718314934544058,0.6349206349206349,1.165151809101169
Roddy Speechley,New Zealand,Almond Choco,2023-03-28,2721.46,72.0,0.15420559055341204,-0.7632755845621028,0.15026455026455027,-0.7669894845509108
Curtice Advani,India,Smooth Sliky Salty,2023-04-19,17609.863750000004,139.0,1.0,2.7053917025852208,0.2920634920634921,-0.20169050343873024
Ches Bonnell,New Zealand,Mint Chip Choco,2023-01-18,9327.52,232.0,0.529488845245422,0.7757896237502688,0.4888888888888889,0.5829782315378785
Van Tuxwell,New Zealand,Fruit & Nut Bars,2023-01-17,3184.03,85.0,0.18048370112505127,-0.6555070518195824,0.17777777777777778,-0.6573046076186967
Andria Kimpton,New Zealand,Mint Chip Choco,2023-02-15,9738.74,209.0,0.5528498168373313,0.8715947473734591,0.4402116402116402,0.3889203723501151
Andria Kimpton,UK,Milk Bars,2023-02-11,16486.65,314.0,0.9361914194217402,2.4437078541001824,0.6624338624338625,1.274836686033383
Camilla Castle,USA,Manuka Honey Choco,2023-03-21,16792.23,184.0,0.9535510947757007,2.5149012048048522,0.3873015873015873,0.17798791671124178
Gunar Cockshoot,New Zealand,Almond Choco,2023-01-05,5752.62,125.0,0.3264025718542529,-0.05708265007041968,0.2624338624338624,-0.3198126785964993
Brien Boise,India,Raspberry Choco,2023-05-30,6833.28,157.0,0.3877937190759656,0.19468712011254066,0.33015873015873015,-0.04981913537874143
Jehu Rudeforth,USA,99% Dark & Pure,2023-01-04,2815.72,222.0,0.15956040107394454,-0.7413150988057633,0.4677248677248677,0.49860524928232924
Beverie Moffet,Australia,Fruit & Nut Bars,2023-04-22,1545.36,269.0,0.08739259826401824,-1.037280754284476,0.5671957671957671,0.8951582658834111
Gigi Bohling,Canada,Milk Bars,2023-02-10,3432.73,120.0,0.19461208407069555,-0.5975654773701697,0.2518518518518518,-0.361999169724274
Dotty Strutley,India,Spicy Special Slims,2023-08-12,1001.99,217.0,0.05652432548084682,-1.163873891834043,0.45714285714285713,0.45641875815455457
Gunar Cockshoot,USA,Organic Choco Syrup,2023-08-10,2494.19,315.0,0.1412946231547125,-0.8162244451375672,0.6645502645502646,1.283273984258938
Kelci Walkden,Australia,Raspberry Choco,2023-06-07,770.25,61.0,0.043359422128118205,-1.217864163096234,0.12698412698412698,-0.859799765032015
Jehu Rudeforth,India,Baker's Choco Chips,2023-06-06,2261.98,73.0,0.12810301960100098,-0.8703242159574228,0.1523809523809524,-0.7585521863253558
Karlen McCaffrey,New Zealand,Baker's Choco Chips,2023-04-05,5667.58,204.0,0.32157153974449176,-0.0768950806742719,0.42962962962962964,0.34673388122234045
Wilone O'Kielt,USA,50% Dark Bites,2023-04-18,4738.71,125.0,0.2688034212614978,-0.29330115328716255,0.2624338624338624,-0.3198126785964993
Andria Kimpton,India,50% Dark Bites,2023-01-31,13661.89,15.0,0.7757198029780805,1.7856015338680837,0.02962962962962963,-1.2479154834075419
Madelene Upcott,USA,Baker's Choco Chips,2023-08-22,6067.19,151.0,0.3442729595631846,0.016205170896816796,0.31746031746031744,-0.10044292473207103
Jehu Rudeforth,Australia,99% Dark & Pure,2023-02-25,11720.99,204.0,0.6654593347062632,1.333414956269109,0.42962962962962964,0.34673388122234045
Jan Morforth,Australia,Mint Chip Choco,2023-02-22,17609.863750000004,106.0,1.0,2.7053917025852208,0.2222222222222222,-0.48012134488204306
Oby Sorrel,New Zealand,Milk Bars,2023-01-12,4484.03,201.0,0.2543353208650495,-0.3526359348745225,0.42328042328042326,0.32142198654567566
Brien Boise,UK,Almond Choco,2023-05-25,107.24,129.0,0.0056945279713364804,-1.3723307625160373,0.2708994708994709,-0.2860634856942796
Kelci Walkden,India,Smooth Sliky Salty,2023-02-01,2525.98,8.0,0.14310057930204678,-0.8088180814393491,0.014814814814814815,-1.3069765709864265
Rafaelita Blaksland,UK,Eclairs,2023-04-27,1577.84,67.0,0.08923775257875297,-1.0297136359164947,0.13968253968253969,-0.8091759756786855
Gigi Bohling,USA,Smooth Sliky Salty,2023-07-22,2972.07,129.0,0.16844247857113587,-0.7048890225485631,0.2708994708994709,-0.2860634856942796
Curtice Advani,New Zealand,Mint Chip Choco,2023-01-26,3691.63,284.0,0.20931991818660753,-0.5372475295416498,0.5989417989417989,1.0217177392667351
Curtice Advani,USA,Mint Chip Choco,2023-08-24,5188.89,293.0,0.2943776690880766,-0.18841921526691086,0.617989417989418,1.0976534232967294
Madelene Upcott,New Zealand,Fruit & Nut Bars,2023-01-18,5766.51,21.0,0.32719164800670564,-0.053846588674752775,0.042328042328042326,-1.1972916940542124
Karlen McCaffrey,India,85% Dark Bars,2023-03-30,1036.77,82.0,0.05850014035358308,-1.155770924566851,0.17142857142857143,-0.6826165022953614
Ches Bonnell,Australia,Caramel Stuffed Bars,2023-01-17,10033.52,163.0,0.5695959556580672,0.9402719380296629,0.34285714285714286,0.0008046539745881715
Kelci Walkden,USA,Fruit & Nut Bars,2023-02-17,5220.69,154.0,0.29618419332479345,-0.18101052179087032,0.3238095238095238,-0.07513103005540624
Kelci Walkden,Canada,Peanut Butter Cubes,2023-04-08,8106.62,47.0,0.4601308125219113,0.4913470493824043,0.09735449735449736,-0.9779219401897841
Gigi Bohling,Canada,Drinking Coco,2023-07-06,3934.09,86.0,0.2230938133574998,-0.4807597364535734,0.17989417989417988,-0.6488673093931417
Husein Augar,India,Fruit & Nut Bars,2023-04-04,4508.93,231.0,0.2557498634277618,-0.3468347880961132,0.48677248677248675,0.5745409333123237
Jan Morforth,New Zealand,Organic Choco Syrup,2023-03-02,1921.57,226.0,0.10876468892739112,-0.9496321828183982,0.47619047619047616,0.532354442184549
Gigi Bohling,New Zealand,Raspberry Choco,2023-08-09,1161.31,181.0,0.06557512552467491,-1.1267558715635146,0.38095238095238093,0.15267602203457697
Dennison Crosswaite,Australia,Milk Bars,2023-06-09,11389.29,282.0,0.6466158098849114,1.2561362258916662,0.5947089947089947,1.0048431428156253
Ches Bonnell,UK,Caramel Stuffed Bars,2023-06-02,3032.3,313.0,0.17186408092262825,-0.6908567707227162,0.6603174603174603,1.2663993878078281
Van Tuxwell,USA,Fruit & Nut Bars,2023-07-05,6871.55,238.0,0.38996779714323465,0.2036031798398388,0.5015873015873016,0.6336020208912082
Andria Kimpton,Canada,Eclairs,2023-08-11,339.99,124.0,0.018916808351709245,-1.318105183693758,0.26031746031746034,-0.32824997682205426
Madelene Upcott,India,Choco Coated Almonds,2023-02-11,3720.22,141.0,0.21094408573150486,-0.5305866947466812,0.2962962962962963,-0.18481590698762038
Kelci Walkden,New Zealand,Spicy Special Slims,2023-08-11,731.19,69.0,0.04114046499962257,-1.2269642752715215,0.1439153439153439,-0.7923013792275756
Roddy Speechley,Australia,Drinking Coco,2023-05-12,13288.65,112.0,0.7545164348613445,1.6986449064153344,0.23492063492063492,-0.42949755552871344
Wilone O'Kielt,USA,Milk Bars,2023-07-15,5332.79,101.0,0.30255247530391177,-0.15489371239891545,0.21164021164021163,-0.5223078360098177
Andria Kimpton,India,Organic Choco Syrup,2023-01-18,3971.78,131.0,0.22523494224057716,-0.4719788038399893,0.2751322751322751,-0.2691888892431697
Madelene Upcott,UK,Fruit & Nut Bars,2023-01-05,9538.21,198.0,0.5414579204477451,0.8248757126957721,0.41693121693121693,0.2961100918690108
Curtice Advani,Australia,50% Dark Bites,2023-06-29,547.85,221.0,0.03072511425875235,-1.2696784218720656,0.4656084656084656,0.4901679510567743
Brien Boise,Canada,Raspberry Choco,2023-06-14,2994.76,47.0,0.16973147338029015,-0.6996027566689604,0.09735449735449736,-0.9779219401897841
Gunar Cockshoot,India,Mint Chip Choco,2023-08-08,4451.38,71.0,0.2524805090308104,-0.3602426594654887,0.14814814814814814,-0.7754267827764657
Dennison Crosswaite,India,Mint Chip Choco,2023-03-23,14691.77,143.0,0.8342261923148725,2.025540692267606,0.30052910052910053,-0.16794131053651049
Barr Faughny,India,Caramel Stuffed Bars,2023-01-04,7042.98,107.0,0.3997065534294099,0.24354256105360145,0.22433862433862434,-0.4716840466564881
Brien Boise,India,Milk Bars,2023-02-22,15583.0,248.0,0.8848560223617021,2.2331774811560257,0.5227513227513227,0.7179750031467576
Beverie Moffet,UK,Spicy Special Slims,2023-02-17,9059.82,268.0,0.5142810924728084,0.7134214714378129,0.5650793650793651,0.8867209676578562
Barr Faughny,USA,Almond Choco,2023-02-03,430.59,85.0,0.024063698158204506,-1.29699739662051,0.17777777777777778,-0.6573046076186967
Van Tuxwell,Canada,Raspberry Choco,2023-03-17,1264.25,137.0,0.07142303762931754,-1.1027731386571111,0.2878306878306878,-0.2185650998898401
Wilone O'Kielt,Australia,Baker's Choco Chips,2023-01-25,2995.47,156.0,0.1697718077264558,-0.699437342443552,0.328042328042328,-0.058256433604296366
Brien Boise,Australia,Milk Bars,2023-07-27,2117.82,56.0,0.11991344306121779,-0.9039102930488073,0.1164021164021164,-0.9019862561597897
Husein Augar,Australia,Fruit & Nut Bars,2023-01-28,8081.79,54.0,0.4587202465848773,0.4855622110487537,0.11216931216931217,-0.9188608526108996
Madelene Upcott,Australia,Organic Choco Syrup,2023-07-05,11542.54,49.0,0.6553217796734919,1.2918400710238434,0.10158730158730159,-0.9610473437386743
Van Tuxwell,India,White Choc,2023-03-15,2183.68,46.0,0.12365487973512261,-0.8885663763088061,0.09523809523809523,-0.986359238415339
Gunar Cockshoot,Canada,After Nines,2023-08-04,3125.34,191.0,0.17714958453848167,-0.6691805178607405,0.4021164021164021,0.23704900429012632
Jan Morforth,USA,Fruit & Nut Bars,2023-06-27,4891.86,380.0,0.2775037101562522,-0.2576206059332119,0.8021164021164021,1.8316983689200088
Jan Morforth,Canada,After Nines,2023-07-13,4881.32,183.0,0.27690494394697557,-0.26007619175828955,0.3851851851851852,0.16955061848568684
Barr Faughny,New Zealand,Manuka Honey Choco,2023-02-24,5917.62,238.0,0.3357760466674065,-0.018641315996623612,0.5015873015873016,0.6336020208912082
Karlen McCaffrey,New Zealand,85% Dark Bars,2023-06-28,6312.53,60.0,0.35821046447627014,0.07336393999781761,0.12486772486772486,-0.86823706325757
Oby Sorrel,Australia,85% Dark Bars,2023-06-30,7956.28,27.0,0.45159015674367176,0.4563211695966194,0.05502645502645503,-1.1466679047008828
Curtice Advani,Canada,Choco Coated Almonds,2023-08-18,5895.88,7.0,0.3345410203496007,-0.023706252983074026,0.012698412698412698,-1.3154138692119814
Kaine Padly,India,70% Dark Bites,2023-01-24,13535.7,296.0,0.7685510830588572,1.7562020675240093,0.6243386243386243,1.1229653179733943
Beverie Moffet,USA,White Choc,2023-03-11,5639.9,129.0,0.3199990683334124,-0.0833439056873791,0.2708994708994709,-0.2860634856942796
Ches Bonnell,New Zealand,After Nines,2023-06-23,5813.44,356.0,0.3298576914793196,-0.042912941353036256,0.7513227513227513,1.6292032115066903
Husein Augar,India,Spicy Special Slims,2023-08-22,2514.82,32.0,0.14246659155104802,-0.8114181134894313,0.0656084656084656,-1.104481413573108
Gunar Cockshoot,Canada,50% Dark Bites,2023-01-04,3044.01,22.0,0.17252931358967086,-0.688128600892388,0.044444444444444446,-1.1888543958286575
Curtice Advani,India,Milk Bars,2023-04-05,3902.04,214.0,0.22127308688621752,-0.4882266743751805,0.4507936507936508,0.4311068634778898
Beverie Moffet,India,Milk Bars,2023-04-15,1928.74,354.0,0.10917200901472635,-0.947961732119555,0.7470899470899471,1.6123286150555804
Husein Augar,Australia,White Choc,2023-05-11,3251.53,241.0,0.18431830445770503,-0.6397810515166658,0.5079365079365079,0.6589139155678729
Andria Kimpton,Canada,Manuka Honey Choco,2023-07-21,5031.94,473.5,0.2854615062279283,-0.22498507819347038,1.0,2.620585753009395
Jan Morforth,New Zealand,Orange Choco,2023-02-11,1350.26,89.0,0.07630917440919235,-1.0827347196044612,0.18624338624338624,-0.6235554147164769
Andria Kimpton,Canada,Smooth Sliky Salty,2023-07-08,1187.71,75.0,0.0670748814947795,-1.1206052581117072,0.15661375661375662,-0.7416775898742459
Gunar Cockshoot,UK,Raspberry Choco,2023-08-11,7055.38,334.0,0.400410984263853,0.24643148555369293,0.7047619047619048,1.4435826505444818
Husein Augar,New Zealand,After Nines,2023-08-04,7231.89,8.0,0.41043832995639695,0.28755439390136417,0.014814814814814815,-1.3069765709864265
Andria Kimpton,New Zealand,Orange Choco,2023-06-14,9295.83,93.0,0.5276885699919138,0.7684065578302772,0.19470899470899472,-0.5898062218142571
Dennison Crosswaite,UK,Baker's Choco Chips,2023-01-17,2276.94,296.0,0.12895288131739358,-0.866838868334732,0.6243386243386243,1.1229653179733943
Jehu Rudeforth,Canada,Orange Choco,2023-06-23,4229.79,473.5,0.23989221640143632,-0.41186820623768555,1.0,2.620585753009395
Jehu Rudeforth,UK,Smooth Sliky Salty,2023-08-24,1640.53,119.0,0.09279910491836872,-1.0151082587462747,0.24973544973544973,-0.3704364679498289
Andria Kimpton,UK,Caramel Stuffed Bars,2023-06-07,8234.5,294.0,0.46739553954679663,0.5211402481785076,0.6201058201058202,1.1060907215222844
Jan Morforth,UK,White Choc,2023-06-22,10087.04,46.0,0.5726363700338246,0.9527409089365089,0.09523809523809523,-0.986359238415339
Dotty Strutley,USA,Fruit & Nut Bars,2023-07-13,3169.26,281.0,0.17964463310692838,-0.6589481336636428,0.5925925925925926,0.9964058445900703
Kelci Walkden,UK,Choco Coated Almonds,2023-05-24,10355.42,215.0,0.5878827528844559,1.015267486140905,0.45291005291005293,0.43954416170344474
Gunar Cockshoot,New Zealand,After Nines,2023-08-09,7772.63,140.0,0.4411571952319405,0.4135347998835731,0.29417989417989415,-0.1932532052131753
Kaine Padly,Canada,85% Dark Bars,2023-04-06,1992.77,31.0,0.11280948533161256,-0.9330441647210994,0.06349206349206349,-1.112918711798663
Jan Morforth,New Zealand,Manuka Honey Choco,2023-07-28,1815.56,266.0,0.10274237338228556,-0.9743301575163565,0.5608465608465608,0.8698463712067463
Gunar Cockshoot,New Zealand,Raspberry Choco,2023-08-24,727.11,50.0,0.04090868453151549,-1.2279148246231646,0.1037037037037037,-0.9526100455131193
Van Tuxwell,Australia,99% Dark & Pure,2023-01-17,114.96,132.0,0.006133092974715547,-1.370532174036948,0.27724867724867724,-0.26075159101761475
Curtice Advani,USA,Drinking Coco,2023-02-07,5378.09,142.0,0.3051259202071594,-0.1443398188622914,0.2984126984126984,-0.17637860876206543
Brien Boise,Australia,Spicy Special Slims,2023-05-09,6707.63,269.0,0.3806556759834035,0.1654134617708894,0.5671957671957671,0.8951582658834111
Mallorie Waber,New Zealand,85% Dark Bars,2023-06-06,8167.18,102.0,0.46357116182303,0.5054561838763989,0.21375661375661376,-0.5138705377842627
Wilone O'Kielt,USA,Choco Coated Almonds,2023-06-06,9950.14,6.0,0.5648592263858202,0.9208462505443711,0.010582010582010581,-1.3238511674375364
Beverie Moffet,New Zealand,Organic Choco Syrup,2023-05-24,7229.26,215.0,0.4102889224487691,0.28694166233400603,0.45291005291005293,0.43954416170344474
Gunar Cockshoot,UK,50% Dark Bites,2023-01-13,2260.21,128.0,0.12800246778027805,-0.8707365866320327,0.2687830687830688,-0.2945007839198345
Marney O'Breen,USA,Raspberry Choco,2023-05-23,6206.9,149.0,0.35220973632770397,0.04875449685712013,0.31322751322751324,-0.1173175211831809
Jehu Rudeforth,UK,White Choc,2023-06-29,1889.83,286.0,0.10696157322696993,-0.9570268976275029,0.6031746031746031,1.038592335717845
Jehu Rudeforth,New Zealand,85% Dark Bars,2023-03-11,7797.24,88.0,0.4425552632025569,0.4192683831051253,0.18412698412698414,-0.6319927129420319
Dotty Strutley,USA,85% Dark Bars,2023-04-25,11644.92,473.5,0.661137878772708,1.315692336372178,1.0,2.620585753009395
Rafaelita Blaksland,Australia,Smooth Sliky Salty,2023-05-30,4207.22,255.0,0.23861003866487346,-0.4171265147834163,0.5375661375661376,0.7770360907256421
Curtice Advani,India,Manuka Honey Choco,2023-05-23,1683.88,169.0,0.09526177239200637,-1.0050086718850684,0.35555555555555557,0.051428443327917774
Mallorie Waber,USA,Peanut Butter Cubes,2023-05-23,1337.36,18.0,0.07557633910561852,-1.0857401329956855,0.03597883597883598,-1.2226035887308773
Van Tuxwell,Canada,Peanut Butter Cubes,2023-06-24,7147.04,300.0,0.40561809154490547,0.2677862290761423,0.6328042328042328,1.156714510875614
Kelci Walkden,New Zealand,Smooth Sliky Salty,2023-03-11,12030.46,296.0,0.683039996830061,1.4055145905467918,0.6243386243386243,1.1229653179733943
Rafaelita Blaksland,USA,Smooth Sliky Salty,2023-07-27,15844.58,232.0,0.899716104432155,2.2941198094410167,0.4888888888888889,0.5829782315378785
Rafaelita Blaksland,USA,White Choc,2023-08-16,5025.84,133.0,0.285114971704533,-0.2264062426652894,0.27936507936507937,-0.25231429279205986
Roddy Speechley,Canada,Smooth Sliky Salty,2023-03-07,9902.03,12.0,0.5621261483660577,0.9096376894395815,0.02328042328042328,-1.2732273780842067
Curtice Advani,New Zealand,After Nines,2023-04-05,7944.07,33.0,0.4508965196074984,0.4534765108751585,0.06772486772486773,-1.096044115347553
Camilla Castle,India,85% Dark Bars,2023-05-04,9523.65,55.0,0.5406307823066572,0.8214835561859876,0.11428571428571428,-0.9104235543853446
Ches Bonnell,USA,Choco Coated Almonds,2023-01-04,16240.71,93.0,0.9222198291456977,2.3864092983298217,0.19470899470899472,-0.5898062218142571
Marney O'Breen,Australia,Baker's Choco Chips,2023-01-13,5891.94,109.0,0.33431719313285024,-0.024624185445199943,0.22857142857142856,-0.4548094502053782
Wilone O'Kielt,New Zealand,Fruit & Nut Bars,2023-07-11,6924.52,94.0,0.3929769666029483,0.21594401296643873,0.19682539682539682,-0.5813689235887023
Kaine Padly,Australia,Mint Chip Choco,2023-05-17,4552.57,158.0,0.25822900549349526,-0.3366676376780499,0.3322751322751323,-0.041381837153186496
Camilla Castle,New Zealand,Peanut Butter Cubes,2023-07-21,1724.91,60.0,0.09759264312887724,-0.9954495934787178,0.12486772486772486,-0.86823706325757
Curtice Advani,Canada,Organic Choco Syrup,2023-02-22,897.3,21.0,0.050576997734246495,-1.188264335859411,0.042328042328042326,-1.1972916940542124
Jan Morforth,India,99% Dark & Pure,2023-05-23,10283.9,178.0,0.5838197776199908,0.9986049151532813,0.3746031746031746,0.12736412735791217
Rafaelita Blaksland,Canada,Drinking Coco,2023-07-12,10415.77,200.0,0.5913111723085397,1.0293276953006238,0.4211640211640212,0.3129846883201207
Jan Morforth,UK,Orange Choco,2023-06-15,4220.83,193.0,0.23938320831461296,-0.4139556871667838,0.40634920634920635,0.25392360074123616
Barr Faughny,New Zealand,50% Dark Bites,2023-06-23,4909.86,304.0,0.27852627104495986,-0.25342700585243416,0.6412698412698413,1.1904637037778338
Curtice Advani,Australia,Eclairs,2023-03-25,6549.62,53.0,0.371679295648698,0.1286006423951286,0.11005291005291006,-0.9272981508364545
Jan Morforth,India,Caramel Stuffed Bars,2023-07-04,88.72,165.0,0.004642426434732813,-1.376645511043593,0.3470899470899471,0.01767925042569804
Andria Kimpton,UK,White Choc,2023-05-12,9793.16,110.0,0.5559413592575241,0.8842733982843438,0.2306878306878307,-0.44637215197982333
Camilla Castle,New Zealand,Raspberry Choco,2023-04-04,4823.65,143.0,0.2736287724774327,-0.27351202046153694,0.30052910052910053,-0.16794131053651049
Madelene Upcott,Australia,Orange Choco,2023-04-15,7556.55,404.0,0.42888191985238755,0.36319296069165885,0.852910052910053,2.0341935263333273
Roddy Speechley,Canada,Eclairs,2023-03-08,7082.03,95.0,0.40192494246852295,0.25264034345106656,0.19894179894179895,-0.5729316253631473
Karlen McCaffrey,India,White Choc,2023-01-17,8361.47,231.0,0.474608570437864,0.5507214371927492,0.48677248677248675,0.5745409333123237
Wilone O'Kielt,India,Mint Chip Choco,2023-08-22,1310.5,52.0,0.07405045102391364,-1.091997916227335,0.10793650793650794,-0.9357354490620095
Andria Kimpton,UK,99% Dark & Pure,2023-07-25,1288.1,67.0,0.0727779308068552,-1.0972166185500805,0.13968253968253969,-0.8091759756786855
Marney O'Breen,UK,50% Dark Bites,2023-06-14,3288.29,133.0,0.18640660102819914,-0.6312167882405886,0.27936507936507937,-0.25231429279205986
Ches Bonnell,India,Choco Coated Almonds,2023-04-05,10669.09,85.0,0.6057020125489523,1.0883456271041028,0.17777777777777778,-0.6573046076186967
Madelene Upcott,UK,Raspberry Choco,2023-08-26,7361.93,344.0,0.4178257642879272,0.31785082470716075,0.725925925925926,1.5279556328000312
Wilone O'Kielt,Australia,50% Dark Bites,2023-08-03,10336.22,123.0,0.5867920212698344,1.0107943127214085,0.2582010582010582,-0.33668727504760915
Gigi Bohling,Canada,White Choc,2023-07-11,6985.95,4.0,0.39646673968035445,0.230255838131004,0.006349206349206349,-1.3407257638886463
Wilone O'Kielt,New Zealand,Eclairs,2023-03-11,3394.46,21.0,0.19243800600342653,-0.6064815370974678,0.042328042328042326,-1.1972916940542124
Brien Boise,UK,Peanut Butter Cubes,2023-01-10,15337.23,31.0,0.8708940896051641,2.1759185316086502,0.06349206349206349,-1.112918711798663
Roddy Speechley,UK,Baker's Choco Chips,2023-04-04,15925.17,378.0,0.9042943367666523,2.312895488913788,0.7978835978835979,1.814823772468899
Karlen McCaffrey,Australia,50% Dark Bites,2023-01-17,7355.77,473.5,0.4174758212282362,0.31641568156840577,1.0,2.620585753009395
Marney O'Breen,New Zealand,Organic Choco Syrup,2023-07-08,9489.27,54.0,0.5386776910092256,0.8134737800317022,0.11216931216931217,-0.9188608526108996
Jan Morforth,UK,Organic Choco Syrup,2023-04-12,1281.32,354.0,0.07239276620544198,-1.0987962079138403,0.7470899470899471,1.6123286150555804
Rafaelita Blaksland,Canada,Fruit & Nut Bars,2023-08-24,518.07,192.0,0.02903334407732378,-1.2766165002279302,0.4042328042328042,0.24548630251568124
Ches Bonnell,UK,Choco Coated Almonds,2023-06-07,1933.56,239.0,0.10944582809714695,-0.9468387792090356,0.5037037037037037,0.6420393191167632
Gunar Cockshoot,Canada,Almond Choco,2023-07-28,1308.52,30.0,0.07393796932615579,-1.0924592122362204,0.061375661375661375,-1.121356010024218
Husein Augar,USA,99% Dark & Pure,2023-02-21,9878.5,111.0,0.5607894340487637,0.9041557222228758,0.2328042328042328,-0.4379348537542684
Dennison Crosswaite,Canada,Mint Chip Choco,2023-04-08,1943.7,297.0,0.11002187073111894,-0.9444763844968642,0.6264550264550265,1.1314026161989492
Brien Boise,UK,Manuka Honey Choco,2023-06-28,80.62,103.0,0.004182274034814363,-1.3785326310799428,0.21587301587301588,-0.5054332395587079
Van Tuxwell,UK,Baker's Choco Chips,2023-03-24,2678.37,20.0,0.15175769340372242,-0.7733145971999201,0.04021164021164021,-1.2057289922797674
Barr Faughny,Australia,Caramel Stuffed Bars,2023-07-29,2931.1,60.0,0.1661150163705607,-0.7144341222879779,0.12486772486772486,-0.86823706325757
Dennison Crosswaite,USA,Eclairs,2023-05-25,2316.09,90.0,0.13117695125033274,-0.8577177881590403,0.18835978835978837,-0.615118116490922
Gigi Bohling,Australia,Raspberry Choco,2023-03-30,6722.22,330.0,0.3814845183926393,0.16881260761414205,0.6962962962962963,1.409833457642262
Dennison Crosswaite,USA,Organic Choco Syrup,2023-07-18,14528.51,134.0,0.8249515650542939,1.9875047395349514,0.2814814814814815,-0.2438769945665049
Beverie Moffet,Canada,Orange Choco,2023-05-10,9390.28,104.0,0.5330541742107161,0.7904113093652473,0.21798941798941798,-0.4969959413331529
Mallorie Waber,Australia,Choco Coated Almonds,2023-03-18,16230.41,94.0,0.921634697081604,2.384009627172488,0.19682539682539682,-0.5813689235887023
Ches Bonnell,India,Caramel Stuffed Bars,2023-06-15,7224.39,55.0,0.4100122629194354,0.28580706053437344,0.11428571428571428,-0.9104235543853446
Van Tuxwell,Canada,50% Dark Bites,2023-05-12,15567.58,57.0,0.8839800285337093,2.2295849637534926,0.11851851851851852,-0.8935489579342347
Kelci Walkden,New Zealand,Baker's Choco Chips,2023-06-23,2964.2,105.0,0.16799539222701756,-0.7067225576949921,0.2201058201058201,-0.48855864310759795
Beverie Moffet,India,Spicy Special Slims,2023-04-21,3357.08,186.0,0.19031448789121028,-0.6151902465985496,0.3915343915343915,0.19486251316235165
Gigi Bohling,Australia,Almond Choco,2023-08-17,1010.37,127.0,0.0570003843834785,-1.1619215380186587,0.26666666666666666,-0.3029380821453894
Rafaelita Blaksland,New Zealand,Eclairs,2023-02-07,17609.863750000004,54.0,1.0,2.7053917025852208,0.11216931216931217,-0.9188608526108996
Kelci Walkden,Canada,Smooth Sliky Salty,2023-03-17,8762.75,115.0,0.4974048611834536,0.6442107616602214,0.24126984126984127,-0.40418566085204866
Jan Morforth,India,Baker's Choco Chips,2023-08-01,14613.52,85.0,0.8297808928959072,2.007310180805336,0.17777777777777778,-0.6573046076186967
Jehu Rudeforth,Australia,Milk Bars,2023-03-18,9839.46,31.0,0.5585716130990332,0.8950602696032331,0.06349206349206349,-1.112918711798663
Gigi Bohling,Canada,Fruit & Nut Bars,2023-06-14,6633.23,103.0,0.3764290909767451,0.14807991477034121,0.21587301587301588,-0.5054332395587079
Beverie Moffet,UK,Eclairs,2023-04-22,9749.07,169.0,0.5534366531695729,0.874001407864261,0.35555555555555557,0.051428443327917774
Marney O'Breen,New Zealand,Eclairs,2023-01-18,5254.38,31.0,0.29809808645482466,-0.17316150030634786,0.06349206349206349,-1.112918711798663
Husein Augar,Australia,99% Dark & Pure,2023-08-26,3430.43,123.0,0.194481423512694,-0.5981013262693803,0.2582010582010582,-0.33668727504760915
Gunar Cockshoot,New Zealand,Fruit & Nut Bars,2023-06-10,10454.55,434.0,0.5935142229343221,1.038362573696877,0.9164021164021164,2.287312473099975
Curtice Advani,Canada,70% Dark Bites,2023-01-31,2413.87,7.0,0.13673172923354585,-0.8349372206091266,0.012698412698412698,-1.3154138692119814
Kelci Walkden,New Zealand,Manuka Honey Choco,2023-04-08,1445.14,108.0,0.081699206471447,-1.0606297876231172,0.22645502645502646,-0.46324674843093316
Dotty Strutley,Australia,Baker's Choco Chips,2023-06-07,4022.64,71.0,0.2281242448405589,-0.4601295538339696,0.14814814814814814,-0.7754267827764657
Barr Faughny,Australia,85% Dark Bars,2023-02-10,8651.2,43.0,0.4910678241203792,0.6182220900485128,0.08888888888888889,-1.0116711330920038
Beverie Moffet,Australia,50% Dark Bites,2023-05-16,725.16,453.0,0.04079790710190549,-1.228369131298582,0.9566137566137566,2.447621139385519
Gunar Cockshoot,India,Baker's Choco Chips,2023-03-18,2385.4,473.5,0.13511437876123988,-0.8415700980702233,1.0,2.620585753009395
Van Tuxwell,Australia,50% Dark Bites,2023-07-13,726.04,131.0,0.040847898967575645,-1.2281641108501886,0.2751322751322751,-0.2691888892431697
Oby Sorrel,USA,Manuka Honey Choco,2023-07-25,4742.35,83.0,0.2690102057967698,-0.2924531141597163,0.17354497354497356,-0.6741792040698065
Van Tuxwell,Canada,Choco Coated Almonds,2023-08-19,2556.96,312.0,0.1448605202093892,-0.8016004297447661,0.6582010582010582,1.2579620895822732
Karlen McCaffrey,Canada,70% Dark Bites,2023-06-24,8376.69,473.5,0.4754732024782046,0.5542673590388293,1.0,2.620585753009395
Kelci Walkden,Canada,Fruit & Nut Bars,2023-06-20,840.71,162.0,0.04736217991802611,-1.2014485485578117,0.34074074074074073,-0.007632644250966762
Camilla Castle,India,99% Dark & Pure,2023-08-02,207.87,216.0,0.01141121142859496,-1.3488862082866668,0.455026455026455,0.4479814599289996
Madelene Upcott,New Zealand,70% Dark Bites,2023-02-22,13370.34,94.0,0.7591571570279294,1.7176768614485975,0.19682539682539682,-0.5813689235887023
Mallorie Waber,New Zealand,Orange Choco,2023-02-01,6811.37,25.0,0.3865490352386553,0.18958257690310512,0.050793650793650794,-1.1635425011519926
Jan Morforth,Canada,70% Dark Bites,2023-02-14,6096.52,300.0,0.3459391657223955,0.023038409250662077,0.6328042328042328,1.156714510875614
Kelci Walkden,Australia,Milk Bars,2023-02-24,8684.58,120.0,0.49296410647954925,0.6259988884205326,0.2518518518518518,-0.361999169724274
Dennison Crosswaite,India,Orange Choco,2023-03-18,873.26,140.0,0.04921131085843915,-1.1938651217450718,0.29417989417989415,-0.1932532052131753
Husein Augar,UK,Eclairs,2023-08-30,1912.66,253.0,0.10825852128748083,-0.9517080148583832,0.5333333333333333,0.7601614942745322
Gigi Bohling,USA,Peanut Butter Cubes,2023-05-09,321.61,76.0,0.017872660066462195,-1.3223873153317969,0.15873015873015872,-0.7332402916486911
Wilone O'Kielt,USA,Smooth Sliky Salty,2023-01-18,511.12,96.0,0.028638521956406093,-1.278235695814675,0.20105820105820105,-0.5644943271375924
Curtice Advani,India,White Choc,2023-07-04,7887.15,335.0,0.4476629548416517,0.44021541550861015,0.7068783068783069,1.4520199487700367
Oby Sorrel,New Zealand,Spicy Special Slims,2023-06-03,1793.67,13.0,0.10149882572374053,-0.9794300411701466,0.025396825396825397,-1.2647900798586518
Beverie Moffet,New Zealand,Peanut Butter Cubes,2023-02-23,12129.42,29.0,0.6886618093604228,1.4285700718797791,0.05925925925925926,-1.1297933082497729
Dotty Strutley,New Zealand,99% Dark & Pure,2023-05-09,11749.75,213.0,0.667093159770665,1.340115397287063,0.4486772486772487,0.42266956525233484
Kelci Walkden,India,70% Dark Bites,2023-06-06,3967.25,101.0,0.22497759775025236,-0.47303419319365175,0.21164021164021163,-0.5223078360098177
Kelci Walkden,India,Drinking Coco,2023-07-04,8105.37,255.0,0.46005980134908436,0.4910558271545725,0.5375661375661376,0.7770360907256421
Brien Boise,New Zealand,Drinking Coco,2023-06-06,1614.17,106.0,0.09130162130579461,-1.0212495530867916,0.2222222222222222,-0.48012134488204306
Dotty Strutley,Australia,Almond Choco,2023-05-13,1613.3,91.0,0.09125219752950707,-1.0214522437573623,0.19047619047619047,-0.606680818265367
Wilone O'Kielt,New Zealand,Organic Choco Syrup,2023-01-31,2155.64,281.0,0.1220619571062691,-0.8950990733235288,0.5925925925925926,0.9964058445900703
Ches Bonnell,New Zealand,Caramel Stuffed Bars,2023-06-30,8184.37,43.0,0.4645477074717458,0.5094610719535415,0.08888888888888889,-1.0116711330920038
Barr Faughny,Canada,Manuka Honey Choco,2023-08-25,3613.32,251.0,0.20487121023134655,-0.5554920196708556,0.5291005291005291,0.7432868978234223
Gigi Bohling,New Zealand,Smooth Sliky Salty,2023-01-10,801.09,101.0,0.045111409784104016,-1.210679128291168,0.21164021164021163,-0.5223078360098177
Brien Boise,USA,Manuka Honey Choco,2023-08-22,2069.48,8.0,0.11716729898565507,-0.9151724390435183,0.014814814814814815,-1.3069765709864265
Roddy Speechley,New Zealand,85% Dark Bars,2023-04-14,5096.21,284.0,0.2891126166899973,-0.21001159612727105,0.5989417989417989,1.0217177392667351
Oby Sorrel,UK,Smooth Sliky Salty,2023-05-31,10573.5,338.0,0.600271646140532,1.0660752808973502,0.7132275132275132,1.4773318434467015
Oby Sorrel,UK,Raspberry Choco,2023-04-08,4611.37,322.0,0.26156937106327366,-0.3229685440808425,0.6793650793650794,1.3423350718378226
Roddy Speechley,USA,Drinking Coco,2023-02-21,3288.77,148.0,0.18643386931856468,-0.6311049589051012,0.3111111111111111,-0.12575481940873584
Andria Kimpton,Australia,Manuka Honey Choco,2023-03-30,10883.13,394.0,0.6178613976944517,1.1382121916201953,0.8317460317460318,1.9498205440777778
Mallorie Waber,India,Raspberry Choco,2023-03-02,1516.56,2.0,0.08575650084208597,-1.0439905144137203,0.0021164021164021165,-1.3576003603397562
Jehu Rudeforth,USA,Orange Choco,2023-07-28,391.33,184.0,0.02183337924205656,-1.3061441043522508,0.3873015873015873,0.17798791671124178
Kaine Padly,New Zealand,70% Dark Bites,2023-03-24,7969.08,38.0,0.45231731115341944,0.45930328520961694,0.07830687830687831,-1.0538576242197786
Curtice Advani,Australia,After Nines,2023-08-11,63.71,109.0,0.00322163488881177,-1.3824722853780513,0.22857142857142856,-0.4548094502053782
Husein Augar,UK,Almond Choco,2023-05-17,8832.33,175.0,0.5013576271076914,0.6604213557502501,0.3682539682539683,0.10205223268124737
Kaine Padly,Canada,Choco Coated Almonds,2023-05-18,3542.19,180.0,0.2008303904528034,-0.5720637293233958,0.37883597883597886,0.14423872380902203
Roddy Speechley,UK,Peanut Butter Cubes,2023-08-17,6052.07,173.0,0.3434140084166702,0.01268254682896351,0.364021164021164,0.08517763623013751
Ches Bonnell,New Zealand,Eclairs,2023-04-04,543.2,54.0,0.030460952695836204,-1.2707617685596,0.11216931216931217,-0.9188608526108996
Brien Boise,India,85% Dark Bars,2023-08-09,17609.863750000004,201.0,1.0,2.7053917025852208,0.42328042328042326,0.32142198654567566
Brien Boise,New Zealand,Organic Choco Syrup,2023-01-17,689.4,331.0,0.03876641946967293,-1.236700416792394,0.6984126984126984,1.418270755867817
Andria Kimpton,Canada,White Choc,2023-02-14,4435.95,31.0,0.2516039471134348,-0.3638375066458444,0.06349206349206349,-1.112918711798663
Gigi Bohling,New Zealand,Orange Choco,2023-05-16,9111.34,324.0,0.5172078889720428,0.7254244867801279,0.6835978835978836,1.3592096682889325
Ches Bonnell,Canada,Smooth Sliky Salty,2023-03-16,10369.71,129.0,0.5886945526122133,1.0185967386494779,0.2708994708994709,-0.2860634856942796
Husein Augar,Canada,70% Dark Bites,2023-01-31,5833.2,290.0,0.33098023609936755,-0.03830930037547129,0.6116402116402117,1.0723415286200648
Barr Faughny,Canada,Organic Choco Syrup,2023-03-10,1229.96,219.0,0.06947505913632944,-1.1107619468109926,0.4613756613756614,0.47329335460566446
Oby Sorrel,UK,Organic Choco Syrup,2023-06-30,8839.72,170.0,0.5017774451614441,0.6621430615611914,0.3576719576719577,0.059865741553472705
Van Tuxwell,New Zealand,Eclairs,2023-03-01,5747.66,176.0,0.3261207995204757,-0.05823821987045623,0.37037037037037035,0.1104895309068023
Mallorie Waber,UK,Drinking Coco,2023-05-27,3666.04,107.0,0.20786617745649477,-0.5432094309898221,0.22433862433862434,-0.4716840466564881
Oby Sorrel,UK,Milk Bars,2023-07-11,6853.82,220.0,0.38896057466785755,0.1994724837602726,0.4634920634920635,0.48173065283121935
Karlen McCaffrey,New Zealand,Mint Chip Choco,2023-03-02,4361.01,59.0,0.24734668528011525,-0.3812968616488157,0.12275132275132275,-0.8766743614831249
Jehu Rudeforth,USA,Raspberry Choco,2023-03-04,7686.15,141.0,0.43624435825108276,0.39338688127325855,0.2962962962962963,-0.18481590698762038
Kelci Walkden,UK,85% Dark Bars,2023-06-23,4188.43,235.0,0.23754259871493918,-0.4215041673121837,0.49523809523809526,0.6082901262145434
Kelci Walkden,USA,Almond Choco,2023-01-27,5425.24,234.0,0.30780446164619085,-0.13335491642847644,0.4931216931216931,0.5998528279889884
Marney O'Breen,Canada,Orange Choco,2023-01-14,2896.97,456.0,0.1641761273076944,-0.722385653996697,0.9629629629629629,2.4729330340621836
Dennison Crosswaite,India,Fruit & Nut Bars,2023-07-29,1071.31,23.0,0.06046232108113657,-1.1477238719674034,0.04656084656084656,-1.1804170976031025
Brien Boise,Canada,Smooth Sliky Salty,2023-05-13,6417.05,473.5,0.36414813470336604,0.09771477780020053,1.0,2.620585753009395
Barr Faughny,Canada,Baker's Choco Chips,2023-02-03,10967.31,172.0,0.6226435741173079,1.1578242613312992,0.3619047619047619,0.07674033800458258
Brien Boise,India,Smooth Sliky Salty,2023-05-27,6345.02,28.0,0.36005618688038754,0.08093338814362162,0.05714285714285714,-1.1382306064753278
Jan Morforth,Australia,Drinking Coco,2023-02-18,2824.71,25.0,0.16007111342891575,-0.739220628543197,0.050793650793650794,-1.1635425011519926
Brien Boise,India,Spicy Special Slims,2023-01-28,1463.67,34.0,0.08275187609743329,-1.056312709317739,0.06984126984126984,-1.0876068171219981
Van Tuxwell,UK,Eclairs,2023-06-29,5856.52,115.0,0.3323050205396266,-0.0328762584930413,0.24126984126984127,-0.40418566085204866
Wilone O'Kielt,India,Caramel Stuffed Bars,2023-01-13,4303.86,282.0,0.24410005445846836,-0.3946115419052852,0.5947089947089947,1.0048431428156253
Jehu Rudeforth,UK,After Nines,2023-06-27,2047.77,169.0,0.11593397693599711,-0.9202303866965008,0.35555555555555557,0.051428443327917774
Barr Faughny,Canada,White Choc,2023-03-29,4692.36,1.0,0.2661703269730755,-0.3040996734951653,0.0,-1.3660376585653111
Gunar Cockshoot,India,Organic Choco Syrup,2023-06-03,7302.42,153.0,0.41444506437198314,0.3039863168845449,0.3216931216931217,-0.08356832828096117
Mallorie Waber,Canada,Smooth Sliky Salty,2023-03-21,2056.92,103.0,0.11645377872109018,-0.9180986399887721,0.21587301587301588,-0.5054332395587079
Mallorie Waber,India,Eclairs,2023-04-12,11032.79,49.0,0.6263634233946734,1.17307964651404,0.10158730158730159,-0.9610473437386743
Rafaelita Blaksland,Australia,Raspberry Choco,2023-01-19,7773.64,247.0,0.44121457225958466,0.4137701074436613,0.5206349206349207,0.7095377049212026
Karlen McCaffrey,UK,50% Dark Bites,2023-04-06,3843.01,295.0,0.21791965526063903,-0.5019793528623088,0.6222222222222222,1.1145280197478393
Kaine Padly,Australia,50% Dark Bites,2023-08-02,9163.79,81.0,0.5201875177838605,0.73764417145995,0.1693121693121693,-0.6910538005209164
Gigi Bohling,Australia,Eclairs,2023-04-12,7628.59,146.0,0.4329744357647487,0.3799766801260605,0.30687830687830686,-0.1426294158598457
Oby Sorrel,India,Drinking Coco,2023-07-21,17609.863750000004,139.0,1.0,2.7053917025852208,0.2920634920634921,-0.20169050343873024
Van Tuxwell,New Zealand,Baker's Choco Chips,2023-03-22,9828.94,24.0,0.557973983068522,0.8926093433338012,0.04867724867724868,-1.1719797993775476
Husein Augar,India,Peanut Butter Cubes,2023-05-09,4726.65,5.0,0.26811830546606363,-0.2961108653412837,0.008465608465608466,-1.3322884656630913
Andria Kimpton,Australia,Baker's Choco Chips,2023-08-09,344.82,118.0,0.01919119552351247,-1.3169799010054162,0.24761904761904763,-0.3788737661753838
Madelene Upcott,Canada,Choco Coated Almonds,2023-07-20,3451.24,283.0,0.19566361751791658,-0.5932530586204368,0.5968253968253968,1.0132804410411802
Brien Boise,India,70% Dark Bites,2023-04-14,5071.49,439.0,0.2877082997361721,-0.21577080690487255,0.926984126984127,2.3294989642277497
Jehu Rudeforth,Canada,White Choc,2023-01-25,4719.38,132.0,0.2677053044849023,-0.2978046138183533,0.27724867724867724,-0.26075159101761475
Andria Kimpton,Australia,Almond Choco,2023-04-25,3430.58,174.0,0.19448994485343324,-0.5980663796020405,0.36613756613756615,0.09361493445569244
Dotty Strutley,Canada,After Nines,2023-01-17,268.3,239.0,0.01484417556773965,-1.3348073609043667,0.5037037037037037,0.6420393191167632
Karlen McCaffrey,USA,Eclairs,2023-08-15,991.46,133.0,0.055926127360952836,-1.166327147881298,0.27936507936507937,-0.25231429279205986
Karlen McCaffrey,Canada,Fruit & Nut Bars,2023-06-02,213.45,17.0,0.011728205304094337,-1.3475861922616257,0.033862433862433865,-1.2310408869564322
Gunar Cockshoot,USA,85% Dark Bars,2023-06-30,7586.38,131.0,0.4305765304807292,0.3701426879366366,0.2751322751322751,-0.2691888892431697
Dotty Strutley,New Zealand,Raspberry Choco,2023-02-10,6192.19,99.0,0.35137407684587674,0.045327393679995644,0.2074074074074074,-0.5391824324609276
Marney O'Breen,Canada,Caramel Stuffed Bars,2023-02-23,1510.58,473.5,0.08541678339128198,-1.0453837215516675,1.0,2.620585753009395
Dennison Crosswaite,India,Organic Choco Syrup,2023-01-27,8693.31,209.0,0.49346004851057246,0.6280327844597098,0.4402116402116402,0.3889203723501151
Camilla Castle,UK,Mint Chip Choco,2023-05-26,5509.77,307.0,0.31260652119743865,-0.11366130449357942,0.6476190476190476,1.2157755984544987
Brien Boise,USA,70% Dark Bites,2023-04-14,1863.2,22.0,0.1054487512010652,-0.9632310959692314,0.044444444444444446,-1.1888543958286575
Madelene Upcott,Australia,99% Dark & Pure,2023-08-01,4822.5,159.0,0.273563442198432,-0.2737799449111421,0.3343915343915344,-0.032944538927631564
Mallorie Waber,Australia,Eclairs,2023-08-22,10856.55,229.0,0.61635141611546,1.13201964216758,0.48253968253968255,0.5576663368612138
Marney O'Breen,India,99% Dark & Pure,2023-07-22,11252.11,159.0,0.6388227597341937,1.2241763337204943,0.3343915343915344,-0.032944538927631564
Husein Augar,USA,Fruit & Nut Bars,2023-04-28,1387.72,27.0,0.07843723723646953,-1.0740073718807983,0.05502645502645503,-1.1466679047008828
Kelci Walkden,Australia,Almond Choco,2023-05-30,5509.22,341.0,0.31257527628139475,-0.11378944227382544,0.7195767195767195,1.5026437381233664
Ches Bonnell,USA,Milk Bars,2023-07-21,2444.25,155.0,0.13845758477793135,-0.8278593555839028,0.32592592592592595,-0.06669373182985129
Jan Morforth,UK,Caramel Stuffed Bars,2023-08-02,3175.62,473.5,0.18000593795427175,-0.6574663949684347,1.0,2.620585753009395
Brien Boise,New Zealand,70% Dark Bites,2023-06-15,7900.42,143.0,0.4484168094523823,0.4433070306792725,0.30052910052910053,-0.16794131053651049
Oby Sorrel,India,85% Dark Bars,2023-07-05,9072.46,142.0,0.5149991574524342,0.7163663106056477,0.2984126984126984,-0.17637860876206543
Kaine Padly,New Zealand,Smooth Sliky Salty,2023-04-12,8.06,473.5,6.021747455722937e-05,-1.3954374989611225,1.0,2.620585753009395
Gigi Bohling,Australia,70% Dark Bites,2023-08-18,1548.54,104.0,0.08757325068768992,-1.0365398849368717,0.21798941798941798,-0.4969959413331529
Jan Morforth,UK,50% Dark Bites,2023-01-12,5501.67,298.0,0.31214636879752017,-0.11554842452992949,0.6285714285714286,1.1398399144245042
Gunar Cockshoot,Canada,White Choc,2023-08-11,7685.42,15.0,0.43620288772615184,0.3932168074922049,0.02962962962962963,-1.2479154834075419
Jehu Rudeforth,Australia,Spicy Special Slims,2023-01-13,5147.77,402.0,0.2920416855467622,-0.19799926167366536,0.8486772486772487,2.0173189298822174
Husein Augar,UK,Baker's Choco Chips,2023-04-29,3070.43,143.0,0.17403020573854064,-0.6819733278849354,0.30052910052910053,-0.16794131053651049
Rafaelita Blaksland,New Zealand,After Nines,2023-07-07,1127.5,88.0,0.06365441532205234,-1.1346328503819088,0.18412698412698414,-0.6319927129420319
Madelene Upcott,New Zealand,Mint Chip Choco,2023-03-11,8502.77,4.0,0.48263567341421926,0.5836411978268549,0.006349206349206349,-1.3407257638886463
Madelene Upcott,UK,70% Dark Bites,2023-02-16,5961.02,241.0,0.33824155458795724,-0.00853008024630379,0.5079365079365079,0.6589139155678729
Barr Faughny,Australia,Organic Choco Syrup,2023-01-07,2478.33,33.0,0.14039363339388453,-0.8199194727642969,0.06772486772486773,-1.096044115347553
Beverie Moffet,New Zealand,Drinking Coco,2023-01-12,1269.56,473.5,0.0717246930914863,-1.1015360266332817,1.0,2.620585753009395
Beverie Moffet,India,Eclairs,2023-06-09,11130.52,144.0,0.6319153609309734,1.1958485651748405,0.30264550264550266,-0.15950401231095557
Andria Kimpton,India,Eclairs,2023-05-16,2455.09,83.0,0.1390733936686864,-0.8253338764241455,0.17354497354497356,-0.6741792040698065
Gigi Bohling,UK,85% Dark Bars,2023-06-23,12764.94,100.0,0.724765025804395,1.576632112065106,0.20952380952380953,-0.5307451342353726
Roddy Speechley,UK,Raspberry Choco,2023-01-28,13351.42,198.0,0.7580823319160211,1.7132689218081356,0.41693121693121693,0.2961100918690108
Dotty Strutley,UK,Mint Chip Choco,2023-07-14,2763.22,223.0,0.15657793181521382,-0.7535464323746984,0.46984126984126984,0.5070425475078841
Barr Faughny,Canada,Drinking Coco,2023-04-18,6523.34,245.0,0.3701863567511848,0.12247798627719315,0.5164021164021164,0.6926631084700927
Oby Sorrel,USA,Milk Bars,2023-06-14,1868.25,82.0,0.10573563633928597,-0.9620545581687909,0.17142857142857143,-0.6826165022953614
Oby Sorrel,UK,Orange Choco,2023-04-15,8431.83,251.0,0.4786056473339458,0.567113753952945,0.5291005291005291,0.7432868978234223
Curtice Advani,Canada,Peanut Butter Cubes,2023-05-19,5646.99,64.0,0.3204018437056867,-0.08169209321111716,0.13333333333333333,-0.8344878703553502
Gigi Bohling,India,White Choc,2023-04-13,1484.67,180.0,0.08394486380092556,-1.051420175890165,0.37883597883597886,0.14423872380902203
Husein Augar,Canada,Choco Coated Almonds,2023-08-15,3859.95,395.0,0.21888199867478944,-0.4980327092307325,0.8338624338624339,1.9582578423033328
Wilone O'Kielt,India,Choco Coated Almonds,2023-08-22,3237.3,227.0,0.18350991326624336,-0.6430963253583029,0.4783068783068783,0.5407917404101039
Wilone O'Kielt,New Zealand,Baker's Choco Chips,2023-04-22,4072.43,64.0,0.23095276187660083,-0.4485295900549738,0.13333333333333333,-0.8344878703553502
Kaine Padly,UK,Choco Coated Almonds,2023-08-03,8054.87,118.0,0.4571909499668767,0.4792904491501683,0.24761904761904763,-0.3788737661753838
Dennison Crosswaite,New Zealand,Organic Choco Syrup,2023-01-04,420.3,224.0,0.023479134183493292,-1.2993947380000213,0.47195767195767196,0.5154798457334391
Kelci Walkden,Canada,After Nines,2023-01-13,17073.99,218.0,0.9695575812202715,2.5805450247359603,0.45925925925925926,0.4648560563801095
Van Tuxwell,Australia,Baker's Choco Chips,2023-05-11,13624.31,33.0,0.773584923078212,1.7768462288105489,0.06772486772486773,-1.096044115347553
Husein Augar,New Zealand,Peanut Butter Cubes,2023-02-16,2318.46,235.0,0.13131158843401258,-0.8571656308150714,0.49523809523809526,0.6082901262145434
Kaine Padly,UK,Caramel Stuffed Bars,2023-05-20,10740.05,67.0,0.6097331748079909,1.1048777305336575,0.13968253968253969,-0.8091759756786855
Jehu Rudeforth,UK,Drinking Coco,2023-02-03,7624.67,422.0,0.4327517447267635,0.37906340721958,0.891005291005291,2.186064894393316
Beverie Moffet,India,Manuka Honey Choco,2023-05-06,10168.32,159.0,0.5772538005357224,0.9716773430790429,0.3343915343915344,-0.032944538927631564
Gunar Cockshoot,UK,Choco Coated Almonds,2023-06-30,6635.15,141.0,0.37653816413820723,0.14852723211229085,0.2962962962962963,-0.18481590698762038
Gunar Cockshoot,UK,Smooth Sliky Salty,2023-03-22,860.12,158.0,0.048464841409682546,-1.1969264498040395,0.3322751322751323,-0.041381837153186496
Camilla Castle,Canada,Orange Choco,2023-02-17,8671.21,52.0,0.4922045709749925,0.6228839754716436,0.10793650793650794,-0.9357354490620095
Jehu Rudeforth,UK,85% Dark Bars,2023-07-07,5534.11,63.0,0.3139892507547244,-0.10799062527323901,0.1312169312169312,-0.8429251685809052
Oby Sorrel,UK,70% Dark Bites,2023-03-16,6800.26,187.0,0.38591788793456966,0.18699419374213627,0.39365079365079364,0.20329981138790656
Kelci Walkden,UK,99% Dark & Pure,2023-08-12,3927.83,123.0,0.22273818940398257,-0.48221817737055506,0.2582010582010582,-0.33668727504760915
Gigi Bohling,New Zealand,After Nines,2023-01-21,5833.8,196.0,0.3310143214623245,-0.03816951370611195,0.4126984126984127,0.279235495417901
Oby Sorrel,Australia,50% Dark Bites,2023-05-06,733.08,147.0,0.041247833892936875,-1.22652394726304,0.308994708994709,-0.13419211763429076
Oby Sorrel,Canada,50% Dark Bites,2023-06-24,7164.51,140.0,0.40661054369633454,0.2718563509323194,0.29417989417989415,-0.1932532052131753
Barr Faughny,USA,White Choc,2023-05-05,7900.52,175.0,0.4484224903462085,0.44333032845749915,0.3682539682539683,0.10205223268124737
Rafaelita Blaksland,New Zealand,99% Dark & Pure,2023-03-25,3550.76,85.0,0.2013172430537048,-0.5700671097293809,0.17777777777777778,-0.6573046076186967
Curtice Advani,Australia,Caramel Stuffed Bars,2023-02-14,10281.51,136.0,0.5836840042575457,0.998048098253667,0.2857142857142857,-0.22700239811539502
Curtice Advani,New Zealand,85% Dark Bars,2023-05-12,5936.81,180.0,0.33686621019264545,-0.014170472354949877,0.37883597883597886,0.14423872380902203
Barr Faughny,New Zealand,Smooth Sliky Salty,2023-01-25,4552.15,172.0,0.25820514573942543,-0.3367654883466014,0.3619047619047619,0.07674033800458258
Ches Bonnell,UK,85% Dark Bars,2023-06-28,15944.86,11.0,0.905412904761022,2.3174828214465943,0.021164021164021163,-1.2816646763097617
Dennison Crosswaite,Australia,Drinking Coco,2023-07-13,7722.58,188.0,0.43831390787195057,0.4018742618811883,0.39576719576719577,0.2117371096134615
Roddy Speechley,USA,Milk Bars,2023-05-16,3105.38,268.0,0.1760156781307814,-0.6738307543947585,0.5650793650793651,0.8867209676578562
Jan Morforth,India,After Nines,2023-03-14,6994.35,179.0,0.3969439347617514,0.23221285150203375,0.37671957671957673,0.1358014255834671
Gunar Cockshoot,USA,After Nines,2023-08-15,4264.49,252.0,0.24186348655911166,-0.4037838771930752,0.5312169312169313,0.7517241960489772
Ches Bonnell,India,Orange Choco,2023-02-16,1215.3,271.0,0.0686422401014153,-1.1141774010990038,0.5714285714285714,0.912032862334521
Mallorie Waber,UK,Manuka Honey Choco,2023-06-15,8519.37,45.0,0.48357870178936074,0.587508629012461,0.09312169312169312,-0.994796536640894
Barr Faughny,Australia,Raspberry Choco,2023-05-27,9810.95,105.0,0.5569519902691968,0.8884180730308461,0.2201058201058201,-0.48855864310759795
Wilone O'Kielt,USA,Drinking Coco,2023-06-14,1065.63,107.0,0.06013964631181105,-1.149047185770671,0.22433862433862434,-0.4716840466564881
Wilone O'Kielt,India,Eclairs,2023-02-25,3894.68,80.0,0.2208549731006126,-0.4899413908526541,0.1671957671957672,-0.6994910987464713
Wilone O'Kielt,India,After Nines,2023-08-04,12194.27,252.0,0.6923458690066835,1.4436786810596924,0.5312169312169313,0.7517241960489772
Kelci Walkden,India,99% Dark & Pure,2023-06-28,2455.13,236.0,0.13907566602621688,-0.8253245573128549,0.4973544973544973,0.6167274244400983
Gunar Cockshoot,Canada,Spicy Special Slims,2023-04-05,14887.76,12.0,0.8453601761247511,2.0712020078138074,0.02328042328042328,-1.2732273780842067
Madelene Upcott,Canada,Peanut Butter Cubes,2023-07-05,15276.46,121.0,0.8674418104270105,2.16176047178038,0.25396825396825395,-0.35356187149871904
Kaine Padly,New Zealand,Eclairs,2023-01-20,13520.48,47.0,0.7676864510185166,1.752656145677929,0.09735449735449736,-0.9779219401897841
Ches Bonnell,New Zealand,Drinking Coco,2023-02-16,9195.53,127.0,0.5219906334842817,0.7450388862690547,0.26666666666666666,-0.3029380821453894
Curtice Advani,UK,Drinking Coco,2023-07-12,460.98,182.0,0.025790121791972622,-1.2899172018174636,0.38306878306878306,0.16111332026013192
Kelci Walkden,India,Raspberry Choco,2023-06-16,8216.56,257.0,0.4663763871943846,0.5169606267646657,0.5417989417989418,0.793910687176752
Dotty Strutley,Australia,Choco Coated Almonds,2023-04-13,1863.54,277.0,0.10546806624007413,-0.9631518835232611,0.5841269841269842,0.9626566516878506
Kaine Padly,UK,50% Dark Bites,2023-02-21,3283.0,72.0,0.1861060817447956,-0.6324492407087727,0.15026455026455027,-0.7669894845509108
Roddy Speechley,Canada,Choco Coated Almonds,2023-05-11,5967.18,247.0,0.33859149764764834,-0.007094937107548771,0.5206349206349207,0.7095377049212026
Ches Bonnell,India,50% Dark Bites,2023-04-15,12083.5,334.0,0.686053142915453,1.4178717321181507,0.7047619047619048,1.4435826505444818
Oby Sorrel,Canada,Peanut Butter Cubes,2023-06-07,12397.06,179.0,0.7038661535967405,1.490924245525299,0.37671957671957673,0.1358014255834671
Oby Sorrel,UK,White Choc,2023-06-27,1746.01,280.0,0.09879131172619567,-0.9905337622729171,0.5904761904761905,0.9879685463645154
Barr Faughny,India,After Nines,2023-07-29,9021.65,104.0,0.5121126952993655,0.7045287094887414,0.21798941798941798,-0.4969959413331529
Wilone O'Kielt,Canada,Smooth Sliky Salty,2023-06-02,5263.45,165.0,0.2986133435248568,-0.17104839182120046,0.3470899470899471,0.01767925042569804
Rafaelita Blaksland,India,Mint Chip Choco,2023-01-26,15473.0,91.0,0.878607039152933,2.2075499251068282,0.19047619047619047,-0.606680818265367
Rafaelita Blaksland,Canada,99% Dark & Pure,2023-03-02,5566.57,140.0,0.3158332688906939,-0.10042816646090312,0.29417989417989415,-0.1932532052131753
Van Tuxwell,Australia,70% Dark Bites,2023-01-10,8111.43,111.0,0.4604040635149493,0.4924676725151011,0.2328042328042328,-0.4379348537542684
Beverie Moffet,USA,70% Dark Bites,2023-06-27,2341.8,117.0,0.13263750905303687,-0.8517279293769962,0.2455026455026455,-0.38731106440093876
Barr Faughny,Canada,Orange Choco,2023-06-30,8650.42,19.0,0.49102351314853515,0.6180403673783456,0.0380952380952381,-1.2141662905053223
Roddy Speechley,Australia,85% Dark Bars,2023-07-08,4444.72,77.0,0.2521021615019885,-0.36179429149537645,0.16084656084656085,-0.7248029934231361
Oby Sorrel,India,Spicy Special Slims,2023-06-08,12531.37,86.0,0.7114961620946477,1.5222154914613693,0.17989417989417988,-0.6488673093931417
Jan Morforth,UK,Manuka Honey Choco,2023-08-18,3558.89,231.0,0.20177909972177108,-0.5681730003595631,0.48677248677248675,0.5745409333123237
Kaine Padly,Australia,After Nines,2023-04-08,7889.9,300.0,0.44781917942187094,0.4408561044098401,0.6328042328042328,1.156714510875614
Wilone O'Kielt,Canada,Fruit & Nut Bars,2023-08-08,3589.18,176.0,0.20349984246171302,-0.5611161033347432,0.37037037037037035,0.1104895309068023
Wilone O'Kielt,UK,Milk Bars,2023-08-26,305.39,62.0,0.01695121908786006,-1.3261662149601419,0.1291005291005291,-0.8513624668064601
Oby Sorrel,Canada,Fruit & Nut Bars,2023-01-14,1896.64,161.0,0.10734844209653101,-0.9554403189302753,0.3386243386243386,-0.016069942476521694
Dennison Crosswaite,USA,Baker's Choco Chips,2023-08-11,17609.863750000004,298.0,1.0,2.7053917025852208,0.6285714285714286,1.1398399144245042
Madelene Upcott,USA,Almond Choco,2023-05-31,11103.47,24.0,0.6303786791509988,1.1895465161645602,0.04867724867724868,-1.1719797993775476
Van Tuxwell,New Zealand,50% Dark Bites,2023-07-11,4162.28,11.0,0.23605704497939994,-0.42759653631842487,0.021164021164021163,-1.2816646763097617
Karlen McCaffrey,Canada,Caramel Stuffed Bars,2023-03-02,3357.3,308.0,0.1903269858576278,-0.6151389914864512,0.6497354497354497,1.2242128966800536
Madelene Upcott,Australia,Raspberry Choco,2023-07-13,7033.52,94.0,0.39916914087345584,0.24133859123337068,0.19682539682539682,-0.5813689235887023
Rafaelita Blaksland,UK,Spicy Special Slims,2023-08-03,9896.8,143.0,0.5618290376189498,0.9084192156383329,0.30052910052910053,-0.16794131053651049
Curtice Advani,UK,Peanut Butter Cubes,2023-03-01,15653.44,175.0,0.8888576439728448,2.2495884361388025,0.3682539682539683,0.10205223268124737
Kelci Walkden,New Zealand,White Choc,2023-04-13,7899.31,148.0,0.44835375153091206,0.44304842534095795,0.3111111111111111,-0.12575481940873584
Beverie Moffet,Canada,Fruit & Nut Bars,2023-02-14,10644.74,172.0,0.6043187149022838,1.0826726181059394,0.3619047619047619,0.07674033800458258
Mallorie Waber,India,White Choc,2023-07-26,872.83,224.0,0.049186883014986686,-1.193965302191446,0.47195767195767196,0.5154798457334391
Brien Boise,UK,Drinking Coco,2023-01-27,6337.94,128.0,0.3596539795974958,0.07928390544518217,0.2687830687830688,-0.2945007839198345
Jehu Rudeforth,India,Peanut Butter Cubes,2023-04-14,31.15,451.0,0.0013719358590161214,-1.3900580419686137,0.9523809523809523,2.430746542934409
Oby Sorrel,USA,Almond Choco,2023-05-19,7107.55,142.0,0.4033747065729574,0.25858593645448047,0.2984126984126984,-0.17637860876206543
Husein Augar,India,Eclairs,2023-02-09,5465.85,56.0,0.3101114726289919,-0.12389368869067716,0.1164021164021164,-0.9019862561597897
Brien Boise,UK,Spicy Special Slims,2023-05-25,2462.14,60.0,0.13947389668343024,-0.8236913830591742,0.12486772486772486,-0.86823706325757
Oby Sorrel,Australia,Manuka Honey Choco,2023-01-26,4194.44,80.0,0.23788402043389098,-0.4201039708407686,0.1671957671957672,-0.6994910987464713
Beverie Moffet,India,White Choc,2023-07-04,1994.44,299.0,0.11290435625850934,-0.9326550918247162,0.6306878306878307,1.148277212650059
Ches Bonnell,India,Almond Choco,2023-04-13,12124.05,80.0,0.6883567453619583,1.4273189811890137,0.1671957671957672,-0.6994910987464713
Gigi Bohling,Australia,Smooth Sliky Salty,2023-01-25,5884.09,117.0,0.3338712429674972,-0.026453061035983445,0.2455026455026455,-0.38731106440093876
Camilla Castle,USA,85% Dark Bars,2023-04-25,2639.16,80.0,0.14953021493448754,-0.7824496560425477,0.1671957671957672,-0.6994910987464713
Camilla Castle,USA,Eclairs,2023-06-10,5031.4,401.0,0.28543082940126707,-0.2251108861958937,0.8465608465608465,2.0088816316566622
Madelene Upcott,New Zealand,White Choc,2023-08-22,11510.71,56.0,0.6535135511686271,1.2844243882143342,0.1164021164021164,-0.9019862561597897
Van Tuxwell,India,After Nines,2023-06-27,15021.98,211.0,0.8529850718182146,2.1024722857494735,0.4444444444444444,0.40579496880122495
Husein Augar,India,Orange Choco,2023-06-30,4517.19,40.0,0.25621910525780206,-0.34491039161460085,0.08253968253968254,-1.0369830277686687
Jehu Rudeforth,India,Almond Choco,2023-08-30,10778.53,99.0,0.611919182752295,1.1138427155952315,0.2074074074074074,-0.5391824324609276
Karlen McCaffrey,Australia,Raspberry Choco,2023-08-23,1145.72,60.0,0.06468947417717755,-1.1303879951890325,0.12486772486772486,-0.86823706325757
Camilla Castle,New Zealand,99% Dark & Pure,2023-08-26,2518.5,45.0,0.14267564844385047,-0.8105607552506946,0.09312169312169312,-0.994796536640894
Gigi Bohling,Australia,Orange Choco,2023-03-09,596.63,158.0,0.03349625426715013,-1.258313765653158,0.3322751322751323,-0.041381837153186496
Kelci Walkden,UK,Drinking Coco,2023-04-20,1858.71,24.0,0.1051936790682709,-0.9642771662116031,0.04867724867724868,-1.1719797993775476
Mallorie Waber,Canada,Caramel Stuffed Bars,2023-06-10,5194.28,473.5,0.29468386926530626,-0.18716346502050032,1.0,2.620585753009395
Husein Augar,Australia,Organic Choco Syrup,2023-02-08,960.69,155.0,0.054178116330645336,-1.173495874241605,0.32592592592592595,-0.06669373182985129
Brien Boise,Australia,White Choc,2023-08-25,5347.12,23.0,0.3033665473891996,-0.15155514077905186,0.04656084656084656,-1.1804170976031025
Dotty Strutley,India,Peanut Butter Cubes,2023-02-16,9805.11,76.0,0.5566202260697495,0.8870574827824159,0.15873015873015872,-0.7332402916486911
Dennison Crosswaite,UK,99% Dark & Pure,2023-05-30,13205.42,26.0,0.7497882269298367,1.6792541655973827,0.05291005291005291,-1.1551052029264377
Gigi Bohling,New Zealand,50% Dark Bites,2023-06-29,5929.2,65.0,0.3364338941724751,-0.01594343327798994,0.13544973544973546,-0.8260505721297953
Gigi Bohling,USA,Milk Bars,2023-06-16,516.92,141.0,0.028968013798323006,-1.2768844246775355,0.2962962962962963,-0.18481590698762038
Brien Boise,UK,Caramel Stuffed Bars,2023-03-04,2882.76,145.0,0.163368872294998,-0.7256962682826887,0.3047619047619048,-0.15106671408540062
Curtice Advani,New Zealand,Peanut Butter Cubes,2023-03-15,1637.72,454.0,0.0926394718018538,-1.0157629263144405,0.9587301587301588,2.4560584376110737
Curtice Advani,New Zealand,50% Dark Bites,2023-01-27,10791.46,88.0,0.6126537223240165,1.1168551183199231,0.18412698412698414,-0.6319927129420319
Beverie Moffet,Canada,Drinking Coco,2023-07-05,1093.46,115.0,0.06172063906362962,-1.1425634140902239,0.24126984126984127,-0.40418566085204866
Barr Faughny,USA,Caramel Stuffed Bars,2023-03-29,3407.61,316.0,0.19318504354156574,-0.6034178792606774,0.6666666666666666,1.291711282484493
Mallorie Waber,Canada,Almond Choco,2023-05-12,4753.93,37.0,0.2696680533018384,-0.2897552314410826,0.0761904761904762,-1.0622949224453335
Oby Sorrel,USA,Drinking Coco,2023-03-11,8280.62,47.0,0.4700155677794188,0.5318851834965894,0.09735449735449736,-0.9779219401897841
Brien Boise,New Zealand,Eclairs,2023-07-11,4981.78,299.0,0.28261196988472964,-0.23667124375190435,0.6306878306878307,1.148277212650059
Gunar Cockshoot,New Zealand,Choco Coated Almonds,2023-08-01,13998.33,60.0,0.7948326021667921,1.8639845789334653,0.12486772486772486,-0.86823706325757
Gunar Cockshoot,UK,Spicy Special Slims,2023-02-16,13105.65,199.0,0.7441203991594831,1.6560099722607604,0.41904761904761906,0.3045473900945658
Curtice Advani,USA,After Nines,2023-04-13,15728.81,256.0,0.8931393336496168,2.2671479715881477,0.5396825396825397,0.785473388951197
Oby Sorrel,India,Choco Coated Almonds,2023-02-14,53.85,399.0,0.0026614987575530142,-1.3847694463111884,0.8423280423280424,1.9920070352055526
Ches Bonnell,Australia,Peanut Butter Cubes,2023-03-14,10857.23,73.0,0.6163900461934778,1.1321780670595207,0.1523809523809524,-0.7585521863253558
Oby Sorrel,Australia,Spicy Special Slims,2023-04-26,12412.53,25.0,0.7047449878716466,1.4945284118169453,0.050793650793650794,-1.1635425011519926
Jehu Rudeforth,Canada,Manuka Honey Choco,2023-04-05,3669.15,209.0,0.20804285325448815,-0.5424848700869767,0.4402116402116402,0.3889203723501151
Camilla Castle,Canada,Drinking Coco,2023-03-03,13555.26,279.0,0.7696622658912529,1.760759112945121,0.5883597883597883,0.9795312481389604
Kaine Padly,USA,Spicy Special Slims,2023-06-13,2333.84,171.0,0.13218530990447505,-0.8535824325238289,0.35978835978835977,0.06830303977902764
Marney O'Breen,New Zealand,70% Dark Bites,2023-02-14,8973.05,360.0,0.5093517808998549,0.6932059892706414,0.7597883597883598,1.6629524044089101
Roddy Speechley,New Zealand,99% Dark & Pure,2023-04-18,8610.38,188.0,0.48874888326054317,0.6087119369764376,0.39576719576719577,0.2117371096134615
Oby Sorrel,New Zealand,85% Dark Bars,2023-02-01,3432.3,452.0,0.1945876562272431,-0.5976656578165439,0.9544973544973545,2.439183841159964
Dotty Strutley,New Zealand,Orange Choco,2023-08-04,2283.39,155.0,0.12931929896918049,-0.86533616163912,0.32592592592592595,-0.06669373182985129
Andria Kimpton,New Zealand,Almond Choco,2023-04-05,7190.49,165.0,0.40808643991236926,0.2779091137155752,0.3470899470899471,0.01767925042569804
Karlen McCaffrey,Australia,99% Dark & Pure,2023-01-26,11303.07,166.0,0.6417177432280016,1.2360488815047403,0.3492063492063492,0.02611654865125297
Kaine Padly,UK,After Nines,2023-01-21,17609.863750000004,171.0,1.0,2.7053917025852208,0.35978835978835977,0.06830303977902764
Kaine Padly,Canada,After Nines,2023-08-22,6233.02,178.0,0.35369358579509536,0.054839876529893375,0.3746031746031746,0.12736412735791217
Kaine Padly,UK,Drinking Coco,2023-01-27,2334.5,233.0,0.13222280380372764,-0.8534286671875339,0.491005291005291,0.5914155297634335
Rafaelita Blaksland,UK,50% Dark Bites,2023-02-16,11099.73,73.0,0.6301662137219006,1.1886751792588877,0.1523809523809524,-0.7585521863253558
Dotty Strutley,USA,Raspberry Choco,2023-01-03,3590.55,47.0,0.20357767070713134,-0.5607969237730395,0.09735449735449736,-0.9779219401897841
Karlen McCaffrey,USA,White Choc,2023-08-24,5209.4,2.0,0.2955428204118207,-0.18364084095264704,0.0021164021164021165,-1.3576003603397562
Oby Sorrel,USA,Spicy Special Slims,2023-02-07,6315.14,398.0,0.3583587358051328,0.07397201200953052,0.8402116402116402,1.9835697369799976
Mallorie Waber,Australia,Smooth Sliky Salty,2023-02-11,4454.71,117.0,0.2526696827952213,-0.35946684345054486,0.2455026455026455,-0.38731106440093876
Kaine Padly,Canada,Organic Choco Syrup,2023-03-29,6078.71,78.0,0.34492739853195753,0.01888907494851466,0.16296296296296298,-0.7163656951975812
Marney O'Breen,USA,Peanut Butter Cubes,2023-06-15,695.96,363.0,0.03913908610466862,-1.2351720825407326,0.7661375661375661,1.688264299085575
Dennison Crosswaite,UK,Smooth Sliky Salty,2023-04-26,563.76,151.0,0.031628944466493406,-1.2659717453562227,0.31746031746031744,-0.10044292473207103
Brien Boise,Australia,Organic Choco Syrup,2023-07-15,4479.69,261.0,0.2540887700729944,-0.3536470584495545,0.5502645502645502,0.8276598800789716
Beverie Moffet,India,Organic Choco Syrup,2023-06-23,1093.72,22.0,0.06173540938757762,-1.1425028398668349,0.044444444444444446,-1.1888543958286575
Dennison Crosswaite,Australia,Baker's Choco Chips,2023-01-11,15870.43,449.0,0.9011846154862158,2.300142285112578,0.9481481481481482,2.413871946483299
Beverie Moffet,UK,50% Dark Bites,2023-02-09,2529.82,297.0,0.14331872562497108,-0.8079234467554498,0.6264550264550265,1.1314026161989492
Van Tuxwell,UK,Almond Choco,2023-06-06,11258.39,217.0,0.6391795198664761,1.225639434193121,0.45714285714285713,0.45641875815455457
Dotty Strutley,UK,Caramel Stuffed Bars,2023-08-10,6180.45,230.0,0.3507071399106863,0.042592234516199534,0.4846560846560847,0.5661036350867688
Wilone O'Kielt,Australia,Smooth Sliky Salty,2023-01-04,2496.06,45.0,0.14140085586926157,-0.8157887766847308,0.09312169312169312,-0.994796536640894
Andria Kimpton,Canada,70% Dark Bites,2023-04-08,10964.29,16.0,0.622472011123758,1.157120668428858,0.031746031746031744,-1.2394781851819872
Barr Faughny,UK,Milk Bars,2023-03-02,4012.51,409.0,0.22754877029596957,-0.4624896187683183,0.8634920634920635,2.076380017461102
Van Tuxwell,Canada,Drinking Coco,2023-06-15,4919.25,473.5,0.2790597069752357,-0.25123934447696167,1.0,2.620585753009395
Jehu Rudeforth,Australia,After Nines,2023-02-14,5602.02,51.0,0.31784714575206546,-0.09216910407959343,0.10582010582010581,-0.9441727472875644
Husein Augar,UK,After Nines,2023-07-05,3563.87,372.0,0.20206200823431353,-0.5670127710038813,0.7851851851851852,1.7641999831155692
Barr Faughny,India,Mint Chip Choco,2023-01-12,8313.09,473.5,0.4718601540047709,0.5394499720867478,1.0,2.620585753009395
Curtice Advani,India,Mint Chip Choco,2023-03-03,8447.48,96.0,0.4794947072177388,0.5707598562453989,0.20105820105820105,-0.5644943271375924
Jehu Rudeforth,New Zealand,Milk Bars,2023-05-18,2646.23,198.0,0.14993185412799662,-0.7808025031219311,0.41693121693121693,0.2961100918690108
Gunar Cockshoot,India,Caramel Stuffed Bars,2023-07-28,2706.83,198.0,0.15337447578664576,-0.766684049516646,0.41693121693121693,0.2961100918690108
Curtice Advani,UK,Manuka Honey Choco,2023-02-07,1710.48,108.0,0.09677289014976326,-0.998811462876808,0.22645502645502646,-0.46324674843093316
Andria Kimpton,India,Orange Choco,2023-05-30,318.19,417.0,0.017678373497607737,-1.3231840993471446,0.8804232804232804,2.1438784032655414
Mallorie Waber,Australia,Raspberry Choco,2023-04-25,9479.65,26.0,0.5381311890231496,0.8112325337663087,0.05291005291005291,-1.1551052029264377
Beverie Moffet,Canada,85% Dark Bars,2023-02-16,6393.2,44.0,0.3627932415258283,0.09215825769316993,0.091005291005291,-1.003233834866449
Kelci Walkden,Australia,Drinking Coco,2023-05-04,1355.65,60.0,0.07661537458642204,-1.0814789693580509,0.12486772486772486,-0.86823706325757
Van Tuxwell,Canada,70% Dark Bites,2023-06-02,7911.23,74.0,0.4490309140749895,0.4458255205055617,0.1544973544973545,-0.7501148880998009
Dennison Crosswaite,USA,Caramel Stuffed Bars,2023-07-11,2583.03,473.5,0.14634152922986748,-0.7955266989611063,1.0,2.620585753009395
Beverie Moffet,New Zealand,Spicy Special Slims,2023-06-07,66.13,65.0,0.0033591125194046894,-1.381908479144969,0.13544973544973546,-0.8260505721297953
Jan Morforth,UK,Almond Choco,2023-07-06,10668.69,150.0,0.6056792889736478,1.0882524359911967,0.31534391534391537,-0.10888022295762596
Husein Augar,India,Raspberry Choco,2023-06-15,10994.3,152.0,0.6241768473609868,1.1641123316746431,0.31957671957671957,-0.0920056265065161
Dotty Strutley,India,Mint Chip Choco,2023-04-14,1259.61,227.0,0.071159444155784,-1.1038541555668226,0.4783068783068783,0.5407917404101039
Camilla Castle,India,Drinking Coco,2023-08-08,492.13,164.0,0.027559720218819504,-1.2826599438998953,0.344973544973545,0.009241952200143105
Marney O'Breen,UK,Drinking Coco,2023-03-29,1016.77,28.0,0.05736396158835234,-1.1604304802121597,0.05714285714285714,-1.1382306064753278
Roddy Speechley,Australia,Organic Choco Syrup,2023-07-04,4111.42,81.0,0.23316774237941817,-0.4394457863244446,0.1693121693121693,-0.6910538005209164
Ches Bonnell,India,99% Dark & Pure,2023-02-16,503.97,105.0,0.028232338047836102,-1.2799014869578726,0.2201058201058201,-0.48855864310759795
Rafaelita Blaksland,Canada,Spicy Special Slims,2023-05-02,2883.71,163.0,0.16342284078634645,-0.7254749393895366,0.34285714285714286,0.0008046539745881715
Van Tuxwell,India,Eclairs,2023-07-21,11861.89,105.0,0.6734637141073138,1.3662415257903082,0.2201058201058201,-0.48855864310759795
Gunar Cockshoot,Australia,99% Dark & Pure,2023-08-18,8564.73,237.0,0.486155555228904,0.5980765012160207,0.49947089947089945,0.6251647226656533
Kaine Padly,USA,85% Dark Bars,2023-06-22,538.03,271.0,0.030167250485024055,-1.2719662636939122,0.5714285714285714,0.912032862334521
Camilla Castle,UK,Peanut Butter Cubes,2023-07-19,5231.88,125.0,0.29681988534394005,-0.17840350040732003,0.2624338624338624,-0.3198126785964993
Madelene Upcott,UK,Peanut Butter Cubes,2023-08-12,7916.13,84.0,0.4493092778724711,0.44696711163866243,0.17566137566137566,-0.6657419058442515
Madelene Upcott,USA,Choco Coated Almonds,2023-06-07,6016.32,143.0,0.34138308887382024,0.00435359111297436,0.30052910052910053,-0.16794131053651049
Marney O'Breen,Canada,Peanut Butter Cubes,2023-03-08,7504.86,97.0,0.4259454658336487,0.3511503391263586,0.20317460317460317,-0.5560570289120375
Ches Bonnell,Australia,Choco Coated Almonds,2023-04-08,1590.98,182.0,0.08998422202750957,-1.026652307857527,0.38306878306878306,0.16111332026013192
Curtice Advani,Canada,Eclairs,2023-05-06,740.07,205.0,0.04164492837138502,-1.2248954325650045,0.43174603174603177,0.3551711794478954
Roddy Speechley,India,Drinking Coco,2023-05-31,4591.11,11.0,0.2604184219740949,-0.3276886739495402,0.021164021164021163,-1.2816646763097617
Van Tuxwell,Australia,Mint Chip Choco,2023-01-13,2686.51,324.0,0.15222011816117134,-0.7714181580522794,0.6835978835978836,1.3592096682889325
Dennison Crosswaite,USA,70% Dark Bites,2023-03-15,735.48,77.0,0.04138417534476456,-1.225964800585603,0.16084656084656085,-0.7248029934231361
Andria Kimpton,Canada,Peanut Butter Cubes,2023-02-16,1160.54,311.0,0.06553138264221353,-1.1269352644558588,0.656084656084656,1.2495247913567182
Gigi Bohling,USA,70% Dark Bites,2023-01-14,8078.15,189.0,0.4585134620496053,0.48471417192130745,0.3978835978835979,0.22017440783901643
Rafaelita Blaksland,Australia,White Choc,2023-03-21,7467.74,111.0,0.4238367180453804,0.34250220384866586,0.2328042328042328,-0.4379348537542684
Roddy Speechley,Canada,Drinking Coco,2023-05-17,7588.41,342.0,0.4306918526254001,0.37061563283463544,0.7216931216931217,1.5110810363489213
Camilla Castle,New Zealand,85% Dark Bars,2023-08-08,15372.54,57.0,0.8729000132151791,2.184144977100443,0.11851851851851852,-0.8935489579342347
Madelene Upcott,Canada,Milk Bars,2023-04-26,3907.5,86.0,0.22158326368912554,-0.4869546156840112,0.17989417989417988,-0.6488673093931417
Madelene Upcott,Australia,70% Dark Bites,2023-04-15,3740.76,255.0,0.21211094132339683,-0.5258013310989491,0.5375661375661376,0.7770360907256421
Oby Sorrel,Canada,Eclairs,2023-05-19,6211.75,473.5,0.35248525967827243,0.04988443910110756,1.0,2.620585753009395
Dennison Crosswaite,Canada,Drinking Coco,2023-01-10,2924.46,25.0,0.1657378050205041,-0.7159810947622203,0.050793650793650794,-1.1635425011519926
Mallorie Waber,New Zealand,After Nines,2023-05-04,501.79,241.0,0.02810849456242595,-1.2804093785232114,0.5079365079365079,0.6589139155678729
Roddy Speechley,Canada,White Choc,2023-04-05,6594.09,270.0,0.3742055891331885,0.13896116437247238,0.5693121693121693,0.903595564108966
Andria Kimpton,India,After Nines,2023-01-17,960.68,71.0,0.05417754824126272,-1.1734982040194277,0.14814814814814814,-0.7754267827764657
Roddy Speechley,India,Spicy Special Slims,2023-03-22,11370.32,170.0,0.6455381443260899,1.2517166373620905,0.3576719576719577,0.059865741553472705
Dotty Strutley,Australia,White Choc,2023-07-05,6067.94,94.0,0.34431556626688076,0.01637990423351587,0.19682539682539682,-0.5813689235887023
Oby Sorrel,Canada,Orange Choco,2023-04-27,8909.75,355.0,0.5057557751078996,0.6784584956532397,0.7492063492063492,1.6207659132811354
Kaine Padly,Canada,Almond Choco,2023-08-12,6865.35,75.0,0.3896155817260131,0.20215871758979317,0.15661375661375662,-0.7416775898742459
Jan Morforth,UK,Baker's Choco Chips,2023-03-11,805.23,259.0,0.045346598788506776,-1.2097146002725891,0.546031746031746,0.8107852836278617
Jehu Rudeforth,UK,Fruit & Nut Bars,2023-05-13,9851.62,221.0,0.5592624097882936,0.8978932794355812,0.4656084656084656,0.4901679510567743
Dennison Crosswaite,USA,Smooth Sliky Salty,2023-05-12,11823.35,90.0,0.6712742976267142,1.3572625620617988,0.18835978835978837,-0.615118116490922
Brien Boise,USA,Raspberry Choco,2023-01-12,683.63,202.0,0.03843863189590386,-1.2380446985960654,0.4253968253968254,0.32985928477123055
Madelene Upcott,New Zealand,Milk Bars,2023-03-29,14002.42,388.0,0.7950649507242818,1.864937458062931,0.819047619047619,1.8991967547244482
Roddy Speechley,India,50% Dark Bites,2023-03-14,8744.95,12.0,0.4963936620823983,0.6400637571358969,0.02328042328042328,-1.2732273780842067
Barr Faughny,New Zealand,99% Dark & Pure,2023-05-24,9294.14,201.0,0.5275925628862518,0.7680128253782486,0.42328042328042326,0.32142198654567566
Dennison Crosswaite,Canada,Organic Choco Syrup,2023-01-28,8831.89,79.0,0.5013326311748563,0.6603188455260531,0.16507936507936508,-0.7079283969720263
Beverie Moffet,India,Almond Choco,2023-05-24,3474.98,104.0,0.1970122617122455,-0.5877221660694554,0.21798941798941798,-0.4969959413331529
Brien Boise,Australia,Peanut Butter Cubes,2023-08-19,311.61,204.0,0.01730457068384682,-1.3247170931544512,0.42962962962962964,0.34673388122234045
Karlen McCaffrey,Australia,Spicy Special Slims,2023-05-17,4791.2,335.0,0.27178532243084585,-0.28107214949605014,0.7068783068783069,1.4520199487700367
Jehu Rudeforth,USA,White Choc,2023-06-07,6646.33,117.0,0.37717328806797124,0.15113192371801842,0.2455026455026455,-0.38731106440093876
Ches Bonnell,Canada,Organic Choco Syrup,2023-07-26,593.63,229.0,0.03332582745236552,-1.2590126989999542,0.48253968253968255,0.5576663368612138
Dotty Strutley,India,Eclairs,2023-07-28,2345.95,406.0,0.13287326614682224,-0.8507610715805947,0.8571428571428571,2.051068122784437
Karlen McCaffrey,India,70% Dark Bites,2023-05-23,5083.07,368.0,0.2883661472412407,-0.21307292418623888,0.7767195767195767,1.7304507902133495
Jehu Rudeforth,UK,Mint Chip Choco,2024-01-04,6339.57,187.0,0.3597465781668621,0.07966365923027485,0.39365079365079364,0.20329981138790656
Van Tuxwell,India,85% Dark Bars,2024-08-01,9005.87,90.0,0.5112162502535986,0.7008523200845931,0.18835978835978837,-0.615118116490922
Gigi Bohling,India,Peanut Butter Cubes,2024-07-07,5159.07,87.0,0.2926836265491175,-0.19536661273406614,0.182010582010582,-0.6404300111675868
Jan Morforth,Australia,Peanut Butter Cubes,2024-04-27,13370.97,349.0,0.7591929466590341,1.7178236374514244,0.7365079365079366,1.5701421239278057
Jehu Rudeforth,UK,Peanut Butter Cubes,2024-02-24,14791.64,182.0,0.8398997009790521,2.048808183382454,0.38306878306878306,0.16111332026013192
Van Tuxwell,India,Smooth Sliky Salty,2024-06-06,6429.35,40.0,0.36484688464398296,0.10058040452206538,0.08253968253968254,-1.0369830277686687
Oby Sorrel,UK,99% Dark & Pure,2024-01-25,15900.6,188.0,0.9028985411535664,2.3071712248035263,0.39576719576719577,0.2117371096134615
Gunar Cockshoot,Australia,After Nines,2024-03-24,3400.26,77.0,0.19276749784534344,-0.6051302659603283,0.16084656084656085,-0.7248029934231361
Jehu Rudeforth,New Zealand,50% Dark Bites,2024-04-20,4357.76,63.0,0.24716205623076526,-0.38205403944117833,0.1312169312169312,-0.8429251685809052
Brien Boise,Australia,99% Dark & Pure,2024-07-04,3356.17,111.0,0.19026279175739227,-0.6154022563804111,0.2328042328042328,-0.4379348537542684
Rafaelita Blaksland,UK,Smooth Sliky Salty,2024-01-13,5287.86,67.0,0.3000000497078209,-0.16536140415610134,0.13968253968253969,-0.8091759756786855
Barr Faughny,USA,Orange Choco,2024-03-10,4244.36,11.0,0.24071992263190692,-0.4084737199500783,0.021164021164021163,-1.2816646763097617
Mallorie Waber,Canada,Eclairs,2024-01-13,1671.64,277.0,0.09456643098768515,-1.0078603199399971,0.5841269841269842,0.9626566516878506
Karlen McCaffrey,New Zealand,Drinking Coco,2024-07-28,181.84,167.0,0.00993247476564715,-1.354950619959036,0.3513227513227513,0.0345538468768079
Marney O'Breen,New Zealand,Peanut Butter Cubes,2024-08-03,8950.59,189.0,0.5080758521465008,0.6879733082809599,0.3978835978835979,0.22017440783901643
Beverie Moffet,Australia,Organic Choco Syrup,2024-01-26,7271.76,385.0,0.4127033023248844,0.29684321808028685,0.8126984126984127,1.8738848600477833
Van Tuxwell,Canada,Organic Choco Syrup,2024-02-14,4864.83,42.0,0.27596816455504286,-0.26391799538784644,0.08677248677248678,-1.0201084313175588
Roddy Speechley,USA,Smooth Sliky Salty,2024-04-05,3175.11,149.0,0.17997696539575836,-0.6575852136373901,0.31322751322751324,-0.1173175211831809
Beverie Moffet,Canada,Milk Bars,2024-02-16,10137.79,250.0,0.5755194236505977,0.9645645313864795,0.526984126984127,0.7348495995978673
Curtice Advani,UK,85% Dark Bars,2024-06-08,1206.95,174.0,0.06816788546693146,-1.1161227655809203,0.36613756613756615,0.09361493445569244
Brien Boise,Australia,Eclairs,2024-06-27,8222.65,92.0,0.4667223536283974,0.5183794614586622,0.1925925925925926,-0.5982435200398121
Gunar Cockshoot,USA,Spicy Special Slims,2024-02-17,1440.85,152.0,0.081455496126305,-1.061629262309036,0.31957671957671957,-0.0920056265065161
Marney O'Breen,USA,After Nines,2024-05-30,5611.65,159.0,0.318394215827524,-0.08992552803637752,0.3343915343915344,-0.032944538927631564
Husein Augar,UK,Drinking Coco,2024-03-14,3562.44,111.0,0.20198077145259954,-0.5673459292325208,0.2328042328042328,-0.4379348537542684
Kaine Padly,Australia,Eclairs,2024-02-28,8385.26,122.0,0.475960055079106,0.556263978632844,0.2560846560846561,-0.3451245732731641
Karlen McCaffrey,India,Fruit & Nut Bars,2024-01-26,181.31,330.0,0.009902366028368536,-1.3550740981836364,0.6962962962962963,1.409833457642262
Roddy Speechley,Canada,Spicy Special Slims,2024-02-09,1800.27,191.0,0.10187376471626666,-0.9778923878071948,0.4021164021164021,0.23704900429012632
Husein Augar,USA,Eclairs,2024-07-07,4449.37,113.0,0.25236632306490464,-0.3607109448078423,0.23703703703703705,-0.4210602573031585
Dennison Crosswaite,New Zealand,White Choc,2024-07-05,10113.4,155.0,0.5741338536463987,0.9588822032770253,0.32592592592592595,-0.06669373182985129
Dennison Crosswaite,New Zealand,Manuka Honey Choco,2024-06-15,5932.84,303.0,0.3366406787077471,-0.015095394150543697,0.6391534391534391,1.182026405552279
Van Tuxwell,New Zealand,85% Dark Bars,2024-05-24,2006.71,124.0,0.1136014019309784,-0.9297964544363193,0.26031746031746034,-0.32824997682205426
Rafaelita Blaksland,UK,99% Dark & Pure,2024-06-29,14086.69,157.0,0.7998522399515816,1.884570495774439,0.33015873015873015,-0.04981913537874143
Wilone O'Kielt,Australia,Manuka Honey Choco,2024-05-11,4799.54,90.0,0.27225910897594713,-0.2791291147919564,0.18835978835978837,-0.615118116490922
Karlen McCaffrey,UK,Almond Choco,2024-06-30,8101.98,138.0,0.45986721904837774,0.4902660324726926,0.28994708994708995,-0.21012780166428516
Andria Kimpton,Canada,After Nines,2024-05-11,2321.97,71.0,0.13151098780731058,-0.8563478787993197,0.14814814814814814,-0.7754267827764657
Roddy Speechley,USA,Manuka Honey Choco,2024-07-22,10245.0,329.0,0.581609909921617,0.9895420794231561,0.6941798941798942,1.401396159416707
Andria Kimpton,UK,50% Dark Bites,2024-08-24,2930.4,344.0,0.1660752501137776,-0.7145972067355636,0.725925925925926,1.5279556328000312
Kelci Walkden,New Zealand,After Nines,2024-07-07,170.24,75.0,0.00927349108181332,-1.357653162233315,0.15661375661375662,-0.7416775898742459
Camilla Castle,Australia,85% Dark Bars,2024-05-19,4247.49,14.0,0.24089773460866554,-0.4077444994915875,0.027513227513227514,-1.2563527816330968
Karlen McCaffrey,India,Manuka Honey Choco,2024-07-04,2696.1,473.5,0.15276491587909946,-0.7691839011203541,1.0,2.620585753009395
Kelci Walkden,USA,After Nines,2024-06-02,1083.76,16.0,0.061169592362492704,-1.1448232985781985,0.031746031746031744,-1.2394781851819872
Karlen McCaffrey,USA,Raspberry Choco,2024-04-15,17037.09,347.0,0.9674613313984207,2.571948144570366,0.7322751322751323,1.5532675274766958
Mallorie Waber,Canada,Choco Coated Almonds,2024-07-11,5706.43,247.0,0.32377856699595253,-0.06784389383325984,0.5206349206349207,0.7095377049212026
Andria Kimpton,India,Spicy Special Slims,2024-02-23,6682.34,139.0,0.3792189779347692,0.15952145365739664,0.2920634920634921,-0.20169050343873024
Madelene Upcott,Canada,Almond Choco,2024-08-22,8192.6,100.0,0.4650152450336383,0.5113784791015862,0.20952380952380953,-0.5307451342353726
Kaine Padly,USA,Peanut Butter Cubes,2024-02-16,7568.16,206.0,0.42954147162560397,0.3658978327437604,0.43386243386243384,0.36360847767345034
Van Tuxwell,USA,50% Dark Bites,2024-01-13,10772.33,156.0,0.6115669673350734,1.1123982533451857,0.328042328042328,-0.058256433604296366
Curtice Advani,Australia,Milk Bars,2024-02-14,7467.12,18.0,0.4238014965036583,0.34235775762366133,0.03597883597883598,-1.2226035887308773
Roddy Speechley,India,Eclairs,2024-06-10,4985.9,311.0,0.28284602271036713,-0.23571137528897082,0.656084656084656,1.2495247913567182
Curtice Advani,India,Fruit & Nut Bars,2024-07-07,5693.6,177.0,0.323049708318057,-0.07083299877972529,0.3724867724867725,0.11892682913235723
Curtice Advani,Canada,Almond Choco,2024-03-24,5879.1,75.0,0.33358776636557214,-0.027615620169487893,0.15661375661375662,-0.7416775898742459
Brien Boise,Australia,Fruit & Nut Bars,2024-06-06,9771.93,22.0,0.5547353054982317,0.8793272799668489,0.044444444444444446,-1.1888543958286575
Dotty Strutley,Australia,Drinking Coco,2024-07-19,105.06,140.0,0.00557068448592633,-1.3728386540813757,0.29417989417989415,-0.1932532052131753
Beverie Moffet,USA,Raspberry Choco,2024-04-19,16414.69,80.0,0.9321034482244399,2.4269427728883612,0.1671957671957672,-0.6994910987464713
Marney O'Breen,India,85% Dark Bars,2024-07-19,2553.41,183.0,0.14465884847856073,-0.8024275008718084,0.3851851851851852,0.16955061848568684
Jehu Rudeforth,Canada,Drinking Coco,2024-07-15,473.99,25.0,0.02652920607875522,-1.2868861608701905,0.050793650793650794,-1.1635425011519926
Ches Bonnell,New Zealand,Spicy Special Slims,2024-02-14,3873.98,19.0,0.21967902807859882,-0.4947640309455485,0.0380952380952381,-1.2141662905053223
Brien Boise,Canada,99% Dark & Pure,2024-05-18,17609.863750000004,430.0,1.0,2.7053917025852208,0.9079365079365079,2.2535632801977554
Barr Faughny,Australia,Fruit & Nut Bars,2024-06-30,16572.07,57.0,0.9410440389280407,2.463608816261295,0.11851851851851852,-0.8935489579342347
Andria Kimpton,Australia,50% Dark Bites,2024-06-02,5220.19,216.0,0.2961557888556627,-0.18112701068200304,0.455026455026455,0.4479814599289996
Andria Kimpton,Australia,Drinking Coco,2024-06-28,1797.26,49.0,0.10170276981209944,-0.9785936509318137,0.10158730158730159,-0.9610473437386743
Marney O'Breen,Australia,Organic Choco Syrup,2024-05-16,295.62,182.0,0.016396195761044844,-1.3284424078928754,0.38306878306878306,0.16111332026013192
Kelci Walkden,Canada,Baker's Choco Chips,2024-05-26,3597.37,288.0,0.203965107666075,-0.5592080152979894,0.6074074074074074,1.055466932168955
Karlen McCaffrey,India,Almond Choco,2024-07-06,6580.43,147.0,0.37342957903653595,0.13577868786672664,0.308994708994709,-0.13419211763429076
Oby Sorrel,India,99% Dark & Pure,2024-05-27,12232.97,11.0,0.694544374917405,1.4526949212333644,0.021164021164021163,-1.2816646763097617
Wilone O'Kielt,Australia,Caramel Stuffed Bars,2024-04-14,2243.44,11.0,0.12704978188563207,-0.8746436240406239,0.021164021164021163,-1.2816646763097617
Van Tuxwell,Australia,Organic Choco Syrup,2024-08-10,17609.863750000004,14.0,1.0,2.7053917025852208,0.027513227513227514,-1.2563527816330968
Camilla Castle,India,50% Dark Bites,2024-07-04,10590.61,430.0,0.6012436470741869,1.0700615307519117,0.9079365079365079,2.2535632801977554
Oby Sorrel,India,Organic Choco Syrup,2024-07-08,6468.82,59.0,0.36708913343716576,0.10977603758808177,0.12275132275132275,-0.8766743614831249
Jan Morforth,USA,Peanut Butter Cubes,2024-07-22,10463.57,109.0,0.5940266395574412,1.0404640332929112,0.22857142857142856,-0.4548094502053782
Gigi Bohling,USA,Choco Coated Almonds,2024-03-02,14154.35,105.0,0.8036959327143571,1.900333772522518,0.2201058201058201,-0.48855864310759795
Gigi Bohling,UK,Almond Choco,2024-01-10,6031.14,9.0,0.34222499733885625,0.007806321846148189,0.016931216931216932,-1.2985392727608716
Jehu Rudeforth,New Zealand,White Choc,2024-03-11,3308.4,258.0,0.18754902877663865,-0.6265316050392308,0.5439153439153439,0.8023479854023069
Andria Kimpton,New Zealand,Peanut Butter Cubes,2024-06-20,1119.94,283.0,0.06322493974879513,-1.1363941624158354,0.5968253968253968,1.0132804410411802
Van Tuxwell,UK,Organic Choco Syrup,2024-08-26,2303.39,222.0,0.1304554777344112,-0.8606766059938114,0.4677248677248677,0.49860524928232924
Roddy Speechley,Canada,Milk Bars,2024-07-13,723.37,33.0,0.040696219102417344,-1.2287861615288374,0.06772486772486773,-1.096044115347553
Camilla Castle,USA,Spicy Special Slims,2024-02-11,1413.64,261.0,0.07990972491620858,-1.0679685877644782,0.5502645502645502,0.8276598800789716
Marney O'Breen,USA,Orange Choco,2024-01-27,9001.89,193.0,0.5109901506793176,0.6999250685111764,0.40634920634920635,0.25392360074123616
Van Tuxwell,UK,99% Dark & Pure,2024-01-31,5283.91,136.0,0.29977565440168785,-0.16628166639604974,0.2857142857142857,-0.22700239811539502
Camilla Castle,USA,White Choc,2024-08-18,10958.51,23.0,0.6221436554606063,1.1557740568473636,0.04656084656084656,-1.1804170976031025
Andria Kimpton,USA,Raspberry Choco,2024-06-30,15531.78,22.0,0.8819462685439463,2.22124435914839,0.044444444444444446,-1.1888543958286575
Dotty Strutley,Australia,Fruit & Nut Bars,2024-08-23,317.36,337.0,0.01763122207885066,-1.3233774709064248,0.7111111111111111,1.4688945452211466
Brien Boise,New Zealand,Mint Chip Choco,2024-08-01,71.41,188.0,0.0036590637134256056,-1.3806783564546075,0.39576719576719577,0.2117371096134615
Roddy Speechley,New Zealand,After Nines,2024-05-25,9317.33,11.0,0.5289099621645369,0.7734155801489839,0.021164021164021163,-1.2816646763097617
Roddy Speechley,Canada,Organic Choco Syrup,2024-01-10,4790.71,86.0,0.27175748605109773,-0.2811863086093601,0.17989417989417988,-0.6488673093931417
Dennison Crosswaite,Australia,70% Dark Bites,2024-02-07,6166.8,114.0,0.3499316979034163,0.03941208778827649,0.23915343915343915,-0.41262295907760355
Karlen McCaffrey,USA,Orange Choco,2024-05-12,11741.46,433.0,0.6666222136724768,1.3381840114720824,0.9142857142857143,2.27887517487442
Madelene Upcott,Australia,Spicy Special Slims,2024-03-07,8519.77,443.0,0.4836014253646654,0.5876018201253671,0.9354497354497354,2.3632481571299695
Dennison Crosswaite,Australia,85% Dark Bars,2024-04-05,8278.86,453.0,0.4699155840480785,0.5314751425998022,0.9566137566137566,2.447621139385519
Andria Kimpton,Canada,Caramel Stuffed Bars,2024-01-03,7560.62,336.0,0.429113132231112,0.3641411802654791,0.708994708994709,1.4604572469955917
Dennison Crosswaite,UK,Eclairs,2024-03-24,6702.11,285.0,0.38034209064419977,0.1641274244127841,0.6010582010582011,1.03015503749229
Madelene Upcott,India,Raspberry Choco,2024-07-07,4758.69,10.0,0.2699384638479633,-0.2886462571974993,0.01904761904761905,-1.2901019745353166
Van Tuxwell,USA,After Nines,2024-07-26,709.25,263.0,0.039894076894164444,-1.2320758078144252,0.5544973544973545,0.8445344765300815
Wilone O'Kielt,Australia,Organic Choco Syrup,2024-07-07,2003.05,110.0,0.11339348121694116,-0.9306491531194108,0.2306878306878307,-0.44637215197982333
Karlen McCaffrey,Canada,50% Dark Bites,2024-07-15,3248.0,64.0,0.1841177689056418,-0.6406034630880628,0.13333333333333333,-0.8344878703553502
Roddy Speechley,New Zealand,Orange Choco,2024-04-01,51.98,95.0,0.0025552660430039394,-1.385205114764025,0.19894179894179895,-0.5729316253631473
Beverie Moffet,Australia,Eclairs,2024-06-20,2134.65,6.0,0.12086953749215945,-0.8999892769732801,0.010582010582010581,-1.3238511674375364
Kelci Walkden,UK,Fruit & Nut Bars,2024-06-29,15540.41,473.5,0.8824365296811433,2.2232549574093405,1.0,2.620585753009395
Marney O'Breen,USA,50% Dark Bites,2024-06-15,1117.77,114.0,0.06310166435276758,-1.1368997242033512,0.23915343915343915,-0.41262295907760355
Husein Augar,USA,After Nines,2024-04-08,13999.05,179.0,0.7948735046023404,1.8641523229366963,0.37671957671957673,0.1358014255834671
Dennison Crosswaite,Australia,Raspberry Choco,2024-03-14,6265.59,31.0,0.3555438529142736,0.062427962898278386,0.06349206349206349,-1.112918711798663
Andria Kimpton,USA,Fruit & Nut Bars,2024-07-15,1536.82,386.0,0.08690744993126472,-1.0392703845450226,0.8148148148148148,1.8823221582733383
Kelci Walkden,India,Eclairs,2024-04-19,6069.93,80.0,0.34442861605402125,0.016843530020224238,0.1671957671957672,-0.6994910987464713
Marney O'Breen,USA,99% Dark & Pure,2024-03-28,4861.33,286.0,0.27576933327112746,-0.26473341762577546,0.6031746031746031,1.038592335717845
Brien Boise,Canada,Spicy Special Slims,2024-03-04,8993.24,97.0,0.5104987533633553,0.6979098106945805,0.20317460317460317,-0.5560570289120375
Karlen McCaffrey,New Zealand,70% Dark Bites,2024-08-02,150.42,40.0,0.008147537925469652,-1.3622707818778157,0.08253968253968254,-1.0369830277686687
Husein Augar,UK,Spicy Special Slims,2024-08-25,5593.68,41.0,0.3173733592069642,-0.09411213878368715,0.08465608465608465,-1.0285457295431137
Marney O'Breen,USA,Almond Choco,2024-02-25,9376.61,167.0,0.5322775960246808,0.7872265030816789,0.3513227513227513,0.0345538468768079
Kelci Walkden,India,Orange Choco,2024-06-07,11315.16,134.0,0.6424045632915836,1.2388655828923294,0.2814814814814815,-0.2438769945665049
Jan Morforth,India,Spicy Special Slims,2024-04-12,2048.34,473.5,0.1159663580308062,-0.9200975893606095,1.0,2.620585753009395
Ches Bonnell,India,Spicy Special Slims,2024-07-06,12562.81,101.0,0.7132822351135903,1.529540312935794,0.21164021164021163,-0.5223078360098177
Kelci Walkden,UK,Smooth Sliky Salty,2024-01-19,6883.75,182.0,0.3906608661900254,0.20644550878347703,0.38306878306878306,0.16111332026013192
Madelene Upcott,Australia,Fruit & Nut Bars,2024-01-05,6105.6,90.0,0.3464549908818103,0.02515384751363217,0.18835978835978837,-0.615118116490922
Madelene Upcott,Canada,70% Dark Bites,2024-01-24,12634.72,145.0,0.7173673658639774,1.546293745258501,0.3047619047619048,-0.15106671408540062
Wilone O'Kielt,Australia,Drinking Coco,2024-04-06,663.74,285.0,0.03730870211388189,-1.242678626685325,0.6010582010582011,1.03015503749229
Gunar Cockshoot,Australia,Fruit & Nut Bars,2024-06-15,7044.68,21.0,0.39980312862445455,0.24393862328345287,0.042328042328042326,-1.1972916940542124
Gigi Bohling,Canada,Baker's Choco Chips,2024-01-28,1804.9,47.0,0.1021367901004176,-0.976813700675306,0.09735449735449736,-0.9779219401897841
Kelci Walkden,India,Caramel Stuffed Bars,2024-03-16,513.43,131.0,0.02876975060379024,-1.2776975171376417,0.2751322751322751,-0.2691888892431697
Rafaelita Blaksland,Australia,Drinking Coco,2024-02-21,13699.76,389.0,0.777871157470045,1.7944244024824756,0.8211640211640212,1.907634052950003
Kelci Walkden,USA,Manuka Honey Choco,2024-02-16,17609.863750000004,94.0,1.0,2.7053917025852208,0.19682539682539682,-0.5813689235887023
Jehu Rudeforth,Canada,Spicy Special Slims,2024-01-13,2189.7,29.0,0.12399686954345705,-0.8871638500595682,0.05925925925925926,-1.1297933082497729
Kelci Walkden,Australia,Eclairs,2024-03-23,8727.09,473.5,0.4953790544450472,0.6359027739446361,1.0,2.620585753009395
Curtice Advani,Canada,Spicy Special Slims,2024-06-16,911.46,126.0,0.05138141230002986,-1.1849653704625325,0.26455026455026454,-0.31137538037094437
Oby Sorrel,India,Raspberry Choco,2024-04-14,7620.86,46.0,0.432535302671987,0.3781757618691486,0.09523809523809523,-0.986359238415339
Kelci Walkden,UK,Eclairs,2024-01-25,5054.56,60.0,0.2867465244114043,-0.21971512075862615,0.12486772486772486,-0.86823706325757
Jan Morforth,India,Almond Choco,2024-03-11,5230.5,23.0,0.29674148900913916,-0.17872500974684635,0.04656084656084656,-1.1804170976031025
Dotty Strutley,UK,Almond Choco,2024-07-28,17104.04,103.0,0.9712646898150307,2.5875460070930365,0.21587301587301588,-0.5054332395587079
Marney O'Breen,New Zealand,After Nines,2024-03-09,1642.32,43.0,0.09290079291785688,-1.0146912285160197,0.08888888888888889,-1.0116711330920038
Husein Augar,Australia,Orange Choco,2024-06-28,10322.19,182.0,0.5859949918660251,1.007525634436225,0.38306878306878306,0.16111332026013192
Marney O'Breen,Australia,Milk Bars,2024-07-28,2715.92,423.0,0.15389086903544313,-0.7645662814758531,0.8931216931216931,2.194502192618871
Kelci Walkden,Canada,99% Dark & Pure,2024-08-15,5598.05,51.0,0.3176216142671671,-0.09309402587518725,0.10582010582010581,-0.9441727472875644
Kaine Padly,Australia,Manuka Honey Choco,2024-01-12,2996.99,280.0,0.16985815731261336,-0.6990832162145086,0.5904761904761905,0.9879685463645154
Beverie Moffet,New Zealand,White Choc,2024-03-24,7946.49,7.0,0.45103399723809134,0.45404031710824083,0.012698412698412698,-1.3154138692119814
Van Tuxwell,UK,Milk Bars,2024-07-25,4991.22,92.0,0.28314824626191853,-0.23447193348731857,0.1925925925925926,-0.5982435200398121
Oby Sorrel,Canada,99% Dark & Pure,2024-08-01,4151.7,424.0,0.2354560064125929,-0.4300614412547931,0.8952380952380953,2.2029394908444258
Van Tuxwell,India,Organic Choco Syrup,2024-05-16,17609.863750000004,168.0,1.0,2.7053917025852208,0.35343915343915344,0.04299114510236284
Roddy Speechley,India,Smooth Sliky Salty,2024-08-10,6014.3,141.0,0.34126833481853197,0.003882975992798301,0.2962962962962963,-0.18481590698762038
Jan Morforth,India,Eclairs,2024-01-05,2788.6,27.0,0.15801974266829164,-0.7476334562608017,0.05502645502645503,-1.1466679047008828
Ches Bonnell,UK,Smooth Sliky Salty,2024-07-11,6503.75,116.0,0.36907346965064125,0.11791395152261333,0.24338624338624337,-0.3957483626264937
Wilone O'Kielt,USA,After Nines,2024-04-25,433.92,31.0,0.024252871922615427,-1.2962215806055661,0.06349206349206349,-1.112918711798663
Gigi Bohling,New Zealand,Fruit & Nut Bars,2024-04-04,12314.13,129.0,0.6991549883467113,1.4716033980420267,0.2708994708994709,-0.2860634856942796
Barr Faughny,USA,Raspberry Choco,2024-04-12,9876.86,106.0,0.5606962673900148,0.9037736386599606,0.2222222222222222,-0.48012134488204306
Wilone O'Kielt,New Zealand,85% Dark Bars,2024-08-02,2043.06,121.0,0.11566640683678527,-0.921327712050971,0.25396825396825395,-0.35356187149871904
Gigi Bohling,New Zealand,Manuka Honey Choco,2024-06-28,8728.8,272.0,0.4954761977294744,0.6363011659523099,0.5735449735449736,0.9204701605600759
Ches Bonnell,Australia,Eclairs,2024-07-05,4906.57,128.0,0.2783393696380794,-0.25419350275608743,0.2687830687830688,-0.2945007839198345
Rafaelita Blaksland,New Zealand,Choco Coated Almonds,2024-06-07,2278.06,49.0,0.1290165073282465,-0.8665779332185948,0.10158730158730159,-0.9610473437386743
Brien Boise,New Zealand,Smooth Sliky Salty,2024-01-18,1108.18,27.0,0.06255686663483945,-1.1391339811352768,0.05502645502645503,-1.1466679047008828
Brien Boise,Australia,Baker's Choco Chips,2024-01-04,14957.65,206.0,0.8493305528198499,2.0874848250163383,0.43386243386243384,0.36360847767345034
Dennison Crosswaite,Australia,99% Dark & Pure,2024-01-31,3020.67,19.0,0.17120339297064657,-0.6935663023304631,0.0380952380952381,-1.2141662905053223
Kelci Walkden,India,Almond Choco,2024-03-14,3677.47,152.0,0.20851550362082413,-0.5405464949385284,0.31957671957671957,-0.0920056265065161
Camilla Castle,Australia,70% Dark Bites,2024-04-29,6999.62,473.5,0.39724331786638967,0.23344064441457246,1.0,2.620585753009395
Oby Sorrel,India,Smooth Sliky Salty,2024-02-07,10901.65,116.0,0.6189134992310553,1.1425269401477511,0.24338624338624337,-0.3957483626264937
Kaine Padly,UK,Organic Choco Syrup,2024-03-31,2586.62,172.0,0.14654547331822637,-0.7946903087227735,0.3619047619047619,0.07674033800458258
Marney O'Breen,India,Caramel Stuffed Bars,2024-03-16,5077.5,81.0,0.288049721455124,-0.21437061043345726,0.1693121693121693,-0.6910538005209164
Karlen McCaffrey,UK,Eclairs,2024-01-25,8360.11,203.0,0.4745313102818284,0.5504045874088684,0.4275132275132275,0.3382965829967855
Van Tuxwell,India,Baker's Choco Chips,2024-06-20,3566.77,426.0,0.202226754155272,-0.5663371354353115,0.8994708994708994,2.2198140872955356
Gigi Bohling,UK,After Nines,2024-03-29,9186.69,173.0,0.5214884424700497,0.7429793626738282,0.364021164021164,0.08517763623013751
Curtice Advani,Australia,Orange Choco,2024-07-12,917.35,140.0,0.05171601694639032,-1.183593131324989,0.29417989417989415,-0.1932532052131753
Jehu Rudeforth,Canada,Smooth Sliky Salty,2024-07-11,6199.12,132.0,0.35176776278802924,0.04694192971109514,0.27724867724867724,-0.26075159101761475
Karlen McCaffrey,Canada,Smooth Sliky Salty,2024-01-19,3368.63,180.0,0.19097063112813104,-0.6124993532133839,0.37883597883597886,0.14423872380902203
Andria Kimpton,USA,85% Dark Bars,2024-04-05,10527.23,82.0,0.5976430965671706,1.0552953989119285,0.17142857142857143,-0.6826165022953614
Jehu Rudeforth,Canada,Milk Bars,2024-02-21,7927.57,12.0,0.449959172126183,0.4496323774677789,0.02328042328042328,-1.2732273780842067
Rafaelita Blaksland,New Zealand,Caramel Stuffed Bars,2024-05-20,14493.5,15.0,0.8229626841257575,1.9793481873778387,0.02962962962962963,-1.2479154834075419
Mallorie Waber,Australia,Milk Bars,2024-07-29,3112.2,107.0,0.17640311508972506,-0.6722418459197084,0.22433862433862434,-0.4716840466564881
Barr Faughny,USA,Fruit & Nut Bars,2024-01-28,9617.64,44.0,0.545970254413859,0.8433811379411154,0.091005291005291,-1.003233834866449
Marney O'Breen,UK,Caramel Stuffed Bars,2024-07-19,4198.08,107.0,0.238090804969163,-0.41925593171332237,0.22433862433862434,-0.4716840466564881
Mallorie Waber,New Zealand,Manuka Honey Choco,2024-04-13,10927.22,11.0,0.6203661037824029,1.148484182040278,0.021164021164021163,-1.2816646763097617
Roddy Speechley,India,Peanut Butter Cubes,2024-02-11,10759.18,20.0,0.6108199297969342,1.1093345955083953,0.04021164021164021,-1.2057289922797674
Roddy Speechley,New Zealand,Milk Bars,2024-03-02,6250.42,111.0,0.35468206132084606,0.058893689941311785,0.2328042328042328,-0.4379348537542684
Ches Bonnell,Australia,White Choc,2024-03-02,1103.54,195.0,0.06229327316130591,-1.1402149980449885,0.4105820105820106,0.27079819719234605
Van Tuxwell,USA,99% Dark & Pure,2024-07-28,13435.98,6.0,0.7628860957354167,1.7329695230765003,0.010582010582010581,-1.3238511674375364
Kelci Walkden,India,After Nines,2024-01-07,1855.03,473.5,0.10498462217546844,-0.96513452445034,1.0,2.620585753009395
Brien Boise,UK,White Choc,2024-04-12,5799.09,169.0,0.3290424832152665,-0.04625617252854506,0.35555555555555557,0.051428443327917774
Van Tuxwell,Canada,Almond Choco,2024-06-27,3631.78,71.0,0.20591990323165452,-0.5511912498102357,0.14814814814814814,-0.7754267827764657
Jehu Rudeforth,Australia,50% Dark Bites,2024-01-14,5461.43,456.0,0.3098603771218759,-0.12492345048829037,0.9629629629629629,2.4729330340621836
Karlen McCaffrey,UK,Baker's Choco Chips,2024-02-07,5315.95,389.0,0.3015958127835875,-0.15881705825226536,0.8211640211640212,1.907634052950003
Jehu Rudeforth,Australia,Orange Choco,2024-03-23,16059.94,28.0,0.9119504773761598,2.3442939046297,0.05714285714285714,-1.1382306064753278
Marney O'Breen,India,Peanut Butter Cubes,2024-01-10,7803.84,157.0,0.44293020219508306,0.42080603646807724,0.33015873015873015,-0.04981913537874143
Oby Sorrel,UK,Choco Coated Almonds,2024-03-17,10751.19,44.0,0.6103660263802245,1.1074731030280947,0.091005291005291,-1.003233834866449
Gigi Bohling,USA,Spicy Special Slims,2024-01-21,12156.54,54.0,0.6902024677660757,1.4348884293348179,0.11216931216931217,-0.9188608526108996
Barr Faughny,Australia,White Choc,2024-07-04,9402.26,401.0,0.5337347452910892,0.793202383196787,0.8465608465608465,2.0088816316566622
Kaine Padly,Canada,Peanut Butter Cubes,2024-07-04,3653.39,185.0,0.20714754438748634,-0.5461565999354798,0.38941798941798944,0.1864252149367967
Dotty Strutley,USA,Manuka Honey Choco,2024-08-10,320.11,201.0,0.017787446659069887,-1.322736782005195,0.42328042328042326,0.32142198654567566
Dennison Crosswaite,Australia,50% Dark Bites,2024-04-01,7618.91,12.0,0.432424525242377,0.37772145519373107,0.02328042328042328,-1.2732273780842067
Gigi Bohling,India,Raspberry Choco,2024-02-22,2843.9,158.0,0.16116127695415466,-0.7347497849015233,0.3322751322751323,-0.041381837153186496
Camilla Castle,UK,White Choc,2024-01-03,11946.4,192.0,0.6782646374797963,1.3859304781695598,0.4042328042328042,0.24548630251568124
Karlen McCaffrey,India,Drinking Coco,2024-05-31,5055.05,241.0,0.2867743607911525,-0.21960096164531615,0.5079365079365079,0.6589139155678729
Dotty Strutley,UK,99% Dark & Pure,2024-01-03,10378.36,301.0,0.5891859499281756,1.020611996466074,0.6349206349206349,1.165151809101169
Husein Augar,New Zealand,Caramel Stuffed Bars,2024-01-27,595.16,461.0,0.03341274512790567,-1.258656242993088,0.9735449735449735,2.5151195251899585
Barr Faughny,UK,50% Dark Bites,2024-01-28,639.95,71.0,0.03595721747263992,-1.2482211681254196,0.14814814814814814,-0.7754267827764657
Curtice Advani,Australia,Organic Choco Syrup,2024-06-28,3717.35,322.0,0.21078104407869425,-0.531255340981783,0.6793650793650794,1.3423350718378226
Husein Augar,UK,Choco Coated Almonds,2024-03-02,5057.1,41.0,0.28689081911458864,-0.21912335719167197,0.08465608465608465,-1.0285457295431137
Wilone O'Kielt,Australia,After Nines,2024-05-27,3729.83,27.0,0.21149001962819822,-0.5283477782591104,0.05502645502645503,-1.1466679047008828
Dennison Crosswaite,USA,Almond Choco,2024-06-30,13786.87,85.0,0.7828197840820076,1.8147190970956175,0.17777777777777778,-0.6573046076186967
Barr Faughny,Canada,Peanut Butter Cubes,2024-06-07,2206.28,79.0,0.12493876173983337,-0.8833010784296073,0.16507936507936508,-0.7079283969720263
Kaine Padly,USA,70% Dark Bites,2024-05-12,4672.25,103.0,0.26502789922463604,-0.30878485669652306,0.21587301587301588,-0.5054332395587079
Barr Faughny,New Zealand,Raspberry Choco,2024-07-29,7667.99,69.0,0.43521270793225325,0.3891560047473184,0.1439153439153439,-0.7923013792275756
Dennison Crosswaite,UK,White Choc,2024-08-03,8338.51,270.0,0.4733042372153791,0.5453722673119351,0.5693121693121693,0.903595564108966
Barr Faughny,India,Baker's Choco Chips,2024-08-18,7548.62,153.0,0.42843142497197356,0.36134544687829395,0.3216931216931217,-0.08356832828096117
Van Tuxwell,New Zealand,Smooth Sliky Salty,2024-06-14,3608.83,46.0,0.20461613809855222,-0.5565380899132275,0.09523809523809523,-0.986359238415339
Beverie Moffet,UK,White Choc,2024-06-30,7108.96,80.0,0.40345480717590615,0.2589144351274747,0.1671957671957672,-0.6994910987464713
Camilla Castle,New Zealand,Mint Chip Choco,2024-06-13,1293.02,201.0,0.07305743078310196,-1.0960703678613346,0.42328042328042326,0.32142198654567566
Ches Bonnell,UK,Orange Choco,2024-04-27,15365.78,57.0,0.8725159847925311,2.182570047292329,0.11851851851851852,-0.8935489579342347
Jan Morforth,Australia,White Choc,2024-07-27,3766.49,33.0,0.21357263530486617,-0.5198068127612597,0.06772486772486773,-1.096044115347553
Mallorie Waber,Canada,85% Dark Bars,2024-04-20,1664.68,465.0,0.09417104077738485,-1.0094818453045646,0.982010582010582,2.5488687180921783
Rafaelita Blaksland,India,Spicy Special Slims,2024-01-04,8972.79,134.0,0.509337010575907,0.6931454150472527,0.2814814814814815,-0.2438769945665049
Ches Bonnell,Australia,Mint Chip Choco,2024-02-21,10576.55,96.0,0.6004449134022296,1.0667858631332594,0.20105820105820105,-0.5644943271375924
Karlen McCaffrey,Australia,White Choc,2024-01-05,8857.15,50.0,0.5027676249553427,0.6662038643060779,0.1037037037037037,-0.9526100455131193
Beverie Moffet,India,Drinking Coco,2024-07-15,6756.17,45.0,0.3834131818466185,0.17672220332205338,0.09312169312169312,-0.994796536640894
Brien Boise,Australia,Choco Coated Almonds,2024-05-25,5532.85,63.0,0.3139176714925149,-0.10828417727889329,0.1312169312169312,-0.8429251685809052
Karlen McCaffrey,Canada,Eclairs,2024-04-20,3713.66,352.0,0.21057141909650917,-0.5321150289983424,0.7428571428571429,1.5954540186044706
Gigi Bohling,USA,99% Dark & Pure,2024-06-02,906.85,246.0,0.051119523094644174,-1.186039398038776,0.5185185185185185,0.7011004066956477
Marney O'Breen,UK,Smooth Sliky Salty,2024-05-13,17609.863750000004,84.0,1.0,2.7053917025852208,0.17566137566137566,-0.6657419058442515
Beverie Moffet,New Zealand,Baker's Choco Chips,2024-08-03,1517.05,147.0,0.08578433722183412,-1.0438763553004102,0.308994708994709,-0.13419211763429076
Beverie Moffet,Australia,Milk Bars,2024-05-25,770.45,389.0,0.04337078391577052,-1.2178175675397809,0.8211640211640212,1.907634052950003
Van Tuxwell,UK,Raspberry Choco,2024-03-16,7623.35,80.0,0.43267675692825824,0.37875587654698967,0.1671957671957672,-0.6994910987464713
Jan Morforth,Australia,Orange Choco,2024-07-04,3418.05,117.0,0.1937781288570162,-0.6009855912138263,0.2455026455026455,-0.38731106440093876
Jehu Rudeforth,India,50% Dark Bites,2024-07-05,4055.71,137.0,0.23000291642886794,-0.45242497857445174,0.2878306878306878,-0.2185650998898401
Madelene Upcott,USA,After Nines,2024-03-15,5432.84,450.0,0.30823620957697856,-0.13158428528325908,0.9502645502645503,2.422309244708854
Barr Faughny,UK,Raspberry Choco,2024-08-22,6016.8,71.0,0.3414103571641858,0.004465420448461877,0.14814814814814814,-0.7754267827764657
Ches Bonnell,Australia,70% Dark Bites,2024-01-12,3609.76,122.0,0.2046689704111355,-0.5563214205757205,0.2560846560846561,-0.3451245732731641
Marney O'Breen,UK,Baker's Choco Chips,2024-06-10,302.25,154.0,0.016772839021718833,-1.3268977651964555,0.3238095238095238,-0.07513103005540624
Kaine Padly,Australia,Peanut Butter Cubes,2024-03-25,6062.87,290.0,0.3440275449498948,0.015198706877430204,0.6116402116402117,1.0723415286200648
Rafaelita Blaksland,India,Almond Choco,2024-07-27,3589.91,106.0,0.20354131298664396,-0.5609460295536894,0.2222222222222222,-0.48012134488204306
Husein Augar,UK,Caramel Stuffed Bars,2024-04-15,16457.28,442.0,0.9345229409049988,2.436865296635046,0.9333333333333333,2.3548108589044148
Roddy Speechley,India,Orange Choco,2024-06-27,4813.53,19.0,0.273053866022226,-0.2758697556180631,0.0380952380952381,-1.2141662905053223
Jehu Rudeforth,UK,70% Dark Bites,2024-04-14,5819.17,270.0,0.3301832066955582,-0.041577978660655227,0.5693121693121693,0.903595564108966
Husein Augar,Australia,Manuka Honey Choco,2024-03-15,7824.91,100.0,0.44412716652425366,0.4257148783404098,0.20952380952380953,-0.5307451342353726
Madelene Upcott,USA,Eclairs,2024-03-18,9446.67,193.0,0.5362576302392841,0.8035489265071948,0.40634920634920635,0.25392360074123616
Brien Boise,India,Eclairs,2024-04-29,1447.58,67.0,0.08183782028080513,-1.0600613218343897,0.13968253968253969,-0.8091759756786855
Mallorie Waber,New Zealand,White Choc,2024-02-25,3356.27,238.0,0.19026847265121843,-0.6153789586021846,0.5015873015873016,0.6336020208912082
Husein Augar,USA,Milk Bars,2024-03-02,1031.25,55.0,0.058186555014379394,-1.1570569619249564,0.11428571428571428,-0.9104235543853446
Van Tuxwell,Australia,Milk Bars,2024-06-20,9471.51,95.0,0.5376687642657006,0.8093360946186682,0.19894179894179895,-0.5729316253631473
Beverie Moffet,Canada,White Choc,2024-07-15,10573.29,179.0,0.6002597162634971,1.0660263555630747,0.37671957671957673,0.1358014255834671
Dotty Strutley,Australia,50% Dark Bites,2024-05-12,3321.9,247.0,0.1883159494431694,-0.6233864049786475,0.5206349206349207,0.7095377049212026
Mallorie Waber,New Zealand,Organic Choco Syrup,2024-07-01,5318.0,281.0,0.30171227110702364,-0.15833945379862116,0.5925925925925926,0.9964058445900703
Husein Augar,USA,85% Dark Bars,2024-08-08,415.67,59.0,0.023216108799342376,-1.3004734251319103,0.12275132275132275,-0.8766743614831249
Madelene Upcott,Australia,50% Dark Bites,2024-07-25,8295.88,6.0,0.47088247217728973,0.5354404244539596,0.010582010582010581,-1.3238511674375364
Wilone O'Kielt,UK,Drinking Coco,2024-05-18,3857.25,54.0,0.2187286145414833,-0.4986617492428491,0.11216931216931217,-0.9188608526108996
Camilla Castle,India,Peanut Butter Cubes,2024-07-15,14102.83,291.0,0.8007691362151228,1.8883307571802028,0.6137566137566137,1.0807788268456198
Curtice Advani,India,70% Dark Bites,2024-07-05,2453.44,43.0,0.13897965892055486,-0.8257182897648835,0.08888888888888889,-1.0116711330920038
Mallorie Waber,USA,Manuka Honey Choco,2024-07-04,5910.67,100.0,0.33538122454648883,-0.020260511583368314,0.20952380952380953,-0.5307451342353726
Dotty Strutley,UK,70% Dark Bites,2024-06-20,1515.42,230.0,0.08569173865246782,-1.0442561090855027,0.4846560846560847,0.5661036350867688
Gunar Cockshoot,Australia,Almond Choco,2024-01-25,4498.05,464.0,0.2551317821794763,-0.3493695863671611,0.9798941798941799,2.540431419866623
Kaine Padly,New Zealand,Spicy Special Slims,2024-07-01,8755.31,38.0,0.49698220268278775,0.6424774069601664,0.07830687830687831,-1.0538576242197786
Gigi Bohling,USA,50% Dark Bites,2024-04-13,2651.48,60.0,0.1502301010538697,-0.7795793697650376,0.12486772486772486,-0.86823706325757
Beverie Moffet,UK,Smooth Sliky Salty,2024-05-04,5119.35,77.0,0.2904271755213693,-0.2046204902456489,0.16084656084656085,-0.7248029934231361
Beverie Moffet,Australia,Baker's Choco Chips,2024-08-04,3360.74,119.0,0.1905224086052475,-0.6143375479154582,0.24973544973544973,-0.3704364679498289
Beverie Moffet,India,70% Dark Bites,2024-06-01,495.65,146.0,0.02775968768150011,-1.2818398621063212,0.30687830687830686,-0.1426294158598457
Jehu Rudeforth,UK,Choco Coated Almonds,2024-04-22,5108.85,187.0,0.28983068166962317,-0.20706675695943594,0.39365079365079364,0.20329981138790656
Kaine Padly,USA,50% Dark Bites,2024-08-03,77.1,26.0,0.0039823065721337515,-1.379352712873517,0.05291005291005291,-1.1551052029264377
Ches Bonnell,USA,Orange Choco,2024-06-10,1860.29,71.0,0.10528343719072412,-0.9639090613156237,0.14814814814814814,-0.7754267827764657
Gunar Cockshoot,UK,Manuka Honey Choco,2024-06-27,7917.76,50.0,0.4494018764418374,0.4473468654237551,0.1037037037037037,-0.9526100455131193
Marney O'Breen,Australia,Smooth Sliky Salty,2024-01-03,4059.92,179.0,0.23024208205894903,-0.4514441421111143,0.37671957671957673,0.1358014255834671
Marney O'Breen,India,After Nines,2024-07-11,2816.85,188.0,0.15962459517418007,-0.7410518339118033,0.39576719576719577,0.2117371096134615
Ches Bonnell,New Zealand,Milk Bars,2024-08-17,5306.48,128.0,0.3010578321382507,-0.16102335785031904,0.2687830687830688,-0.2945007839198345
Rafaelita Blaksland,USA,Fruit & Nut Bars,2024-01-18,2756.63,66.0,0.15620356091207033,-0.7550817559598275,0.13756613756613756,-0.8176132739042403
Ches Bonnell,India,Organic Choco Syrup,2024-03-08,17609.863750000004,107.0,1.0,2.7053917025852208,0.22433862433862434,-0.4716840466564881
Mallorie Waber,Australia,Orange Choco,2024-03-07,15825.08,284.0,0.898608330136055,2.2895767426868407,0.5989417989417989,1.0217177392667351
Husein Augar,India,70% Dark Bites,2024-05-09,7745.33,164.0,0.4396063112174005,0.40717450642772685,0.344973544973545,0.009241952200143105
Barr Faughny,New Zealand,85% Dark Bars,2024-05-23,2214.91,161.0,0.12542902287703042,-0.8812904801686567,0.3386243386243386,-0.016069942476521694
Madelene Upcott,UK,Caramel Stuffed Bars,2024-04-15,190.24,156.0,0.010409669847044061,-1.3529936065880064,0.328042328042328,-0.058256433604296366
Gigi Bohling,Australia,Drinking Coco,2024-07-27,2960.0,141.0,0.1677567946863191,-0.7077010643805068,0.2962962962962963,-0.18481590698762038
Marney O'Breen,Canada,Choco Coated Almonds,2024-08-22,2937.62,389.0,0.1664854106480259,-0.7129151071476072,0.8211640211640212,1.907634052950003
Ches Bonnell,USA,70% Dark Bites,2024-05-11,4778.36,124.0,0.27105589566356775,-0.2840635842203383,0.26031746031746034,-0.32824997682205426
Madelene Upcott,India,Organic Choco Syrup,2024-01-26,5401.01,41.0,0.30642798107211383,-0.1389999680927677,0.08465608465608465,-1.0285457295431137
Barr Faughny,USA,50% Dark Bites,2024-04-14,15372.94,124.0,0.8729227367904837,2.184238168213349,0.26031746031746034,-0.32824997682205426
Dennison Crosswaite,New Zealand,Mint Chip Choco,2024-04-05,7121.02,433.0,0.4041399229713403,0.26172414718159587,0.9142857142857143,2.27887517487442
Marney O'Breen,New Zealand,Smooth Sliky Salty,2024-06-14,9057.64,56.0,0.5141572489873982,0.7129135798724742,0.1164021164021164,-0.9019862561597897
Brien Boise,Canada,Almond Choco,2024-04-13,5439.43,125.0,0.30861058048012213,-0.13004896169812985,0.2624338624338624,-0.3198126785964993
Beverie Moffet,Australia,White Choc,2024-06-27,2659.78,178.0,0.15070161524144046,-0.7776456541722344,0.3746031746031746,0.12736412735791217
Dotty Strutley,Australia,Eclairs,2024-01-26,7897.59,3.0,0.4482560401571022,0.44264770355546135,0.004232804232804233,-1.3491630621142012
Barr Faughny,UK,White Choc,2024-07-05,1959.22,70.0,0.110903545452938,-0.9408605693161046,0.14603174603174604,-0.7838640810020207
Beverie Moffet,Canada,Baker's Choco Chips,2024-01-11,15305.32,91.0,0.8690813163852386,2.1684842105765605,0.19047619047619047,-0.606680818265367
Kelci Walkden,USA,White Choc,2024-03-07,11257.11,21.0,0.6391068044255014,1.2253412226318214,0.042328042328042326,-1.1972916940542124
Kaine Padly,Canada,50% Dark Bites,2024-03-04,9207.09,109.0,0.5226473448105851,0.7477321094320429,0.22857142857142856,-0.4548094502053782
Karlen McCaffrey,Canada,Organic Choco Syrup,2024-07-15,2769.94,302.0,0.15695968788033138,-0.7519808216778746,0.6370370370370371,1.173589107326724
Kaine Padly,UK,Peanut Butter Cubes,2024-05-11,7477.56,85.0,0.4243945818191088,0.3447900456705125,0.17777777777777778,-0.6573046076186967
Karlen McCaffrey,USA,Milk Bars,2024-01-27,5231.54,8.0,0.2968005703049311,-0.17848271285329032,0.014814814814814815,-1.3069765709864265
Karlen McCaffrey,India,Orange Choco,2024-06-27,3745.21,161.0,0.21236374109866069,-0.524764579967868,0.3386243386243386,-0.016069942476521694
Ches Bonnell,India,Smooth Sliky Salty,2024-08-03,8503.93,19.0,0.4827015717826026,0.5839114520542826,0.0380952380952381,-1.2141662905053223
Wilone O'Kielt,New Zealand,Mint Chip Choco,2024-08-19,12524.3,251.0,0.7110945229011385,1.5205683385407522,0.5291005291005291,0.7432868978234223
Wilone O'Kielt,Australia,Fruit & Nut Bars,2024-06-15,472.27,101.0,0.026431494704945373,-1.2872868826556867,0.21164021164021163,-0.5223078360098177
Dennison Crosswaite,UK,Peanut Butter Cubes,2024-02-07,9771.87,158.0,0.554731896961936,0.879313301299913,0.3322751322751323,-0.041381837153186496
Karlen McCaffrey,Australia,Almond Choco,2024-07-08,8130.06,140.0,0.46146241403476174,0.4968080485987061,0.29417989417989415,-0.1932532052131753
Dennison Crosswaite,India,Milk Bars,2024-04-21,1624.06,96.0,0.09186346170520121,-1.0189454028201865,0.20105820105820105,-0.5644943271375924
Ches Bonnell,UK,Mint Chip Choco,2024-04-08,2984.4,214.0,0.1691429327799006,-0.7020164064932304,0.4507936507936508,0.4311068634778898
Husein Augar,Australia,50% Dark Bites,2024-08-19,15593.5,56.0,0.8854525162134483,2.2356237478698127,0.1164021164021164,-0.9019862561597897
Jan Morforth,India,Fruit & Nut Bars,2024-05-04,3387.76,60.0,0.19205738611707424,-0.6080424882386462,0.12486772486772486,-0.86823706325757
Mallorie Waber,USA,85% Dark Bars,2024-05-11,2847.18,115.0,0.16134761027165248,-0.7339856177756928,0.24126984126984127,-0.40418566085204866
Mallorie Waber,USA,Eclairs,2024-03-22,7511.77,49.0,0.42633801559703594,0.3527602156018129,0.10158730158730159,-0.9610473437386743
Dennison Crosswaite,Canada,Spicy Special Slims,2024-08-10,2711.58,216.0,0.15364431824338806,-0.7655774050508852,0.455026455026455,0.4479814599289996
Dennison Crosswaite,USA,Fruit & Nut Bars,2024-05-04,1673.44,314.0,0.09466868707655592,-1.0074409599319194,0.6624338624338625,1.274836686033383
Kelci Walkden,USA,99% Dark & Pure,2024-08-18,8853.16,261.0,0.5025409572916791,0.6652742829548389,0.5502645502645502,0.8276598800789716
Dotty Strutley,Canada,Raspberry Choco,2024-08-03,4722.39,258.0,0.26787629938906954,-0.2971033506937343,0.5439153439153439,0.8023479854023069
Marney O'Breen,New Zealand,Milk Bars,2024-01-14,8408.12,318.0,0.47725870740776477,0.5615898507354319,0.6708994708994709,1.3085858789356029
Madelene Upcott,Australia,Choco Coated Almonds,2024-04-08,2442.36,78.0,0.13835021588461704,-0.8282996835923844,0.16296296296296298,-0.7163656951975812
Kelci Walkden,UK,Orange Choco,2024-08-01,4010.08,3.0,0.227410724575994,-0.4630557547792234,0.004232804232804233,-1.3491630621142012
Dennison Crosswaite,Canada,Eclairs,2024-03-15,492.21,45.0,0.027564264933880426,-1.2826413056773143,0.09312169312169312,-0.994796536640894
Karlen McCaffrey,India,Mint Chip Choco,2024-07-15,11650.88,192.0,0.6614764600447468,1.3170808839544796,0.4042328042328042,0.24548630251568124
Barr Faughny,New Zealand,Almond Choco,2024-01-13,6426.04,132.0,0.36465884705833723,0.09980924806276671,0.27724867724867724,-0.26075159101761475
Mallorie Waber,Australia,85% Dark Bars,2024-08-26,2665.28,54.0,0.1510140644018789,-0.7763642763697746,0.11216931216931217,-0.9188608526108996
Ches Bonnell,Canada,Eclairs,2024-01-10,2048.58,170.0,0.11597999217598895,-0.9200416746928658,0.3576719576719577,0.059865741553472705
Gigi Bohling,Australia,White Choc,2024-05-11,6267.19,83.0,0.35563474721549204,0.06280072734990294,0.17354497354497356,-0.6741792040698065
Beverie Moffet,New Zealand,85% Dark Bars,2024-08-30,12886.26,21.0,0.7316570861942846,1.6048969766095478,0.042328042328042326,-1.1972916940542124
Kaine Padly,USA,Caramel Stuffed Bars,2024-07-21,6143.64,117.0,0.34861600289327915,0.03401632235100915,0.2455026455026455,-0.38731106440093876
Mallorie Waber,Australia,Almond Choco,2024-08-01,8273.83,130.0,0.4696298350886229,0.530303264355007,0.273015873015873,-0.27762618746872464
Brien Boise,Canada,85% Dark Bars,2024-02-17,12163.59,264.0,0.6906029707808196,1.4365309226997889,0.5566137566137566,0.8529717747556365
Brien Boise,Australia,Drinking Coco,2024-07-27,7192.41,159.0,0.4081955130738314,0.27835643105752483,0.3343915343915344,-0.032944538927631564
Dotty Strutley,USA,Orange Choco,2024-02-23,1452.94,112.0,0.08214231618988699,-1.0588125609214467,0.23492063492063492,-0.42949755552871344
Rafaelita Blaksland,Australia,50% Dark Bites,2024-03-22,3375.83,41.0,0.19137965548361408,-0.6108219131810728,0.08465608465608465,-1.0285457295431137
Dennison Crosswaite,India,99% Dark & Pure,2024-06-23,8328.8,327.0,0.47275262242485955,0.5431100530461376,0.68994708994709,1.3845215629655974
Curtice Advani,UK,White Choc,2024-02-01,1634.54,70.0,0.09245881937818212,-1.0165037956620446,0.14603174603174604,-0.7838640810020207
Kelci Walkden,Australia,After Nines,2024-03-02,8265.41,298.0,0.46915150382846077,0.528341591428332,0.6285714285714286,1.1398399144245042
Gigi Bohling,UK,Fruit & Nut Bars,2024-04-06,1448.1,92.0,0.08186736092870113,-1.0599401733876115,0.1925925925925926,-0.5982435200398121
Gunar Cockshoot,Australia,Raspberry Choco,2024-03-17,709.53,77.0,0.03990998339687767,-1.2320105740353908,0.16084656084656085,-0.7248029934231361
Curtice Advani,UK,Fruit & Nut Bars,2024-06-24,12197.19,135.0,0.6925117511064072,1.4443589761839075,0.28359788359788357,-0.23543969634094997
Barr Faughny,Canada,50% Dark Bites,2024-07-19,10917.59,302.0,0.6198190337069442,1.1462406059970622,0.6370370370370371,1.173589107326724
Curtice Advani,USA,Spicy Special Slims,2024-07-11,1679.89,287.0,0.09503510472834284,-1.0059382532363073,0.6052910052910053,1.0470296339434
Brien Boise,India,Almond Choco,2024-01-13,2303.17,225.0,0.13044297976799368,-0.8607278611059097,0.4740740740740741,0.523917143958994
Oby Sorrel,New Zealand,Smooth Sliky Salty,2024-07-07,9261.26,65.0,0.5257246849962125,0.7603525158973613,0.13544973544973546,-0.8260505721297953
Jan Morforth,India,85% Dark Bars,2024-05-25,5252.8,415.0,0.29800832833237145,-0.17352960520232721,0.8761904761904762,2.1270038068144315
Marney O'Breen,India,Fruit & Nut Bars,2024-04-13,5385.55,161.0,0.3055497148865905,-0.14260180460659128,0.3386243386243386,-0.016069942476521694
Andria Kimpton,New Zealand,50% Dark Bites,2024-03-02,3741.19,222.0,0.2121353691668493,-0.525701150652575,0.4677248677248677,0.49860524928232924
Gunar Cockshoot,Canada,Raspberry Choco,2024-06-23,2223.49,127.0,0.1259164435673144,-0.8792915307968193,0.26666666666666666,-0.3029380821453894
Kelci Walkden,USA,Drinking Coco,2024-07-26,7720.37,156.0,0.4381883601183926,0.40135938098238166,0.328042328042328,-0.058256433604296366
Van Tuxwell,Canada,White Choc,2024-03-22,468.09,3.0,0.02619403334301215,-1.2882607297855564,0.004232804232804233,-1.3491630621142012
Rafaelita Blaksland,USA,Baker's Choco Chips,2024-06-09,3083.39,55.0,0.17476644957841017,-0.6789539358267754,0.11428571428571428,-0.9104235543853446
Van Tuxwell,Australia,Caramel Stuffed Bars,2024-05-17,6898.94,58.0,0.3915237939622181,0.20998444129608881,0.12063492063492064,-0.8851116597086799
Ches Bonnell,New Zealand,Peanut Butter Cubes,2024-03-04,1036.05,291.0,0.05845923791803477,-1.1559386685700823,0.6137566137566137,1.0807788268456198
Kelci Walkden,Canada,Milk Bars,2024-07-07,17518.04,28.0,0.994783590255307,2.683998808950925,0.05714285714285714,-1.1382306064753278
Dennison Crosswaite,Canada,Choco Coated Almonds,2024-01-13,11691.86,128.0,0.6638044903347047,1.3266283134717174,0.2687830687830688,-0.2945007839198345
Curtice Advani,Australia,Almond Choco,2024-07-13,3136.53,74.0,0.17778527655762827,-0.6665734964771903,0.1544973544973545,-0.7501148880998009
Madelene Upcott,Australia,85% Dark Bars,2024-06-16,1677.71,325.0,0.09491126124293268,-1.006446144801646,0.6857142857142857,1.3676469665144875
Gigi Bohling,UK,50% Dark Bites,2024-07-18,8937.37,66.0,0.5073248379826832,0.6848933419994111,0.13756613756613756,-0.8176132739042403
Ches Bonnell,UK,Manuka Honey Choco,2024-05-30,4761.38,406.0,0.27009127989188686,-0.2880195469632052,0.8571428571428571,2.051068122784437
Gigi Bohling,UK,70% Dark Bites,2024-06-21,942.02,84.0,0.05311749345330244,-1.1778455694365007,0.17566137566137566,-0.6657419058442515
Jehu Rudeforth,Australia,Peanut Butter Cubes,2024-06-24,6623.03,39.0,0.3758496398064774,0.14570354139123387,0.08042328042328042,-1.0454203259942236
Marney O'Breen,India,Eclairs,2024-01-13,4067.36,94.0,0.23066474055961486,-0.44971078741105946,0.19682539682539682,-0.5813689235887023
Curtice Advani,Canada,Fruit & Nut Bars,2024-04-04,4712.55,211.0,0.267317299436576,-0.29939585207122615,0.4444444444444444,0.40579496880122495
Kaine Padly,UK,Smooth Sliky Salty,2024-06-08,9571.3,473.5,0.5433377282148194,0.8325849475109353,1.0,2.620585753009395
Karlen McCaffrey,Canada,Spicy Special Slims,2024-08-02,6779.99,46.0,0.3847663707560083,0.18227173409561587,0.09523809523809523,-0.986359238415339
Kelci Walkden,USA,Organic Choco Syrup,2024-07-21,10772.46,150.0,0.6115743524970474,1.11242854045688,0.31534391534391537,-0.10888022295762596
Curtice Advani,India,Spicy Special Slims,2024-06-20,189.34,140.0,0.010358541802608678,-1.3532032865920451,0.29417989417989415,-0.1932532052131753
Roddy Speechley,India,After Nines,2024-06-22,3015.47,115.0,0.17090798649168656,-0.6947777867982434,0.24126984126984127,-0.40418566085204866
Camilla Castle,Australia,Caramel Stuffed Bars,2024-05-02,3538.27,16.0,0.20060769941481818,-0.5729770022298762,0.031746031746031744,-1.2394781851819872
Curtice Advani,Australia,99% Dark & Pure,2024-01-07,5196.97,87.0,0.2948366853092298,-0.18653675478620618,0.182010582010582,-0.6404300111675868
Mallorie Waber,UK,50% Dark Bites,2024-02-21,6654.14,102.0,0.37761696587579385,0.15295148019751154,0.21375661375661376,-0.5138705377842627
Ches Bonnell,Canada,Baker's Choco Chips,2024-03-21,8639.19,402.0,0.49038554877185814,0.6154240268835048,0.8486772486772487,2.0173189298822174
Van Tuxwell,UK,Drinking Coco,2024-04-04,6397.05,136.0,0.3630119559381353,0.09305522215489193,0.2857142857142857,-0.22700239811539502
Gunar Cockshoot,Canada,Fruit & Nut Bars,2024-03-24,14596.37,196.0,0.8288066196047218,2.0033146118394836,0.4126984126984127,0.279235495417901
Gunar Cockshoot,New Zealand,Spicy Special Slims,2024-06-28,7712.91,192.0,0.4377645654389615,0.3996213667266815,0.4042328042328042,0.24548630251568124
Gunar Cockshoot,Australia,Drinking Coco,2024-01-14,2456.77,188.0,0.1391688326849658,-0.8249424737499396,0.39576719576719577,0.2117371096134615
Karlen McCaffrey,New Zealand,Fruit & Nut Bars,2024-02-07,1435.27,138.0,0.08113850225080561,-1.062929278334077,0.28994708994708995,-0.21012780166428516
Dennison Crosswaite,New Zealand,Drinking Coco,2024-01-11,4324.48,202.0,0.24527145476542125,-0.38980754003497203,0.4253968253968254,0.32985928477123055
Jehu Rudeforth,India,99% Dark & Pure,2024-02-25,2207.76,247.0,0.12502283896846045,-0.8829562713118545,0.5206349206349207,0.7095377049212026
Dotty Strutley,Australia,Mint Chip Choco,2024-08-01,7571.51,26.0,0.42973178156878017,0.3666783083143497,0.05291005291005291,-1.1551052029264377
Roddy Speechley,Australia,Mint Chip Choco,2024-05-05,7189.76,262.0,0.4080449693874384,0.27773903993452154,0.5523809523809524,0.8360971783045266
Madelene Upcott,New Zealand,Raspberry Choco,2024-05-18,10858.21,451.0,0.6164457189529742,1.1324063852861408,0.9523809523809523,2.430746542934409
Dotty Strutley,New Zealand,Choco Coated Almonds,2024-01-04,6524.65,369.0,0.37026077646030736,0.12278318717196075,0.7788359788359789,1.7388880884389044
Roddy Speechley,New Zealand,50% Dark Bites,2024-05-09,4624.45,212.0,0.26231243197573456,-0.3199211946888107,0.44656084656084655,0.4142322670267799
Rafaelita Blaksland,India,Smooth Sliky Salty,2024-05-06,1961.82,80.0,0.11105124869241799,-0.9402548270822146,0.1671957671957672,-0.6994910987464713
Husein Augar,UK,White Choc,2024-01-13,12782.63,158.0,0.7257699759222415,1.580753489033381,0.3322751322751323,-0.041381837153186496
Roddy Speechley,Australia,Almond Choco,2024-06-24,4928.3,71.0,0.27957382786650264,-0.24913089554745949,0.14814814814814814,-0.7754267827764657
Van Tuxwell,USA,Caramel Stuffed Bars,2024-02-14,1115.84,22.0,0.06299202310192281,-1.1373493713231235,0.044444444444444446,-1.1888543958286575
Camilla Castle,Australia,99% Dark & Pure,2024-01-18,5346.62,109.0,0.30333814292006883,-0.15167162967018458,0.22857142857142856,-0.4548094502053782
Kaine Padly,India,Milk Bars,2024-05-02,3168.11,93.0,0.1795793028279276,-0.659216058113248,0.19470899470899472,-0.5898062218142571
Ches Bonnell,Australia,Smooth Sliky Salty,2024-05-16,9007.92,52.0,0.5113327085770347,0.7013299245382371,0.10793650793650794,-0.9357354490620095
Mallorie Waber,USA,Almond Choco,2024-01-28,7400.07,383.0,0.4199924571932222,0.32673659732276417,0.8084656084656084,1.8570102635966734
Kaine Padly,Canada,99% Dark & Pure,2024-06-24,1420.22,422.0,0.0802835277299695,-1.0664355939571717,0.891005291005291,2.186064894393316
Oby Sorrel,UK,After Nines,2024-07-18,2555.95,109.0,0.14480314318174503,-0.8018357373048542,0.22857142857142856,-0.4548094502053782
Gunar Cockshoot,UK,Eclairs,2024-04-13,4059.65,175.0,0.2302267436456184,-0.45150704611232595,0.3682539682539683,0.10205223268124737
Dotty Strutley,USA,Caramel Stuffed Bars,2024-04-15,17609.863750000004,83.0,1.0,2.7053917025852208,0.17354497354497356,-0.6741792040698065
Jan Morforth,India,Peanut Butter Cubes,2024-01-04,8813.58,182.0,0.5002924595152876,0.6560530223327732,0.38306878306878306,0.16111332026013192
Husein Augar,Australia,Eclairs,2024-07-04,7914.74,31.0,0.4492303134482875,0.4466432725213134,0.06349206349206349,-1.112918711798663
Beverie Moffet,USA,Smooth Sliky Salty,2024-03-24,2787.72,342.0,0.1579697508026215,-0.7478384767091953,0.7216931216931217,1.5110810363489213
Camilla Castle,Australia,Manuka Honey Choco,2024-03-17,681.71,170.0,0.03832955873444171,-1.238492015938015,0.3576719576719577,0.059865741553472705
Oby Sorrel,Australia,Almond Choco,2024-02-15,6827.53,241.0,0.38746706768096173,0.19334749786451444,0.5079365079365079,0.6589139155678729
Jan Morforth,USA,Orange Choco,2024-06-29,1082.0,158.0,0.061069608631152406,-1.1452333394749858,0.3322751322751323,-0.041381837153186496
Gigi Bohling,USA,Fruit & Nut Bars,2024-05-24,2966.98,121.0,0.16815332107538464,-0.7060748794602941,0.25396825396825395,-0.35356187149871904
Mallorie Waber,UK,Milk Bars,2024-01-10,3951.74,287.0,0.22409649111781593,-0.47664767859658863,0.6052910052910053,1.0470296339434
Curtice Advani,USA,Raspberry Choco,2024-03-15,3151.23,144.0,0.17862036795007286,-0.6631487230778885,0.30264550264550266,-0.15950401231095557
Marney O'Breen,Canada,Milk Bars,2024-02-08,2672.67,317.0,0.15143388245563166,-0.7746425705588331,0.6687830687830688,1.300148580710048
Brien Boise,India,Caramel Stuffed Bars,2024-02-25,1742.37,106.0,0.09858452719092366,-0.9913818014003634,0.2222222222222222,-0.48012134488204306
Gunar Cockshoot,USA,Eclairs,2024-05-03,7301.31,42.0,0.4143820064505128,0.30372771154623035,0.08677248677248678,-1.0201084313175588
Roddy Speechley,USA,Fruit & Nut Bars,2024-06-14,6322.14,26.0,0.3587563983729635,0.07560285648538853,0.05291005291005291,-1.1551052029264377
Gunar Cockshoot,India,50% Dark Bites,2024-08-09,13731.44,82.0,0.7796708646341706,1.8018051386246445,0.17142857142857143,-0.6826165022953614
Wilone O'Kielt,New Zealand,Manuka Honey Choco,2024-07-11,4051.88,253.0,0.22978533819532626,-0.4533172834805283,0.5333333333333333,0.7601614942745322
Kaine Padly,UK,Manuka Honey Choco,2024-01-14,8474.69,115.0,0.48104047842783526,0.5770991817008415,0.24126984126984127,-0.40418566085204866
Van Tuxwell,Canada,Manuka Honey Choco,2024-02-24,9426.56,49.0,0.5351152024908445,0.7988637433058369,0.10158730158730159,-0.9610473437386743
Wilone O'Kielt,New Zealand,Almond Choco,2024-03-15,9770.28,154.0,0.5546415707501001,0.878942866626111,0.3238095238095238,-0.07513103005540624
Oby Sorrel,New Zealand,Baker's Choco Chips,2024-04-25,14234.61,45.0,0.8082554180992282,1.9190325693271415,0.09312169312169312,-0.994796536640894
Dennison Crosswaite,Australia,Organic Choco Syrup,2024-05-10,6885.01,40.0,0.39073244545223496,0.2067390607891315,0.08253968253968254,-1.0369830277686687
Marney O'Breen,Australia,Spicy Special Slims,2024-06-23,14687.62,293.0,0.8339904352210871,2.0245738344712043,0.617989417989418,1.0976534232967294
Beverie Moffet,Canada,Smooth Sliky Salty,2024-02-28,16585.43,388.0,0.9418030063432148,2.466721399432361,0.819047619047619,1.8991967547244482
Brien Boise,USA,Organic Choco Syrup,2024-05-25,17415.67,148.0,0.9889680592454733,2.660148873380412,0.3111111111111111,-0.12575481940873584
Roddy Speechley,New Zealand,Baker's Choco Chips,2024-02-22,5954.47,236.0,0.3378694560423442,-0.010056084720142404,0.4973544973544973,0.6167274244400983
Van Tuxwell,UK,85% Dark Bars,2024-07-11,4179.91,140.0,0.23705858656095086,-0.42348913801708526,0.29417989417989415,-0.1932532052131753
Marney O'Breen,Canada,Spicy Special Slims,2024-01-03,3939.95,365.0,0.2234267137357124,-0.4793944866494981,0.7703703703703704,1.7051388955366846
Rafaelita Blaksland,New Zealand,70% Dark Bites,2024-08-24,791.19,280.0,0.0445490012953148,-1.2129856083355957,0.5904761904761905,0.9879685463645154
Beverie Moffet,USA,50% Dark Bites,2024-07-28,2941.65,360.0,0.1667143506692199,-0.7119762066850776,0.7597883597883598,1.6629524044089101
Brien Boise,USA,Mint Chip Choco,2024-05-25,12476.68,162.0,0.7083892812611242,1.5094739365492726,0.34074074074074073,-0.007632644250966762
Karlen McCaffrey,New Zealand,Eclairs,2024-05-06,2817.14,191.0,0.1596410697662759,-0.7409842703549463,0.4021164021164021,0.23704900429012632
Barr Faughny,India,Drinking Coco,2024-01-28,2411.52,144.0,0.13659822822863124,-0.8354847183974503,0.30264550264550266,-0.15950401231095557
Marney O'Breen,UK,Orange Choco,2024-06-06,13072.74,11.0,0.742250817001296,1.6483426734464053,0.021164021164021163,-1.2816646763097617
Brien Boise,New Zealand,Baker's Choco Chips,2024-07-12,6790.41,26.0,0.3853583198926935,0.18469936258682168,0.05291005291005291,-1.1551052029264377
Ches Bonnell,Canada,Spicy Special Slims,2024-08-05,6092.47,201.0,0.3457090895224363,0.02209484923248704,0.42328042328042326,0.32142198654567566
Brien Boise,USA,Orange Choco,2024-01-28,7185.5,152.0,0.4078029633104442,0.27674655458207076,0.31957671957671957,-0.0920056265065161
Kaine Padly,India,Spicy Special Slims,2024-08-31,6170.8,138.0,0.3501589336564625,0.04034399891733821,0.28994708994708995,-0.21012780166428516
Mallorie Waber,USA,50% Dark Bites,2024-04-19,1945.05,14.0,0.11009856279777201,-0.9441618644908057,0.027513227513227514,-1.2563527816330968
Mallorie Waber,UK,Mint Chip Choco,2024-06-29,6767.42,2.0,0.3840522824020608,0.17934320337253948,0.0021164021164021165,-1.3576003603397562
Beverie Moffet,India,Choco Coated Almonds,2024-02-24,3911.69,254.0,0.22182129314044138,-0.4859784387763191,0.5354497354497354,0.7685987925000871
Madelene Upcott,UK,Smooth Sliky Salty,2024-03-04,16733.76,88.0,0.9502294761555485,2.501278993875792,0.18412698412698414,-0.6319927129420319
Gigi Bohling,India,Eclairs,2024-06-21,3916.92,74.0,0.22211840388754922,-0.48475996497507085,0.1544973544973545,-0.7501148880998009
Rafaelita Blaksland,Australia,Organic Choco Syrup,2024-01-26,1082.69,106.0,0.061108806798552864,-1.1450725848052226,0.2222222222222222,-0.48012134488204306
Oby Sorrel,New Zealand,White Choc,2024-06-10,4822.33,42.0,0.27355378467892755,-0.27381955113412726,0.08677248677248678,-1.0201084313175588
Andria Kimpton,UK,Drinking Coco,2024-05-23,1827.45,66.0,0.10341783165821525,-0.9715600516852205,0.13756613756613756,-0.8176132739042403
Kelci Walkden,India,Milk Bars,2024-04-15,1142.41,111.0,0.06450143659153186,-1.1311591516483313,0.2328042328042328,-0.4379348537542684
Karlen McCaffrey,New Zealand,Caramel Stuffed Bars,2024-01-31,6290.89,232.0,0.3569811190522905,0.06832230078959382,0.4888888888888889,0.5829782315378785
Andria Kimpton,New Zealand,Organic Choco Syrup,2024-03-04,5616.01,43.0,0.3186419027983443,-0.0889097449057001,0.08888888888888889,-1.0116711330920038
Barr Faughny,New Zealand,After Nines,2024-04-19,11250.69,91.0,0.6387420910418623,1.2238455052696773,0.19047619047619047,-0.606680818265367
Beverie Moffet,UK,Almond Choco,2024-05-16,2799.42,104.0,0.15863441538028147,-0.7451126366566897,0.21798941798941798,-0.4969959413331529
Oby Sorrel,Australia,Raspberry Choco,2024-02-17,1157.88,114.0,0.06538027086643784,-1.1275549853566849,0.23915343915343915,-0.41262295907760355
Dennison Crosswaite,USA,Raspberry Choco,2024-01-18,7049.32,273.0,0.40006672209798805,0.24501964019316433,0.5756613756613757,0.9289074587856309
Roddy Speechley,Canada,Orange Choco,2024-02-09,9460.5,84.0,0.5370432978554411,0.8067710092359257,0.17566137566137566,-0.6657419058442515
Mallorie Waber,Canada,Orange Choco,2024-03-23,4173.73,175.0,0.23670750732249454,-0.42492894071148574,0.3682539682539683,0.10205223268124737
Madelene Upcott,New Zealand,Caramel Stuffed Bars,2024-02-01,4005.08,150.0,0.22712667988468632,-0.46422064369055055,0.31534391534391537,-0.10888022295762596
Mallorie Waber,India,Drinking Coco,2024-03-07,4650.58,143.0,0.26379684953250854,-0.31383348523821497,0.30052910052910053,-0.16794131053651049
Ches Bonnell,UK,White Choc,2024-01-03,3814.56,220.0,0.21630344096709828,-0.5086075707677604,0.4634920634920635,0.48173065283121935
Ches Bonnell,USA,White Choc,2024-02-11,6321.35,325.0,0.35871151931173695,0.07541880403739885,0.6857142857142857,1.3676469665144875
Dennison Crosswaite,New Zealand,Orange Choco,2024-03-16,5245.53,144.0,0.29759532735121,-0.175223353679397,0.30264550264550266,-0.15950401231095557
Dotty Strutley,India,White Choc,2024-08-15,12998.67,317.0,0.738042978944264,1.631086009114005,0.6687830687830688,1.300148580710048
Gigi Bohling,India,Manuka Honey Choco,2024-05-12,5932.12,79.0,0.3365997762721988,-0.015263138153774865,0.16507936507936508,-0.7079283969720263
Van Tuxwell,India,Spicy Special Slims,2024-04-11,6811.55,4.0,0.3865592608475424,0.18962451290391297,0.006349206349206349,-1.3407257638886463
Jan Morforth,New Zealand,Mint Chip Choco,2024-06-30,17609.863750000004,311.0,1.0,2.7053917025852208,0.656084656084656,1.2495247913567182
Dotty Strutley,New Zealand,White Choc,2024-06-15,8423.36,63.0,0.4781244756268706,0.565140432137157,0.1312169312169312,-0.8429251685809052
Rafaelita Blaksland,Canada,Caramel Stuffed Bars,2024-08-01,7951.43,109.0,0.45131463339310335,0.4551912273526322,0.22857142857142856,-0.4548094502053782
Kaine Padly,USA,Milk Bars,2024-06-15,17609.863750000004,62.0,1.0,2.7053917025852208,0.1291005291005291,-0.8513624668064601
Brien Boise,India,After Nines,2024-06-16,6555.46,45.0,0.37201105984814536,0.12996123264355877,0.09312169312169312,-0.994796536640894
Oby Sorrel,New Zealand,Raspberry Choco,2024-05-13,5129.71,270.0,0.2910157161217588,-0.20220684042137912,0.5693121693121693,0.903595564108966
Dennison Crosswaite,USA,Drinking Coco,2024-05-10,2399.02,149.0,0.135888116500362,-0.8383969406757682,0.31322751322751324,-0.1173175211831809
Oby Sorrel,India,Eclairs,2024-08-25,6096.53,344.0,0.3459397338117781,0.02304073902848457,0.725925925925926,1.5279556328000312
Ches Bonnell,New Zealand,Organic Choco Syrup,2024-07-15,8134.67,83.0,0.4617243032401474,0.4978820761749497,0.17354497354497356,-0.6741792040698065
Gigi Bohling,UK,Baker's Choco Chips,2024-05-16,9969.65,449.0,0.5659675687713027,0.9253916470763697,0.9481481481481482,2.413871946483299
Jan Morforth,Australia,50% Dark Bites,2024-06-14,3894.16,173.0,0.22082543245271663,-0.4900625392994321,0.364021164021164,0.08517763623013751
Beverie Moffet,Australia,Smooth Sliky Salty,2024-01-25,11533.35,473.5,0.6547997055308684,1.2896990052048238,1.0,2.620585753009395
Ches Bonnell,USA,Organic Choco Syrup,2024-07-28,8754.31,14.0,0.4969253937445262,0.642244429177901,0.027513227513227514,-1.2563527816330968
Brien Boise,Canada,Mint Chip Choco,2024-01-28,5475.65,194.0,0.31066820022395497,-0.1216105064244761,0.4084656084656085,0.2623608989667911
Kaine Padly,UK,Orange Choco,2024-06-29,2252.94,196.0,0.12758946679911667,-0.8724303351091023,0.4126984126984127,0.279235495417901
Karlen McCaffrey,Australia,70% Dark Bites,2024-06-24,278.78,332.0,0.015439533240720556,-1.3323657537462252,0.7005291005291006,1.4267080540933719
Gunar Cockshoot,Canada,Mint Chip Choco,2024-07-01,8936.91,442.0,0.5072987058710829,0.6847861722195688,0.9333333333333333,2.3548108589044148
Roddy Speechley,USA,Peanut Butter Cubes,2024-02-25,2010.22,144.0,0.11380080130427639,-0.9289787024205677,0.30264550264550266,-0.15950401231095557
Curtice Advani,Canada,Smooth Sliky Salty,2024-08-01,2901.91,12.0,0.1644567634627064,-0.7212347437523058,0.02328042328042328,-1.2732273780842067
Oby Sorrel,Australia,Milk Bars,2024-06-21,9231.31,278.0,0.5240232572952794,0.7533748313185115,0.5862433862433862,0.9710939499134055
Camilla Castle,New Zealand,Spicy Special Slims,2024-01-25,12744.67,26.0,0.7236135086258335,1.5719096524185854,0.05291005291005291,-1.1551052029264377
Gigi Bohling,UK,Milk Bars,2024-05-17,1436.97,248.0,0.08123507744585023,-1.0625332161042258,0.5227513227513227,0.7179750031467576
Andria Kimpton,Australia,85% Dark Bars,2024-08-23,4900.32,254.0,0.2779843137739448,-0.2556496138952464,0.5354497354497354,0.7685987925000871
Camilla Castle,Australia,Smooth Sliky Salty,2024-03-03,8263.11,129.0,0.46902084327045923,0.5278057425291217,0.2708994708994709,-0.2860634856942796
Roddy Speechley,India,Caramel Stuffed Bars,2024-05-30,10139.68,473.5,0.5756267925439119,0.9650048593949611,1.0,2.620585753009395
Karlen McCaffrey,USA,Drinking Coco,2024-06-29,132.68,243.0,0.007139747360709985,-1.3664038077352045,0.5121693121693122,0.6757885120189828
Andria Kimpton,Canada,Organic Choco Syrup,2024-01-04,9479.63,217.0,0.5381300528443843,0.8112278742106632,0.45714285714285713,0.45641875815455457
Jehu Rudeforth,Australia,Drinking Coco,2024-01-14,3114.84,65.0,0.17655309068673553,-0.6716267845745275,0.13544973544973546,-0.8260505721297953
Karlen McCaffrey,USA,Mint Chip Choco,2024-02-15,17609.863750000004,58.0,1.0,2.7053917025852208,0.12063492063492064,-0.8851116597086799
Curtice Advani,New Zealand,Spicy Special Slims,2024-01-10,4651.03,473.5,0.2638224135547262,-0.3137286452361956,1.0,2.620585753009395
Madelene Upcott,USA,White Choc,2024-05-04,14360.42,218.0,0.8154025506219121,1.9483435041139552,0.45925925925925926,0.4648560563801095
Andria Kimpton,USA,Spicy Special Slims,2024-05-23,2595.52,5.0,0.14705107286875407,-0.7926168064606111,0.008465608465608466,-1.3322884656630913
Barr Faughny,New Zealand,Fruit & Nut Bars,2024-04-26,1853.03,153.0,0.10487100429894537,-0.9656004800148708,0.3216931216931217,-0.08356832828096117
Oby Sorrel,Canada,Organic Choco Syrup,2024-07-05,1392.99,70.0,0.07873662034110783,-1.0727795789682595,0.14603174603174604,-0.7838640810020207
Madelene Upcott,UK,Organic Choco Syrup,2024-07-21,7943.17,174.0,0.450845391563063,0.4532668308711197,0.36613756613756615,0.09361493445569244
Dotty Strutley,USA,Mint Chip Choco,2024-02-21,5552.79,272.0,0.3150504417214499,-0.10363860030052069,0.5735449735449736,0.9204701605600759
Kelci Walkden,USA,Orange Choco,2024-02-03,1539.14,143.0,0.08703924666803149,-1.0387298760901666,0.30052910052910053,-0.16794131053651049
Gigi Bohling,Australia,Caramel Stuffed Bars,2024-07-08,9117.77,154.0,0.5175731704450646,0.7269225339200948,0.3238095238095238,-0.07513103005540624
Mallorie Waber,India,50% Dark Bites,2024-05-31,631.02,140.0,0.03544991365396439,-1.2503016597210497,0.29417989417989415,-0.1932532052131753
Van Tuxwell,New Zealand,Mint Chip Choco,2024-06-27,4486.37,104.0,0.2544682537805815,-0.35209076686402135,0.21798941798941798,-0.4969959413331529
Van Tuxwell,India,50% Dark Bites,2024-05-13,5591.29,132.0,0.3172375858445191,-0.09466895568330161,0.27724867724867724,-0.26075159101761475
Van Tuxwell,USA,Manuka Honey Choco,2024-05-31,2662.54,102.0,0.15085840791104227,-0.7770026354931819,0.21375661375661376,-0.5138705377842627
Wilone O'Kielt,USA,Orange Choco,2024-02-28,7481.93,38.0,0.42464283687931165,0.3458081585790125,0.07830687830687831,-1.0538576242197786
Barr Faughny,New Zealand,Eclairs,2024-03-28,7418.41,31.0,0.4210343331209388,0.3310094098495122,0.06349206349206349,-1.112918711798663
Gigi Bohling,USA,After Nines,2024-01-14,1969.06,235.0,0.11146254540543152,-0.9385680679386128,0.49523809523809526,0.6082901262145434
Barr Faughny,New Zealand,Mint Chip Choco,2024-02-21,7197.75,159.0,0.40849887280414804,0.2796005324148223,0.3343915343915344,-0.032944538927631564
Dennison Crosswaite,Canada,85% Dark Bars,2024-08-01,11719.06,87.0,0.6653496934554184,1.3329653091493368,0.182010582010582,-0.6404300111675868
Beverie Moffet,New Zealand,Smooth Sliky Salty,2024-05-19,2755.14,63.0,0.1561189155940606,-0.755428892855403,0.1312169312169312,-0.8429251685809052
Husein Augar,USA,White Choc,2024-07-13,2438.56,61.0,0.1381343419192232,-0.8291849991649931,0.12698412698412698,-0.859799765032015
Andria Kimpton,Australia,Peanut Butter Cubes,2024-04-20,7661.86,144.0,0.43486446914071003,0.38772785094203127,0.30264550264550266,-0.15950401231095557
Dennison Crosswaite,India,85% Dark Bars,2024-06-30,4886.15,23.0,0.2771793311187788,-0.2589509090699475,0.04656084656084656,-1.1804170976031025
Curtice Advani,UK,50% Dark Bites,2024-03-08,3572.26,156.0,0.20253863522632784,-0.5650580874106742,0.328042328042328,-0.058256433604296366
Gunar Cockshoot,USA,Fruit & Nut Bars,2024-03-09,6937.75,94.0,0.3937285488561484,0.21902630902581027,0.19682539682539682,-0.5813689235887023
Oby Sorrel,Canada,Raspberry Choco,2024-06-16,1941.25,221.0,0.10988268883237817,-0.9450471800634145,0.4656084656084656,0.4901679510567743
Gigi Bohling,UK,Drinking Coco,2024-06-30,6173.15,46.0,0.3502924346613771,0.04089149670566185,0.09523809523809523,-0.986359238415339
Kelci Walkden,India,Mint Chip Choco,2024-07-28,3105.45,116.0,0.17601965475645967,-0.6738144459500001,0.24338624338624337,-0.3957483626264937
Karlen McCaffrey,Canada,Peanut Butter Cubes,2024-08-12,3691.6,154.0,0.20931821391845967,-0.5372545188751178,0.3238095238095238,-0.07513103005540624
Barr Faughny,UK,Mint Chip Choco,2024-07-07,3950.65,324.0,0.22403456937511088,-0.47690162437925787,0.6835978835978836,1.3592096682889325
Barr Faughny,USA,85% Dark Bars,2024-08-25,13497.17,49.0,0.7663622346676402,1.747225433573322,0.10158730158730159,-0.9610473437386743
Husein Augar,Canada,Eclairs,2024-01-17,4389.23,241.0,0.2489498335178558,-0.3747222286332854,0.5079365079365079,0.6589139155678729
Jan Morforth,Australia,70% Dark Bites,2024-03-04,6310.98,366.0,0.35812241062196476,0.07300282443530615,0.7724867724867724,1.7135761937622396
Marney O'Breen,New Zealand,Fruit & Nut Bars,2024-08-25,9693.37,4.0,0.5502723953084053,0.8610245453920767,0.006349206349206349,-1.3407257638886463
Ches Bonnell,UK,Peanut Butter Cubes,2024-04-15,2348.2,266.0,0.13300108625791068,-0.8502368715704974,0.5608465608465608,0.8698463712067463
Kaine Padly,USA,Organic Choco Syrup,2024-03-11,2518.5,24.0,0.14267564844385047,-0.8105607552506946,0.04867724867724868,-1.1719797993775476
Camilla Castle,USA,Raspberry Choco,2024-05-20,3516.72,17.0,0.19938346679528204,-0.5779976734376964,0.033862433862433865,-1.2310408869564322
Brien Boise,New Zealand,Manuka Honey Choco,2024-06-14,16807.37,44.0,0.9544111821009803,2.5184284884283508,0.091005291005291,-1.003233834866449
Jehu Rudeforth,New Zealand,After Nines,2024-04-14,1736.59,70.0,0.09825617152777198,-0.9927284129818574,0.14603174603174604,-0.7838640810020207
Jehu Rudeforth,USA,Smooth Sliky Salty,2024-07-07,7900.11,168.0,0.4483991986815212,0.44323480756677014,0.35343915343915344,0.04299114510236284
Madelene Upcott,India,Mint Chip Choco,2024-08-24,4016.89,71.0,0.22779759344555506,-0.4614691760819958,0.14814814814814814,-0.7754267827764657
Jehu Rudeforth,India,Eclairs,2024-02-24,9642.62,140.0,0.5473893416916323,0.8492009229421061,0.29417989417989415,-0.1932532052131753
Karlen McCaffrey,Canada,Raspberry Choco,2024-05-09,773.7,217.0,0.04355541296512051,-1.2170603897474181,0.45714285714285713,0.45641875815455457
Kaine Padly,Australia,70% Dark Bites,2024-02-08,7852.03,240.0,0.44566782492990653,0.4320332357954482,0.5058201058201058,0.6504766173423181
Roddy Speechley,UK,70% Dark Bites,2024-03-24,1649.57,293.0,0.09331265772025302,-1.0130021395945954,0.617989417989418,1.0976534232967294
Rafaelita Blaksland,USA,Drinking Coco,2024-06-20,9333.45,78.0,0.5298257222493129,0.7771711819991028,0.16296296296296298,-0.7163656951975812
Mallorie Waber,Canada,Manuka Honey Choco,2024-03-07,1540.11,117.0,0.08709435133814517,-1.0385038876413695,0.2455026455026455,-0.38731106440093876
Kaine Padly,Australia,Fruit & Nut Bars,2024-06-20,7840.94,82.0,0.44503781380458607,0.42944951219012456,0.17142857142857143,-0.6826165022953614
Oby Sorrel,New Zealand,Organic Choco Syrup,2024-02-17,17102.97,267.0,0.9712039042510908,2.5872967208660125,0.562962962962963,0.8782836694323013
Madelene Upcott,UK,99% Dark & Pure,2024-01-26,11496.42,49.0,0.6527017514408698,1.2810951357057614,0.10158730158730159,-0.9610473437386743
Madelene Upcott,Australia,Mint Chip Choco,2024-05-02,3072.89,166.0,0.17416995572666402,-0.6814002025405624,0.3492063492063492,0.02611654865125297
Curtice Advani,Canada,99% Dark & Pure,2024-07-07,14990.79,7.0,0.8512132010338374,2.095205708720615,0.012698412698412698,-1.3154138692119814
Rafaelita Blaksland,Australia,Baker's Choco Chips,2024-08-22,3170.18,49.0,0.17969689733012897,-0.6587337941039587,0.10158730158730159,-0.9610473437386743
Karlen McCaffrey,Australia,After Nines,2024-08-11,2528.14,67.0,0.14322328660869169,-0.8083148494296558,0.13968253968253969,-0.8091759756786855
Marney O'Breen,UK,99% Dark & Pure,2024-01-13,8551.6,208.0,0.4854096538695301,0.5950175029348758,0.4380952380952381,0.38048307412456017
Gunar Cockshoot,Australia,50% Dark Bites,2024-03-02,13072.95,119.0,0.7422627468783309,1.6483915987806812,0.24973544973544973,-0.3704364679498289
Marney O'Breen,Australia,Choco Coated Almonds,2024-07-27,11987.26,41.0,0.6805858506971627,1.3954499503529256,0.08465608465608465,-1.0285457295431137
Kelci Walkden,New Zealand,Drinking Coco,2024-03-10,17609.863750000004,116.0,1.0,2.7053917025852208,0.24338624338624337,-0.3957483626264937
Beverie Moffet,USA,85% Dark Bars,2024-08-23,14028.4,344.0,0.7965408469403166,1.8709902208461868,0.725925925925926,1.5279556328000312
Roddy Speechley,USA,Eclairs,2024-04-25,4812.71,169.0,0.27300728269285157,-0.27606079739952066,0.35555555555555557,0.051428443327917774
Dennison Crosswaite,UK,Milk Bars,2024-03-07,11963.91,446.0,0.6792593619887558,1.3900099191370276,0.9417989417989417,2.3885600518066346
Wilone O'Kielt,UK,Organic Choco Syrup,2024-07-12,5574.83,52.0,0.31630251072073423,-0.09850376997939062,0.10793650793650794,-0.9357354490620095
Madelene Upcott,USA,Orange Choco,2024-05-16,9205.15,144.0,0.5225371354703576,0.7472801325344479,0.30264550264550266,-0.15950401231095557
Gunar Cockshoot,India,Smooth Sliky Salty,2024-03-02,4133.74,69.0,0.23443571788141568,-0.43424572222428026,0.1439153439153439,-0.7923013792275756
Marney O'Breen,New Zealand,85% Dark Bars,2024-05-30,1312.23,164.0,0.0741487304871061,-1.091594864664016,0.344973544973545,0.009241952200143105
Marney O'Breen,UK,Manuka Honey Choco,2024-06-10,11735.75,185.0,0.6662978346350035,1.3368537083353471,0.38941798941798944,0.1864252149367967
Brien Boise,USA,99% Dark & Pure,2024-07-25,7650.76,358.0,0.434233889926007,0.3851417975588851,0.7555555555555555,1.6460778079578002
Beverie Moffet,New Zealand,Mint Chip Choco,2024-06-09,4994.93,98.0,0.28335900742286885,-0.23360758591511382,0.2052910052910053,-0.5476197306864825
Dennison Crosswaite,USA,Milk Bars,2024-05-12,890.78,62.0,0.050206603456781275,-1.1897833509997815,0.1291005291005291,-0.8513624668064601
Gunar Cockshoot,USA,Drinking Coco,2024-05-09,4142.16,5.0,0.23491404914157782,-0.4322840492976053,0.008465608465608466,-1.3322884656630913
Brien Boise,Canada,Manuka Honey Choco,2024-08-09,7308.24,178.0,0.41477569239266526,0.3053422475773297,0.3746031746031746,0.12736412735791217
Van Tuxwell,India,Choco Coated Almonds,2024-04-13,6833.86,115.0,0.38782666826015727,0.1948222472262546,0.24126984126984127,-0.40418566085204866
Andria Kimpton,USA,Caramel Stuffed Bars,2024-05-02,8878.27,47.0,0.5039674297314264,0.6711243550675241,0.09735449735449736,-0.9779219401897841
Dotty Strutley,USA,99% Dark & Pure,2024-08-09,4134.93,307.0,0.23450332051794692,-0.4339684786633843,0.6476190476190476,1.2157755984544987
Camilla Castle,Australia,Raspberry Choco,2024-08-23,6641.89,188.0,0.37692105638209006,0.15009750236476002,0.39576719576719577,0.2117371096134615
Gunar Cockshoot,India,Spicy Special Slims,2024-05-13,7117.3,174.0,0.40392859372100737,0.26085746983156843,0.36613756613756615,0.09361493445569244
Karlen McCaffrey,USA,Manuka Honey Choco,2024-02-01,11815.59,68.0,0.6708334602658046,1.355454654471419,0.14179894179894179,-0.8007386774531305
Camilla Castle,USA,50% Dark Bites,2024-06-23,6962.79,303.0,0.3951510446702173,0.22486007269373665,0.6391534391534391,1.182026405552279
Madelene Upcott,UK,Choco Coated Almonds,2024-05-24,11786.42,147.0,0.6691763435367156,1.3486586925627364,0.308994708994709,-0.13419211763429076
Jan Morforth,Canada,Mint Chip Choco,2024-04-01,1200.19,224.0,0.06778385704428348,-1.1176976953890345,0.47195767195767196,0.5154798457334391
Camilla Castle,Canada,70% Dark Bites,2024-07-27,10791.08,166.0,0.6126321349274773,1.1167665867626626,0.3492063492063492,0.02611654865125297
Ches Bonnell,India,Peanut Butter Cubes,2024-01-27,17609.863750000004,224.0,1.0,2.7053917025852208,0.47195767195767196,0.5154798457334391
Jan Morforth,India,Choco Coated Almonds,2024-08-12,2987.81,136.0,0.16933665125937244,-0.7012219522557053,0.2857142857142857,-0.22700239811539502
Gigi Bohling,Canada,Almond Choco,2024-02-01,11705.99,47.0,0.6646072006323401,1.3299202895351276,0.09735449735449736,-0.9779219401897841
Rafaelita Blaksland,India,After Nines,2024-03-02,5256.03,201.0,0.2981918212029562,-0.17277708696560998,0.42328042328042326,0.32142198654567566
Kelci Walkden,Australia,99% Dark & Pure,2024-06-30,3794.1,36.0,0.21514113009026722,-0.5133742961929111,0.07407407407407407,-1.0707322206708885
Dotty Strutley,Australia,Spicy Special Slims,2024-01-17,9655.3,97.0,0.5481096790287885,0.8521550812212314,0.20317460317460317,-0.5560570289120375
Brien Boise,USA,Milk Bars,2024-07-07,16001.54,133.0,0.9086328353816859,2.330688002145399,0.27936507936507937,-0.25231429279205986
Mallorie Waber,New Zealand,Mint Chip Choco,2024-01-31,1386.1,104.0,0.07834520675648583,-1.0743847958880683,0.21798941798941798,-0.4969959413331529
Beverie Moffet,UK,99% Dark & Pure,2024-08-10,3821.76,122.0,0.21671246532258134,-0.5069301307354492,0.2560846560846561,-0.3451245732731641
Beverie Moffet,USA,Peanut Butter Cubes,2024-08-18,15722.43,351.0,0.8927768926235083,2.2656615733372947,0.7407407407407407,1.5870167203789156
Brien Boise,New Zealand,White Choc,2024-06-15,6287.25,340.0,0.3567743345170185,0.06747426166214758,0.7174603174603175,1.4942064398978114
Marney O'Breen,USA,Baker's Choco Chips,2024-01-26,9831.97,9.0,0.5581461141514543,0.8933152660140651,0.016931216931216932,-1.2985392727608716
Kelci Walkden,USA,Spicy Special Slims,2024-04-29,90.36,73.0,0.004735593093481734,-1.3762634274806775,0.1523809523809524,-0.7585521863253558
Mallorie Waber,Canada,White Choc,2024-03-03,3799.5,71.0,0.21544789835687952,-0.5121162161686778,0.14814814814814814,-0.7754267827764657
Kaine Padly,Australia,Almond Choco,2024-02-22,4674.2,422.0,0.265138676654246,-0.30833055002110554,0.891005291005291,2.186064894393316
Oby Sorrel,USA,Smooth Sliky Salty,2024-03-04,4011.83,169.0,0.22751014021795168,-0.46264804366025886,0.35555555555555557,0.051428443327917774
Dennison Crosswaite,India,Smooth Sliky Salty,2024-07-07,3429.85,9.0,0.19444847432850232,-0.5982364533830943,0.016931216931216932,-1.2985392727608716
Camilla Castle,New Zealand,Caramel Stuffed Bars,2024-06-17,4920.68,380.0,0.2791409437569497,-0.25090618624832206,0.8021164021164021,1.8316983689200088
Jan Morforth,Canada,Caramel Stuffed Bars,2024-08-02,10049.72,118.0,0.570516260457904,0.9440461781023627,0.24761904761904763,-0.3788737661753838
Oby Sorrel,USA,Baker's Choco Chips,2024-08-12,8485.1,120.0,0.48163185947513787,0.5795244804142247,0.2518518518518518,-0.361999169724274
Madelene Upcott,New Zealand,Peanut Butter Cubes,2024-01-28,6030.31,351.0,0.34217784592009914,0.007612950286867898,0.7407407407407407,1.5870167203789156
Kelci Walkden,Australia,Orange Choco,2024-04-29,13331.77,443.0,0.756966036279182,1.70869090838662,0.9354497354497354,2.3632481571299695
Marney O'Breen,Australia,Manuka Honey Choco,2024-04-05,15245.95,233.0,0.8657085697206511,2.1546523196434624,0.491005291005291,0.5914155297634335
Kaine Padly,Canada,Manuka Honey Choco,2024-01-18,11618.55,133.0,0.6596398270707513,1.3095487122538383,0.27936507936507937,-0.25231429279205986
Jehu Rudeforth,UK,Baker's Choco Chips,2024-05-16,2629.59,98.0,0.14898655339532463,-0.7846792534188278,0.2052910052910053,-0.5476197306864825
Kelci Walkden,Australia,White Choc,2024-08-24,10089.49,168.0,0.5727755519325654,0.9533117045030589,0.35343915343915344,0.04299114510236284
Curtice Advani,India,85% Dark Bars,2024-01-18,308.24,402.0,0.017113124561905443,-1.3255022282806856,0.8486772486772487,2.0173189298822174
Kaine Padly,USA,Eclairs,2024-08-22,7978.76,10.0,0.45286722167579113,0.4615585101419464,0.01904761904761905,-1.2901019745353166
Gunar Cockshoot,UK,99% Dark & Pure,2024-03-07,8.16,84.0,6.589836838338307e-05,-1.395414201182896,0.17566137566137566,-0.6657419058442515
Beverie Moffet,UK,Choco Coated Almonds,2024-03-04,3303.13,73.0,0.18724964567200034,-0.6277593979517696,0.1523809523809524,-0.7585521863253558
Dotty Strutley,Canada,Manuka Honey Choco,2024-04-22,13959.74,113.0,0.7926403452392794,1.8549939663158423,0.23703703703703705,-0.4210602573031585
Kaine Padly,Australia,Milk Bars,2024-06-09,4251.42,91.0,0.24112099373603338,-0.4068288968072843,0.19047619047619047,-0.606680818265367
Jan Morforth,Canada,Fruit & Nut Bars,2024-07-25,9885.53,217.0,0.5611888008847423,0.9057935560322019,0.45714285714285713,0.45641875815455457
Jan Morforth,India,Smooth Sliky Salty,2024-08-03,12864.47,93.0,0.7304192194295657,1.5998203907339839,0.19470899470899472,-0.5898062218142571
Rafaelita Blaksland,Australia,Manuka Honey Choco,2024-08-03,5245.6,144.0,0.2975993039768884,-0.17520704523463826,0.30264550264550266,-0.15950401231095557
Jehu Rudeforth,UK,Milk Bars,2024-05-03,14345.5,219.0,0.8145549612630499,1.9448674756025548,0.4613756613756614,0.47329335460566446
Husein Augar,Canada,After Nines,2024-01-19,11462.19,288.0,0.6507571814841774,1.273120306218816,0.6074074074074074,1.055466932168955
Roddy Speechley,USA,50% Dark Bites,2024-02-11,11667.94,306.0,0.6624456205314887,1.3210554849199283,0.6455026455026455,1.2073383002289437
Van Tuxwell,India,Almond Choco,2024-06-14,7455.17,383.0,0.42312262969143294,0.3395736731255895,0.8084656084656084,1.8570102635966734
Kelci Walkden,USA,50% Dark Bites,2024-03-23,7203.64,234.0,0.4088334774505085,0.2809727715523657,0.4931216931216931,0.5998528279889884
Madelene Upcott,Canada,85% Dark Bars,2024-02-17,8081.58,105.0,0.4587083167078424,0.48551328571447794,0.2201058201058201,-0.48855864310759795
Dennison Crosswaite,Canada,Smooth Sliky Salty,2024-03-17,2055.4,473.5,0.11636742913493264,-0.9184527662178155,1.0,2.620585753009395
Mallorie Waber,Australia,Spicy Special Slims,2024-06-29,6476.09,304.0,0.3675021344183272,0.11146978606515155,0.6412698412698413,1.1904637037778338
Ches Bonnell,Canada,Choco Coated Almonds,2024-08-24,17490.08,289.0,0.9931952123415144,2.6774847501587837,0.6095238095238096,1.0639042303945099
Gigi Bohling,Canada,Spicy Special Slims,2024-07-04,13644.0,281.0,0.7747034910725817,1.7814335613433552,0.5925925925925926,0.9964058445900703
Roddy Speechley,New Zealand,Almond Choco,2024-03-28,2930.46,70.0,0.16607865865007332,-0.7145832280686277,0.14603174603174604,-0.7838640810020207
Curtice Advani,India,Smooth Sliky Salty,2024-04-19,17609.863750000004,143.0,1.0,2.7053917025852208,0.30052910052910053,-0.16794131053651049
Ches Bonnell,New Zealand,Mint Chip Choco,2024-01-18,9471.72,248.0,0.5376806941427356,0.8093850199529437,0.5227513227513227,0.7179750031467576
Van Tuxwell,New Zealand,Fruit & Nut Bars,2024-01-17,3400.47,92.0,0.19277942772237835,-0.6050813406260527,0.1925925925925926,-0.5982435200398121
Andria Kimpton,New Zealand,Mint Chip Choco,2024-02-15,10696.21,201.0,0.6072426709546052,1.0946639845591408,0.42328042328042326,0.32142198654567566
Andria Kimpton,UK,Milk Bars,2024-02-11,17101.67,307.0,0.9711300526313507,2.5869938497490668,0.6476190476190476,1.2157755984544987
Camilla Castle,USA,Manuka Honey Choco,2024-03-21,17609.863750000004,180.0,1.0,2.7053917025852208,0.37883597883597886,0.14423872380902203
Gunar Cockshoot,New Zealand,Almond Choco,2024-01-05,6015.37,136.0,0.34132912038247176,0.004132262219822244,0.2857142857142857,-0.22700239811539502
Brien Boise,India,Raspberry Choco,2024-05-30,7623.58,162.0,0.4326898229840584,0.37880946143691063,0.34074074074074073,-0.007632644250966762
Jehu Rudeforth,USA,99% Dark & Pure,2024-01-04,2996.83,227.0,0.16984906788249152,-0.699120492659671,0.4783068783068783,0.5407917404101039
Beverie Moffet,Australia,Fruit & Nut Bars,2024-04-22,1718.97,260.0,0.0972551980356037,-0.9968334815053743,0.5481481481481482,0.8192225818534167
Gigi Bohling,Canada,Milk Bars,2024-02-10,3523.33,114.0,0.19975897387719083,-0.5764576902969217,0.23915343915343915,-0.41262295907760355
Dotty Strutley,India,Spicy Special Slims,2024-08-12,1092.36,209.0,0.06165814923154192,-1.1428196896507161,0.4402116402116402,0.3889203723501151
Gunar Cockshoot,USA,Organic Choco Syrup,2024-08-10,2495.71,310.0,0.14138097274087005,-0.8158703189085237,0.653968253968254,1.2410874931311633
Kelci Walkden,Australia,Raspberry Choco,2024-06-07,813.41,58.0,0.04581129590348615,-1.207808842013658,0.12063492063492064,-0.8851116597086799
Jehu Rudeforth,India,Baker's Choco Chips,2024-06-06,2489.06,81.0,0.14100319330143082,-0.8174196211605889,0.1693121693121693,-0.6910538005209164
Karlen McCaffrey,New Zealand,Baker's Choco Chips,2024-04-05,5701.35,201.0,0.3234899775895839,-0.06902742096716821,0.42328042328042326,0.32142198654567566
Wilone O'Kielt,USA,50% Dark Bites,2024-04-18,5084.32,126.0,0.28843715841406764,-0.2127817019584071,0.26455026455026454,-0.31137538037094437
Andria Kimpton,India,50% Dark Bites,2024-01-31,15789.48,16.0,0.8965859319339443,2.2812827336381916,0.031746031746031744,-1.2394781851819872
Madelene Upcott,USA,Baker's Choco Chips,2024-08-22,6541.75,141.0,0.3712322093045797,0.12676710724869972,0.2962962962962963,-0.18481590698762038
Jehu Rudeforth,Australia,99% Dark & Pure,2024-02-25,11409.11,217.0,0.6477417630412551,1.2607538455361669,0.45714285714285713,0.45641875815455457
Jan Morforth,Australia,Mint Chip Choco,2024-02-22,17609.863750000004,99.0,1.0,2.7053917025852208,0.2074074074074074,-0.5391824324609276
Oby Sorrel,New Zealand,Milk Bars,2024-01-12,5074.86,201.0,0.2878997458581135,-0.2149856717786381,0.42328042328042326,0.32142198654567566
Brien Boise,UK,Almond Choco,2024-05-25,115.9,120.0,0.006186493376681392,-1.3703131749216186,0.2518518518518518,-0.361999169724274
Kelci Walkden,India,Smooth Sliky Salty,2024-02-01,2797.19,9.0,0.15850773144795827,-0.7456321771111416,0.016931216931216932,-1.2985392727608716
Rafaelita Blaksland,UK,Eclairs,2024-04-27,1608.04,75.0,0.09095338251425139,-1.0226777068920787,0.15661375661375662,-0.7416775898742459
Gigi Bohling,USA,Smooth Sliky Salty,2024-07-22,2960.99,133.0,0.16781303553519802,-0.7074704163760641,0.27936507936507937,-0.25231429279205986
Curtice Advani,New Zealand,Mint Chip Choco,2024-01-26,3703.51,260.0,0.2099948083731546,-0.5344797534883364,0.5481481481481482,0.8192225818534167
Curtice Advani,USA,Mint Chip Choco,2024-08-24,5679.57,285.0,0.3222526789142476,-0.07410167706490944,0.6010582010582011,1.03015503749229
Madelene Upcott,New Zealand,Fruit & Nut Bars,2024-01-18,6764.17,20.0,0.3838676533527108,0.17858602558017683,0.04021164021164021,-1.2057289922797674
Karlen McCaffrey,India,85% Dark Bars,2024-03-30,1108.85,87.0,0.06259492862347467,-1.138977886021159,0.182010582010582,-0.6404300111675868
Ches Bonnell,Australia,Caramel Stuffed Bars,2024-01-17,9477.32,160.0,0.5379988241970002,0.8106896955336301,0.33650793650793653,-0.02450724070207663
Kelci Walkden,USA,Fruit & Nut Bars,2024-02-17,5301.93,155.0,0.30079935146916076,-0.16208340675962657,0.32592592592592595,-0.06669373182985129
Kelci Walkden,Canada,Peanut Butter Cubes,2024-04-08,8041.25,43.0,0.4564172122277546,0.4761172917557131,0.08888888888888889,-1.0116711330920038
Gigi Bohling,Canada,Drinking Coco,2024-07-06,3716.17,89.0,0.21071400953154565,-0.531530254764856,0.18624338624338624,-0.6235554147164769
Husein Augar,India,Fruit & Nut Bars,2024-04-04,4591.77,222.0,0.26045591587334754,-0.32753490861324486,0.4677248677248677,0.49860524928232924
Jan Morforth,New Zealand,Organic Choco Syrup,2024-03-02,1928.33,217.0,0.10914871735003912,-0.9480572530102839,0.45714285714285713,0.45641875815455457
Gigi Bohling,New Zealand,Raspberry Choco,2024-08-09,1225.12,186.0,0.0692001038751436,-1.1118895592771574,0.3915343915343915,0.19486251316235165
Dennison Crosswaite,Australia,Milk Bars,2024-06-09,11326.55,296.0,0.6430516170983824,1.2415191998323325,0.6243386243386243,1.1229653179733943
Ches Bonnell,UK,Caramel Stuffed Bars,2024-06-02,3063.08,301.0,0.17361266004231835,-0.6836857145845863,0.6349206349206349,1.165151809101169
Van Tuxwell,USA,Fruit & Nut Bars,2024-07-05,7093.33,233.0,0.4025668834708783,0.255272992390666,0.491005291005291,0.5914155297634335
Andria Kimpton,Canada,Eclairs,2024-08-11,337.37,120.0,0.018767968933464017,-1.3187155854832935,0.2518518518518518,-0.361999169724274
Madelene Upcott,India,Choco Coated Almonds,2024-02-11,3764.59,158.0,0.21346469832216927,-0.5202494705475639,0.3322751322751323,-0.041381837153186496
Kelci Walkden,New Zealand,Spicy Special Slims,2024-08-11,695.32,68.0,0.03910272838418123,-1.2353211883213826,0.14179894179894179,-0.8007386774531305
Roddy Speechley,Australia,Drinking Coco,2024-05-12,14609.99,111.0,0.8295803573438439,2.0064877692339387,0.2328042328042328,-0.4379348537542684
Wilone O'Kielt,USA,Milk Bars,2024-07-15,5298.68,96.0,0.30061472241981074,-0.16284058455198921,0.20105820105820105,-0.5644943271375924
Andria Kimpton,India,Organic Choco Syrup,2024-01-18,4552.3,132.0,0.2582136670801647,-0.3367305416792615,0.27724867724867724,-0.26075159101761475
Madelene Upcott,UK,Fruit & Nut Bars,2024-01-05,9099.26,199.0,0.5165216369978435,0.7226101151703616,0.41904761904761906,0.3045473900945658
Curtice Advani,Australia,50% Dark Bites,2024-06-29,603.97,239.0,0.03391323187398981,-1.2566037087313295,0.5037037037037037,0.6420393191167632
Brien Boise,Canada,Raspberry Choco,2024-06-14,3172.23,46.0,0.17981335565356513,-0.6582561896503145,0.09523809523809523,-0.986359238415339
Gunar Cockshoot,India,Mint Chip Choco,2024-08-08,4737.32,74.0,0.2687244568373143,-0.29362499240451156,0.1544973544973545,-0.7501148880998009
Dennison Crosswaite,India,Mint Chip Choco,2024-03-23,15201.56,142.0,0.8631868209512215,2.1443104358886993,0.2984126984126984,-0.17637860876206543
Barr Faughny,India,Caramel Stuffed Bars,2024-01-04,7912.62,106.0,0.44910987849917305,0.44614935962291075,0.2222222222222222,-0.48012134488204306
Brien Boise,India,Milk Bars,2024-02-22,14190.78,269.0,0.805765482335225,1.9088211531304475,0.5671957671957671,0.8951582658834111
Beverie Moffet,UK,Spicy Special Slims,2024-02-17,9327.08,259.0,0.5294638493125868,0.7756871135260719,0.546031746031746,0.8107852836278617
Barr Faughny,USA,Almond Choco,2024-02-03,434.42,83.0,0.024281276391746195,-1.2961050917144334,0.17354497354497356,-0.6741792040698065
Van Tuxwell,Canada,Raspberry Choco,2024-03-17,1497.58,132.0,0.084678267193882,-1.0484124327211182,0.27724867724867724,-0.26075159101761475
Wilone O'Kielt,Australia,Baker's Choco Chips,2024-01-25,3124.74,155.0,0.17711549917552472,-0.6693203045300998,0.32592592592592595,-0.06669373182985129
Brien Boise,Australia,Milk Bars,2024-07-27,2356.21,54.0,0.13345612585338562,-0.8483707195345513,0.11216931216931217,-0.9188608526108996
Husein Augar,Australia,Fruit & Nut Bars,2024-01-28,8548.0,55.0,0.4852051416917885,0.5941787829187202,0.11428571428571428,-0.9104235543853446
Madelene Upcott,Australia,Organic Choco Syrup,2024-07-05,12094.34,52.0,0.6866689518062081,1.4203972112779077,0.10793650793650794,-0.9357354490620095
Van Tuxwell,India,White Choc,2024-03-15,2119.42,46.0,0.12000433736243625,-0.9035375285971826,0.09523809523809523,-0.986359238415339
Gunar Cockshoot,Canada,After Nines,2024-08-04,3038.32,220.0,0.1722060707309627,-0.6894542444734783,0.4634920634920635,0.48173065283121935
Jan Morforth,USA,Fruit & Nut Bars,2024-06-27,5187.72,382.0,0.2943112026303106,-0.18869179927216143,0.8063492063492064,1.8485729653711187
Jan Morforth,Canada,After Nines,2024-07-13,5384.52,180.0,0.3054912016801811,-0.14284177172232462,0.37883597883597886,0.14423872380902203
Barr Faughny,New Zealand,Manuka Honey Choco,2024-02-24,6575.07,249.0,0.37312508312745407,0.1345299269537838,0.5248677248677248,0.7264123013723125
Karlen McCaffrey,New Zealand,85% Dark Bars,2024-06-28,6350.37,59.0,0.3603601147000867,0.08217981927874154,0.12275132275132275,-0.8766743614831249
Oby Sorrel,Australia,85% Dark Bars,2024-06-30,7488.06,28.0,0.4249910756708549,0.3472363123842996,0.05714285714285714,-1.1382306064753278
Curtice Advani,Canada,Choco Coated Almonds,2024-08-18,6997.57,7.0,0.3971268595429535,0.2329630399609283,0.012698412698412698,-1.3154138692119814
Kaine Padly,India,70% Dark Bites,2024-01-24,13081.57,324.0,0.7427524399261454,1.650399867263809,0.6835978835978836,1.3592096682889325
Beverie Moffet,USA,White Choc,2024-03-11,5964.72,136.0,0.33845174765952496,-0.0076680624519217385,0.2857142857142857,-0.22700239811539502
Ches Bonnell,New Zealand,After Nines,2024-06-23,6651.11,377.0,0.3774448347928614,0.15224555751724714,0.7957671957671958,1.806386474243344
Husein Augar,India,Spicy Special Slims,2024-08-22,2606.11,31.0,0.14765267952494374,-0.7901495717464201,0.06349206349206349,-1.112918711798663
Gunar Cockshoot,Canada,50% Dark Bites,2024-01-04,3615.98,24.0,0.20502232200712223,-0.5548722987700296,0.04867724867724868,-1.1719797993775476
Curtice Advani,India,Milk Bars,2024-04-05,3658.27,210.0,0.20742477200620263,-0.5450196683580245,0.44232804232804235,0.39735767057567006
Beverie Moffet,India,Milk Bars,2024-04-15,1997.46,314.0,0.11307591925205918,-0.9319514989222746,0.6624338624338625,1.274836686033383
Husein Augar,Australia,White Choc,2024-05-11,3618.67,213.0,0.20517513805104576,-0.5542455885357356,0.4486772486772487,0.42266956525233484
Andria Kimpton,Canada,Manuka Honey Choco,2024-07-21,5538.85,473.5,0.31425852512208413,-0.10688631058530071,1.0,2.620585753009395
Jan Morforth,New Zealand,Orange Choco,2024-02-11,1382.49,86.0,0.0781401264893617,-1.0752258456820465,0.17989417989417988,-0.6488673093931417
Andria Kimpton,Canada,Smooth Sliky Salty,2024-07-08,1223.79,81.0,0.06912454798725574,-1.1121994197275704,0.1693121693121693,-0.6910538005209164
Gunar Cockshoot,UK,Raspberry Choco,2024-08-11,8043.29,344.0,0.4565331024618081,0.4765925664315346,0.725925925925926,1.5279556328000312
Husein Augar,New Zealand,After Nines,2024-08-04,6878.47,7.0,0.3903609149960045,0.2052153860931156,0.012698412698412698,-1.3154138692119814
Andria Kimpton,New Zealand,Orange Choco,2024-06-14,9420.22,94.0,0.5347550338222664,0.797386664166274,0.19682539682539682,-0.5813689235887023
Dennison Crosswaite,UK,Baker's Choco Chips,2024-01-17,2516.34,293.0,0.14255294113720557,-0.8110639872603879,0.617989417989418,1.0976534232967294
Jehu Rudeforth,Canada,Orange Choco,2024-06-23,4334.75,473.5,0.24585488256136726,-0.38741485821110594,1.0,2.620585753009395
Jehu Rudeforth,UK,Smooth Sliky Salty,2024-08-24,1588.49,111.0,0.08984276777123834,-1.027232422535368,0.2328042328042328,-0.4379348537542684
Andria Kimpton,UK,Caramel Stuffed Bars,2024-06-07,8959.38,271.0,0.5085752027138196,0.6900211829870728,0.5714285714285714,0.912032862334521
Jan Morforth,UK,White Choc,2024-06-22,9409.06,46.0,0.5341210460712676,0.7947866321161918,0.09523809523809523,-0.986359238415339
Dotty Strutley,USA,Fruit & Nut Bars,2024-07-13,3315.64,268.0,0.18796032548965216,-0.6248448458956292,0.5650793650793651,0.8867209676578562
Kelci Walkden,UK,Choco Coated Almonds,2024-05-24,10920.7,210.0,0.6199957095049377,1.146965166899908,0.44232804232804235,0.39735767057567006
Gunar Cockshoot,New Zealand,After Nines,2024-08-09,7605.55,154.0,0.4316655578272029,0.37460887202266496,0.3238095238095238,-0.07513103005540624
Kaine Padly,Canada,85% Dark Bars,2024-04-06,1859.96,33.0,0.10526469024109782,-0.9639859439837714,0.06772486772486773,-1.096044115347553
Jan Morforth,New Zealand,Manuka Honey Choco,2024-07-28,1743.87,259.0,0.09866974059831597,-0.9910323347269652,0.546031746031746,0.8107852836278617
Gunar Cockshoot,New Zealand,Raspberry Choco,2024-08-24,758.28,57.0,0.042679419137127604,-1.220652907149951,0.11851851851851852,-0.8935489579342347
Van Tuxwell,Australia,99% Dark & Pure,2024-01-17,125.37,138.0,0.006724474022018149,-1.3681068753235648,0.28994708994708995,-0.21012780166428516
Curtice Advani,USA,Drinking Coco,2024-02-07,6170.75,149.0,0.35015609320954943,0.0403323500282249,0.31322751322751324,-0.1173175211831809
Brien Boise,Australia,Spicy Special Slims,2024-05-09,6867.13,273.0,0.38971670163611866,0.2025734180422256,0.5756613756613757,0.9289074587856309
Mallorie Waber,New Zealand,85% Dark Bars,2024-06-06,8775.45,113.0,0.4981263346993752,0.6471695794949925,0.23703703703703705,-0.4210602573031585
Wilone O'Kielt,USA,Choco Coated Almonds,2024-06-06,10422.84,6.0,0.5917128115020488,1.0309748482212404,0.010582010582010581,-1.3238511674375364
Beverie Moffet,New Zealand,Organic Choco Syrup,2024-05-24,7402.04,231.0,0.42010437080159746,0.3271955635538271,0.48677248677248675,0.5745409333123237
Gunar Cockshoot,UK,50% Dark Bites,2024-01-13,2498.04,129.0,0.14151333756701942,-0.8153274806758453,0.2708994708994709,-0.2860634856942796
Marney O'Breen,USA,Raspberry Choco,2024-05-23,6873.56,152.0,0.39008198310914033,0.20407146518219238,0.31957671957671957,-0.0920056265065161
Jehu Rudeforth,UK,White Choc,2024-06-29,2015.93,304.0,0.11412518034174977,-0.927648399283832,0.6412698412698413,1.1904637037778338
Jehu Rudeforth,New Zealand,85% Dark Bars,2024-03-11,8077.51,95.0,0.4584771043291179,0.4845650661406577,0.19894179894179895,-0.5729316253631473
Dotty Strutley,USA,85% Dark Bars,2024-04-25,11149.46,473.5,0.6329913222216469,1.2002611643709473,1.0,2.620585753009395
Rafaelita Blaksland,Australia,Smooth Sliky Salty,2024-05-30,4739.39,236.0,0.26884205133951566,-0.293142728395222,0.4973544973544973,0.6167274244400983
Curtice Advani,India,Manuka Honey Choco,2024-05-23,1844.54,185.0,0.10438869641310491,-0.9675784613863042,0.38941798941798944,0.1864252149367967
Mallorie Waber,USA,Peanut Butter Cubes,2024-05-23,1263.98,19.0,0.07140769921598693,-1.1028360426583228,0.0380952380952381,-1.2141662905053223
Van Tuxwell,Canada,Peanut Butter Cubes,2024-06-24,7527.84,306.0,0.4272509352348988,0.35650416856281836,0.6455026455026455,1.2073383002289437
Kelci Walkden,New Zealand,Smooth Sliky Salty,2024-03-11,12265.45,268.0,0.6963895292321397,1.460262039601346,0.5650793650793651,0.8867209676578562
Rafaelita Blaksland,USA,Smooth Sliky Salty,2024-07-27,17609.863750000004,230.0,1.0,2.7053917025852208,0.4846560846560847,0.5661036350867688
Rafaelita Blaksland,USA,White Choc,2024-08-16,5520.0,120.0,0.3131876766358541,-0.11127794178100416,0.2518518518518518,-0.361999169724274
Roddy Speechley,Canada,Smooth Sliky Salty,2024-03-07,10712.76,11.0,0.6081828588828336,1.0985197668556341,0.021164021164021163,-1.2816646763097617
Curtice Advani,New Zealand,After Nines,2024-04-05,8416.8,29.0,0.4777518089918748,0.5636120978854955,0.05925925925925926,-1.1297933082497729
Camilla Castle,India,85% Dark Bars,2024-05-04,9986.05,54.0,0.5668992353587919,0.9292124827055227,0.11216931216931217,-0.9188608526108996
Ches Bonnell,USA,Choco Coated Almonds,2024-01-04,15629.82,89.0,0.8875158168511074,2.2440855009216927,0.18624338624338624,-0.6235554147164769
Marney O'Breen,Australia,Baker's Choco Chips,2024-01-13,6224.33,100.0,0.35319991612160256,0.05281529960200666,0.20952380952380953,-0.5307451342353726
Wilone O'Kielt,New Zealand,Fruit & Nut Bars,2024-07-11,7736.85,95.0,0.43912457142094274,0.40519885483411605,0.19894179894179895,-0.5729316253631473
Kaine Padly,Australia,Mint Chip Choco,2024-05-17,4860.75,162.0,0.2757363840869358,-0.2648685447394894,0.34074074074074073,-0.007632644250966762
Camilla Castle,New Zealand,Peanut Butter Cubes,2024-07-21,1754.64,62.0,0.09928157286339273,-0.9885231640119664,0.1291005291005291,-0.8513624668064601
Curtice Advani,Canada,Organic Choco Syrup,2024-02-22,897.13,24.0,0.05056734021474203,-1.188303942082396,0.04867724867724868,-1.1719797993775476
Jan Morforth,India,99% Dark & Pure,2024-05-23,10607.29,182.0,0.6021912201643893,1.0739476001600992,0.38306878306878306,0.16111332026013192
Rafaelita Blaksland,Canada,Drinking Coco,2024-07-12,10772.0,192.0,0.6115482203854471,1.112321370677038,0.4042328042328042,0.24548630251568124
Jan Morforth,UK,Orange Choco,2024-06-15,4116.96,203.0,0.2334824638973871,-0.4381550894106941,0.4275132275132275,0.3382965829967855
Barr Faughny,New Zealand,50% Dark Bites,2024-06-23,5185.36,321.0,0.2941771335360133,-0.18924162683830797,0.6772486772486772,1.3338977736122677
Curtice Advani,Australia,Eclairs,2024-03-25,6974.95,58.0,0.39584184135947753,0.22769308252608425,0.12063492063492064,-0.8851116597086799
Jan Morforth,India,Caramel Stuffed Bars,2024-07-04,99.5,161.0,0.005254826789192184,-1.3741340105507716,0.3386243386243386,-0.016069942476521694
Andria Kimpton,UK,White Choc,2024-05-12,10203.47,109.0,0.5792506347156153,0.9798665121256727,0.22857142857142856,-0.4548094502053782
Camilla Castle,New Zealand,Raspberry Choco,2024-04-04,5081.52,148.0,0.2882780933869354,-0.21343403974875014,0.3111111111111111,-0.12575481940873584
Madelene Upcott,Australia,Orange Choco,2024-04-15,7166.62,381.0,0.4067304105560664,0.27234793405289937,0.8042328042328042,1.8401356671455638
Roddy Speechley,Canada,Eclairs,2024-03-08,7026.54,95.0,0.3987726144843903,0.23971240631315788,0.19894179894179895,-0.5729316253631473
Karlen McCaffrey,India,White Choc,2024-01-17,8265.32,251.0,0.46914639102401723,0.5283206234279281,0.5291005291005291,0.7432868978234223
Wilone O'Kielt,India,Mint Chip Choco,2024-08-22,1516.19,53.0,0.08573548153492921,-1.0440767161931583,0.11005291005291006,-0.9272981508364545
Andria Kimpton,UK,99% Dark & Pure,2024-07-25,1258.54,72.0,0.07109865859184417,-1.1041034417938467,0.15026455026455027,-0.7669894845509108
Marney O'Breen,UK,50% Dark Bites,2024-06-14,3506.38,126.0,0.19879606237365777,-0.5804066637063208,0.26455026455026454,-0.31137538037094437
Ches Bonnell,India,Choco Coated Almonds,2024-04-05,10969.0,83.0,0.6227395812229699,1.158217993783328,0.17354497354497356,-0.6741792040698065
Madelene Upcott,UK,Raspberry Choco,2024-08-26,8442.19,347.0,0.4791941879343353,0.569527403777215,0.7322751322751323,1.5532675274766958
Wilone O'Kielt,Australia,50% Dark Bites,2024-08-03,11000.85,112.0,0.6245489459065999,1.1656383361484821,0.23492063492063492,-0.42949755552871344
Gigi Bohling,Canada,White Choc,2024-07-11,6987.59,4.0,0.39655990633910343,0.2306379216939194,0.006349206349206349,-1.3407257638886463
Wilone O'Kielt,New Zealand,Eclairs,2024-03-11,3735.0,21.0,0.21178372183901037,-0.5271432831247981,0.042328042328042326,-1.1972916940542124
Brien Boise,UK,Peanut Butter Cubes,2024-01-10,17346.79,32.0,0.9850550595780188,2.6441013637379696,0.0656084656084656,-1.104481413573108
Roddy Speechley,UK,Baker's Choco Chips,2024-04-04,16517.2,349.0,0.9379269324856302,2.450825325348391,0.7365079365079366,1.5701421239278057
Karlen McCaffrey,Australia,50% Dark Bites,2024-01-17,7642.94,473.5,0.4337896440288017,0.3833199113015693,1.0,2.620585753009395
Marney O'Breen,New Zealand,Organic Choco Syrup,2024-07-08,10337.23,49.0,0.5868493982974786,1.0110296202814968,0.10158730158730159,-0.9610473437386743
Jan Morforth,UK,Organic Choco Syrup,2024-04-12,1367.24,384.0,0.07727379018087326,-1.0787787568615943,0.8105820105820106,1.8654475618222284
Rafaelita Blaksland,Canada,Fruit & Nut Bars,2024-08-24,570.58,191.0,0.03201638142543709,-1.2643828368811725,0.4021164021164021,0.23704900429012632
Ches Bonnell,UK,Choco Coated Almonds,2024-06-07,2012.27,259.0,0.11391725962771254,-0.9285010979669236,0.546031746031746,0.8107852836278617
Gunar Cockshoot,Canada,Almond Choco,2024-07-28,1469.24,29.0,0.08306830188355004,-1.0550150230705204,0.05925925925925926,-1.1297933082497729
Husein Augar,USA,99% Dark & Pure,2024-02-21,10020.18,113.0,0.5688381244216583,0.937164014414242,0.23703703703703705,-0.4210602573031585
Dennison Crosswaite,Canada,Mint Chip Choco,2024-04-08,1914.65,304.0,0.1083715710746213,-0.9512443890716749,0.6412698412698413,1.1904637037778338
Brien Boise,UK,Manuka Honey Choco,2024-06-28,73.91,101.0,0.0038010860590794483,-1.380095911998944,0.21164021164021163,-0.5223078360098177
Van Tuxwell,UK,Baker's Choco Chips,2024-03-24,2794.33,21.0,0.15834525788453024,-0.7462984935684208,0.042328042328042326,-1.1972916940542124
Barr Faughny,Australia,Caramel Stuffed Bars,2024-07-29,3192.06,54.0,0.18093987689929142,-0.653636240227991,0.11216931216931217,-0.9188608526108996
Dennison Crosswaite,USA,Eclairs,2024-05-25,2447.37,98.0,0.13863482866530732,-0.8271324649032347,0.2052910052910053,-0.5476197306864825
Gigi Bohling,Australia,Raspberry Choco,2024-03-30,7696.46,313.0,0.43683005840455924,0.39578888220841524,0.6603174603174603,1.2663993878078281
Dennison Crosswaite,USA,Organic Choco Syrup,2024-07-18,14731.55,132.0,0.8364860518789163,2.0348085484461245,0.27724867724867724,-0.26075159101761475
Beverie Moffet,Canada,Orange Choco,2024-05-10,9321.64,111.0,0.5291548086884441,0.7744197143905478,0.2328042328042328,-0.4379348537542684
Mallorie Waber,Australia,Choco Coated Almonds,2024-03-18,17609.863750000004,88.0,1.0,2.7053917025852208,0.18412698412698414,-0.6319927129420319
Ches Bonnell,India,Caramel Stuffed Bars,2024-06-15,7437.55,54.0,0.42212165619926467,0.3354686046020726,0.11216931216931217,-0.9188608526108996
Van Tuxwell,Canada,50% Dark Bites,2024-05-12,14581.33,58.0,0.8279522131732683,1.9998106259942114,0.12063492063492064,-0.8851116597086799
Kelci Walkden,New Zealand,Baker's Choco Chips,2024-06-23,3389.96,115.0,0.19218236578124961,-0.6075299371176622,0.24126984126984127,-0.40418566085204866
Beverie Moffet,India,Spicy Special Slims,2024-04-21,3968.38,182.0,0.22504179185048792,-0.4727709282996918,0.38306878306878306,0.16111332026013192
Gigi Bohling,Australia,Almond Choco,2024-08-17,1084.26,120.0,0.061197996831623476,-1.1447068096870658,0.2518518518518518,-0.361999169724274
Rafaelita Blaksland,New Zealand,Eclairs,2024-02-07,17609.863750000004,51.0,1.0,2.7053917025852208,0.10582010582010581,-0.9441727472875644
Kelci Walkden,Canada,Smooth Sliky Salty,2024-03-17,8929.57,121.0,0.5068817282642433,0.6830761152977405,0.25396825396825395,-0.35356187149871904
Jan Morforth,India,Baker's Choco Chips,2024-08-01,15497.27,85.0,0.8799857920845406,2.2132042958824103,0.17777777777777778,-0.6573046076186967
Jehu Rudeforth,Australia,Milk Bars,2024-03-18,9172.13,30.0,0.5206613043289616,0.7395872061640433,0.061375661375661375,-1.121356010024218
Gigi Bohling,Canada,Fruit & Nut Bars,2024-06-14,6093.61,104.0,0.34577385171205444,0.022360443904269493,0.21798941798941798,-0.4969959413331529
Beverie Moffet,UK,Eclairs,2024-04-22,9144.79,156.0,0.5191081479568913,0.7332175935969067,0.328042328042328,-0.058256433604296366
Marney O'Breen,New Zealand,Eclairs,2024-01-18,5902.91,31.0,0.3349403871855793,-0.022068419173748105,0.06349206349206349,-1.112918711798663
Husein Augar,Australia,99% Dark & Pure,2024-08-26,3277.47,131.0,0.18579192831620928,-0.6337376078447006,0.2751322751322751,-0.2691888892431697
Gunar Cockshoot,New Zealand,Fruit & Nut Bars,2024-06-10,9759.53,424.0,0.5540308746637886,0.8764383554667576,0.8952380952380953,2.2029394908444258
Curtice Advani,Canada,70% Dark Bites,2024-01-31,2504.9,7.0,0.14190304688349356,-0.8137292530895044,0.012698412698412698,-1.3154138692119814
Kelci Walkden,New Zealand,Manuka Honey Choco,2024-04-08,1527.99,107.0,0.08640582700641534,-1.0413275783624265,0.22433862433862434,-0.4716840466564881
Dotty Strutley,Australia,Baker's Choco Chips,2024-06-07,3767.49,65.0,0.21362944424312771,-0.5195738349789942,0.13544973544973546,-0.8260505721297953
Barr Faughny,Australia,85% Dark Bars,2024-02-10,9452.18,42.0,0.5365706474891052,0.8048326340874774,0.08677248677248678,-1.0201084313175588
Beverie Moffet,Australia,50% Dark Bites,2024-05-16,764.63,441.0,0.04304015589508837,-1.2191734982325655,0.9312169312169312,2.3463735606788596
Gunar Cockshoot,India,Baker's Choco Chips,2024-03-18,2432.75,473.5,0.13780428198792366,-0.8305386000799553,1.0,2.620585753009395
Van Tuxwell,Australia,50% Dark Bites,2024-07-13,779.04,134.0,0.043858772695437115,-1.2158162883901207,0.2814814814814815,-0.2438769945665049
Oby Sorrel,USA,Manuka Honey Choco,2024-07-25,5050.53,85.0,0.2865175843902103,-0.220654021221156,0.17777777777777778,-0.6573046076186967
Van Tuxwell,Canada,Choco Coated Almonds,2024-08-19,2727.35,293.0,0.1545401951997725,-0.7619033454245594,0.617989417989418,1.0976534232967294
Karlen McCaffrey,Canada,70% Dark Bites,2024-06-24,9089.21,473.5,0.515950707168315,0.7202686884585937,1.0,2.620585753009395
Kelci Walkden,Canada,Fruit & Nut Bars,2024-06-20,881.49,152.0,0.049678848420331594,-1.1919477145970274,0.31957671957671957,-0.0920056265065161
Camilla Castle,India,99% Dark & Pure,2024-08-02,227.55,225.0,0.012529211333582013,-1.344301205531683,0.4740740740740741,0.523917143958994
Madelene Upcott,New Zealand,70% Dark Bites,2024-02-22,14193.58,102.0,0.8059245473623573,1.9094734909207907,0.21375661375661376,-0.5138705377842627
Mallorie Waber,New Zealand,Orange Choco,2024-02-01,7459.88,23.0,0.4233901997906448,0.34067099848005966,0.04656084656084656,-1.1804170976031025
Jan Morforth,Canada,70% Dark Bites,2024-02-14,6578.55,312.0,0.3733227782326043,0.1353406896360676,0.6582010582010582,1.2579620895822732
Kelci Walkden,Australia,Milk Bars,2024-02-24,8975.44,137.0,0.5094875542623,0.693762806170256,0.2878306878306878,-0.2185650998898401
Dennison Crosswaite,India,Orange Choco,2024-03-18,852.29,123.0,0.04802002742309471,-1.198750665839178,0.2582010582010582,-0.33668727504760915
Husein Augar,UK,Eclairs,2024-08-30,1955.2,250.0,0.11067517352112662,-0.9417971400008117,0.526984126984127,0.7348495995978673
Gigi Bohling,USA,Peanut Butter Cubes,2024-05-09,323.29,72.0,0.017968099082741575,-1.3219959126575909,0.15026455026455027,-0.7669894845509108
Wilone O'Kielt,USA,Smooth Sliky Salty,2024-01-18,542.39,86.0,0.03041493745584436,-1.2709504805632348,0.17989417989417988,-0.6488673093931417
Curtice Advani,India,White Choc,2024-07-04,7666.62,347.0,0.43513487968683495,0.38883682518561474,0.7322751322751323,1.5532675274766958
Oby Sorrel,New Zealand,Spicy Special Slims,2024-06-03,1826.32,13.0,0.1033536375579797,-0.9718233165791804,0.025396825396825397,-1.2647900798586518
Beverie Moffet,New Zealand,Peanut Butter Cubes,2024-02-23,11510.68,30.0,0.6535118469004794,1.2844173988808665,0.061375661375661375,-1.121356010024218
Dotty Strutley,New Zealand,99% Dark & Pure,2024-05-09,12263.85,223.0,0.6962986349309213,1.459889275149721,0.46984126984126984,0.5070425475078841
Kelci Walkden,India,70% Dark Bites,2024-06-06,3878.6,108.0,0.2199414853733671,-0.4936876735914822,0.22645502645502646,-0.46324674843093316
Kelci Walkden,India,Drinking Coco,2024-07-04,8328.52,238.0,0.4727367159221464,0.5430448192671035,0.5015873015873016,0.6336020208912082
Brien Boise,New Zealand,Drinking Coco,2024-06-06,1666.46,98.0,0.09427216068749039,-1.0090671448521322,0.2052910052910053,-0.5476197306864825
Dotty Strutley,Australia,Almond Choco,2024-05-13,1754.11,95.0,0.09925146412611412,-0.9886466422365673,0.19894179894179895,-0.5729316253631473
Wilone O'Kielt,New Zealand,Organic Choco Syrup,2024-01-31,2390.7,274.0,0.13541546613402602,-0.8403353158242166,0.5777777777777777,0.9373447570111858
Ches Bonnell,New Zealand,Caramel Stuffed Bars,2024-06-30,8546.72,41.0,0.4851324262508137,0.5938805713574202,0.08465608465608465,-1.0285457295431137
Barr Faughny,Canada,Manuka Honey Choco,2024-08-25,4115.57,274.0,0.23340349947320355,-0.43847892852804315,0.5777777777777777,0.9373447570111858
Gigi Bohling,New Zealand,Smooth Sliky Salty,2024-01-10,787.38,95.0,0.04433255924053834,-1.213873253686027,0.19894179894179895,-0.5729316253631473
Brien Boise,USA,Manuka Honey Choco,2024-08-22,2095.78,8.0,0.11866137406193351,-0.9090451233699374,0.014814814814814815,-1.3069765709864265
Roddy Speechley,New Zealand,85% Dark Bars,2024-04-14,5220.8,267.0,0.29619044230800223,-0.180984894234821,0.562962962962963,0.8782836694323013
Oby Sorrel,UK,Smooth Sliky Salty,2024-05-31,11264.45,340.0,0.6395237820323411,1.2270512795536497,0.7174603174603175,1.4942064398978114
Oby Sorrel,UK,Raspberry Choco,2024-04-08,5477.33,341.0,0.31076363924023437,-0.1212191037502701,0.7195767195767195,1.5026437381233664
Roddy Speechley,USA,Drinking Coco,2024-02-21,3389.0,160.0,0.19212782920051855,-0.6077535957886371,0.33650793650793653,-0.02450724070207663
Andria Kimpton,Australia,Manuka Honey Choco,2024-03-30,11559.52,413.0,0.6562863954451729,1.2957960337667103,0.8719576719576719,2.1101292103633216
Mallorie Waber,India,Raspberry Choco,2024-03-02,1676.82,2.0,0.0948607012878799,-1.0066534950278623,0.0021164021164021165,-1.3576003603397562
Jehu Rudeforth,USA,Orange Choco,2024-07-28,437.48,174.0,0.0244551117428265,-1.2953921797007013,0.36613756613756615,0.09361493445569244
Kaine Padly,New Zealand,70% Dark Bites,2024-03-24,8487.63,40.0,0.4817755860889395,0.5801139142033559,0.08253968253968254,-1.0369830277686687
Curtice Advani,Australia,After Nines,2024-08-11,71.99,101.0,0.003692012897617297,-1.3805432293408937,0.21164021164021163,-0.5223078360098177
Husein Augar,UK,Almond Choco,2024-05-17,9863.62,167.0,0.5599441170474321,0.9006890128227664,0.3513227513227513,0.0345538468768079
Kaine Padly,Canada,Choco Coated Almonds,2024-05-18,3468.53,166.0,0.1966458440604586,-0.5892248727650673,0.3492063492063492,0.02611654865125297
Roddy Speechley,UK,Peanut Butter Cubes,2024-08-17,6770.35,173.0,0.38421873259116707,0.18002582827457725,0.364021164021164,0.08517763623013751
Ches Bonnell,New Zealand,Eclairs,2024-04-04,564.14,50.0,0.03165053186303279,-1.2658832137989617,0.1037037037037037,-0.9526100455131193
Brien Boise,India,85% Dark Bars,2024-08-09,17609.863750000004,210.0,1.0,2.7053917025852208,0.44232804232804235,0.39735767057567006
Brien Boise,New Zealand,Organic Choco Syrup,2024-01-17,677.38,327.0,0.038083576031769255,-1.2395008097352245,0.68994708994709,1.3845215629655974
Andria Kimpton,Canada,White Choc,2024-02-14,4368.01,29.0,0.247744347847946,-0.37966601717295767,0.05925925925925926,-1.1297933082497729
Gigi Bohling,New Zealand,Orange Choco,2024-05-16,9866.2,306.0,0.5600906841081468,0.9012900955010111,0.6455026455026455,1.2073383002289437
Ches Bonnell,Canada,Smooth Sliky Salty,2024-03-16,10723.86,125.0,0.6088134380975367,1.1011058202387805,0.2624338624338624,-0.3198126785964993
Husein Augar,Canada,70% Dark Bites,2024-01-31,5443.42,284.0,0.3088372481437856,-0.12911938034689083,0.5989417989417989,1.0217177392667351
Barr Faughny,Canada,Organic Choco Syrup,2024-03-10,1312.35,200.0,0.07415554755969747,-1.0915669073301437,0.4211640211640212,0.3129846883201207
Oby Sorrel,UK,Organic Choco Syrup,2024-06-30,8471.68,162.0,0.48086948352366804,0.5763979185762226,0.34074074074074073,-0.007632644250966762
Van Tuxwell,New Zealand,Eclairs,2024-03-01,5774.6,178.0,0.3276512323172415,-0.051961798416225405,0.3746031746031746,0.12736412735791217
Mallorie Waber,UK,Drinking Coco,2024-05-27,3780.02,97.0,0.21434126023954478,-0.5166546233672084,0.20317460317460317,-0.5560570289120375
Oby Sorrel,UK,Milk Bars,2024-07-11,6831.03,243.0,0.38766589896487713,0.19416292010244346,0.5121693121693122,0.6757885120189828
Karlen McCaffrey,New Zealand,Mint Chip Choco,2024-03-02,4834.51,63.0,0.2742457175469531,-0.27098188174613425,0.1312169312169312,-0.8429251685809052
Jehu Rudeforth,USA,Raspberry Choco,2024-03-04,8119.65,143.0,0.4608710329874591,0.49438274988532277,0.30052910052910053,-0.16794131053651049
Kelci Walkden,UK,85% Dark Bars,2024-06-23,4811.88,242.0,0.27296013127409446,-0.27625416895880095,0.5100529100529101,0.6673512137934279
Kelci Walkden,USA,Almond Choco,2024-01-27,5930.01,252.0,0.33647990941246697,-0.015754721274354847,0.5312169312169313,0.7517241960489772
Marney O'Breen,Canada,Orange Choco,2024-01-14,3040.05,426.0,0.17230435019415516,-0.6890511929101591,0.8994708994708994,2.2198140872955356
Dennison Crosswaite,India,Fruit & Nut Bars,2024-07-29,1126.87,23.0,0.06361862569094756,-1.134779626384736,0.04656084656084656,-1.1804170976031025
Brien Boise,Canada,Smooth Sliky Salty,2024-05-13,6051.65,473.5,0.3433901486626003,0.012584696160412011,1.0,2.620585753009395
Barr Faughny,Canada,Baker's Choco Chips,2024-02-03,12279.35,162.0,0.6971791734739751,1.4635004307748352,0.34074074074074073,-0.007632644250966762
Brien Boise,India,Smooth Sliky Salty,2024-05-27,7091.66,28.0,0.40247201254398157,0.2548839194942827,0.05714285714285714,-1.1382306064753278
Jan Morforth,Australia,Drinking Coco,2024-02-18,3160.97,25.0,0.17917368700874023,-0.6608795194786233,0.050793650793650794,-1.1635425011519926
Brien Boise,India,Spicy Special Slims,2024-01-28,1408.28,35.0,0.07960522900712673,-1.069217348677421,0.07195767195767196,-1.0791695188964434
Van Tuxwell,UK,Eclairs,2024-06-29,5776.61,114.0,0.32776541828314715,-0.05149351307387205,0.23915343915343915,-0.41262295907760355
Wilone O'Kielt,India,Caramel Stuffed Bars,2024-01-13,4890.59,274.0,0.2774315628046601,-0.2579164877166889,0.5777777777777777,0.9373447570111858
Jehu Rudeforth,UK,After Nines,2024-06-27,2048.13,172.0,0.11595442815377127,-0.9201465146948852,0.3619047619047619,0.07674033800458258
Barr Faughny,Canada,White Choc,2024-03-29,4590.46,1.0,0.2603814961642249,-0.3278401095080126,0.0,-1.3660376585653111
Gunar Cockshoot,India,Organic Choco Syrup,2024-06-03,8665.99,162.0,0.49190802831726727,0.6216678314482182,0.34074074074074073,-0.007632644250966762
Mallorie Waber,Canada,Smooth Sliky Salty,2024-03-21,2202.46,97.0,0.12472175159567428,-0.8841910535578613,0.20317460317460317,-0.5560570289120375
Mallorie Waber,India,Eclairs,2024-04-12,11720.11,48.0,0.665409342840593,1.333209935820716,0.09947089947089947,-0.9694846419642292
Rafaelita Blaksland,Australia,Raspberry Choco,2024-01-19,7884.86,266.0,0.4475328623730328,0.4396818963872223,0.5608465608465608,0.8698463712067463
Karlen McCaffrey,UK,50% Dark Bites,2024-04-06,3857.88,303.0,0.21876440417258808,-0.49851497324002186,0.6391534391534391,1.182026405552279
Kaine Padly,Australia,50% Dark Bites,2024-08-02,10123.96,84.0,0.5747337560344405,0.9613424486577482,0.17566137566137566,-0.6657419058442515
Gigi Bohling,Australia,Eclairs,2024-04-12,8170.88,137.0,0.46378135489459765,0.5063182016707809,0.2878306878306878,-0.2185650998898401
Oby Sorrel,India,Drinking Coco,2024-07-21,17609.863750000004,141.0,1.0,2.7053917025852208,0.2962962962962963,-0.18481590698762038
Van Tuxwell,New Zealand,Baker's Choco Chips,2024-03-22,10197.43,24.0,0.5789075087285157,0.9784593263207897,0.04867724867724868,-1.1719797993775476
Husein Augar,India,Peanut Butter Cubes,2024-05-09,5188.18,5.0,0.2943373347419109,-0.18858462949231933,0.008465608465608466,-1.3322884656630913
Andria Kimpton,Australia,Baker's Choco Chips,2024-08-09,350.27,117.0,0.019500804237037844,-1.3157101720920694,0.2455026455026455,-0.38731106440093876
Madelene Upcott,Canada,Choco Coated Almonds,2024-07-20,3766.32,300.0,0.21356297778536174,-0.5198464189842447,0.6328042328042328,1.156714510875614
Brien Boise,India,70% Dark Bites,2024-04-14,4888.37,435.0,0.27730544696171944,-0.2584336983933182,0.9185185185185185,2.29574977132553
Jehu Rudeforth,Canada,White Choc,2024-01-25,5230.36,142.0,0.2967335357577825,-0.1787576266363636,0.2984126984126984,-0.17637860876206543
Andria Kimpton,Australia,Almond Choco,2024-04-25,3790.18,168.0,0.214918439052282,-0.5142875690993917,0.35343915343915344,0.04299114510236284
Dotty Strutley,Canada,After Nines,2024-01-17,302.18,233.0,0.016768862396040526,-1.326914073641214,0.491005291005291,0.5914155297634335
Karlen McCaffrey,USA,Eclairs,2024-08-15,1017.17,123.0,0.05738668516365695,-1.1603372890992536,0.2582010582010582,-0.33668727504760915
Karlen McCaffrey,Canada,Fruit & Nut Bars,2024-06-02,241.36,17.0,0.01331374277097384,-1.3410837823585975,0.033862433862433865,-1.2310408869564322
Gunar Cockshoot,USA,85% Dark Bars,2024-06-30,8347.3,138.0,0.473803587782698,0.547420142018048,0.28994708994708995,-0.21012780166428516
Dotty Strutley,New Zealand,Raspberry Choco,2024-02-10,6291.74,88.0,0.35702940664981275,0.06852033190451931,0.18412698412698414,-0.6319927129420319
Marney O'Breen,Canada,Caramel Stuffed Bars,2024-02-23,1543.77,473.5,0.0873022720521824,-1.0376511889582778,1.0,2.620585753009395
Dennison Crosswaite,India,Organic Choco Syrup,2024-01-27,9744.5,225.0,0.5531770363217177,0.8729366993993081,0.4740740740740741,0.523917143958994
Camilla Castle,UK,Mint Chip Choco,2024-05-26,5414.75,325.0,0.30720853588382735,-0.13579885336444075,0.6857142857142857,1.3676469665144875
Brien Boise,USA,70% Dark Bites,2024-04-14,1898.07,22.0,0.10742967887824499,-0.9551071607016358,0.044444444444444446,-1.1888543958286575
Madelene Upcott,Australia,99% Dark & Pure,2024-08-01,4911.08,163.0,0.27859557794963896,-0.25314277295807025,0.34285714285714286,0.0008046539745881715
Mallorie Waber,Australia,Eclairs,2024-08-22,11293.17,219.0,0.6411553347392124,1.2337424014603127,0.4613756613756614,0.47329335460566446
Marney O'Breen,India,99% Dark & Pure,2024-07-22,12398.37,161.0,0.7039405733058632,1.4912294464200668,0.3386243386243386,-0.016069942476521694
Husein Augar,USA,Fruit & Nut Bars,2024-04-28,1508.57,28.0,0.08530259742537628,-1.0458520068940211,0.05714285714285714,-1.1382306064753278
Kelci Walkden,Australia,Almond Choco,2024-05-30,5869.09,354.0,0.3330191088935741,-0.029947727769964908,0.7470899470899471,1.6123286150555804
Ches Bonnell,USA,Milk Bars,2024-07-21,2770.47,159.0,0.15698979661760998,-0.751857343453274,0.3343915343915344,-0.032944538927631564
Jan Morforth,UK,Caramel Stuffed Bars,2024-08-02,3541.73,473.5,0.2008042583412031,-0.5721708991032378,1.0,2.620585753009395
Brien Boise,New Zealand,70% Dark Bites,2024-06-15,7624.41,139.0,0.43273697440281544,0.3790028329961909,0.2920634920634921,-0.20169050343873024
Oby Sorrel,India,85% Dark Bars,2024-07-05,9928.42,130.0,0.5636253362467796,0.915785973113566,0.273015873015873,-0.27762618746872464
Kaine Padly,New Zealand,Smooth Sliky Salty,2024-04-12,7.67,473.5,3.806198863522987e-05,-1.395528360296206,1.0,2.620585753009395
Gigi Bohling,Australia,70% Dark Bites,2024-08-18,1624.86,103.0,0.09190890885581043,-1.0187590205943742,0.21587301587301588,-0.5054332395587079
Jan Morforth,UK,50% Dark Bites,2024-01-12,6301.56,287.0,0.3575872704235411,0.07080817372636598,0.6052910052910053,1.0470296339434
Gunar Cockshoot,Canada,White Choc,2024-08-11,8578.4,15.0,0.48693213341493924,0.6012613074995892,0.02962962962962963,-1.2479154834075419
Jehu Rudeforth,Australia,Spicy Special Slims,2024-01-13,5573.57,372.0,0.31623093145852466,-0.09879732198504511,0.7851851851851852,1.7641999831155692
Husein Augar,UK,Baker's Choco Chips,2024-04-29,3465.68,133.0,0.1964839385864132,-0.5898888594445238,0.27936507936507937,-0.25231429279205986
Rafaelita Blaksland,New Zealand,After Nines,2024-07-07,1245.91,90.0,0.07038116170160096,-1.107045951183859,0.18835978835978837,-0.615118116490922
Madelene Upcott,New Zealand,Mint Chip Choco,2024-03-11,8888.61,4.0,0.5045548341530507,0.6735333453361486,0.006349206349206349,-1.3407257638886463
Madelene Upcott,UK,70% Dark Bites,2024-02-16,5931.82,243.0,0.33658273359072033,-0.015333031488454538,0.5121693121693122,0.6757885120189828
Barr Faughny,Australia,Organic Choco Syrup,2024-01-07,2620.66,34.0,0.1484792495766491,-0.7867597450144582,0.06984126984126984,-1.0876068171219981
Beverie Moffet,New Zealand,Drinking Coco,2024-01-12,1284.37,473.5,0.07256603346713966,-1.0980856256779306,1.0,2.620585753009395
Beverie Moffet,India,Eclairs,2024-06-09,11033.61,155.0,0.6264100067240479,1.1732706882954975,0.32592592592592595,-0.06669373182985129
Andria Kimpton,India,Eclairs,2024-05-16,2413.05,82.0,0.13668514590417138,-0.8351282623905841,0.17142857142857143,-0.6826165022953614
Gigi Bohling,UK,85% Dark Bars,2024-06-23,13136.08,90.0,0.7458490951507818,1.6630994861750976,0.18835978835978837,-0.615118116490922
Roddy Speechley,UK,Raspberry Choco,2024-01-28,14297.82,211.0,0.8118463110867399,1.933759094944139,0.4444444444444444,0.40579496880122495
Dotty Strutley,UK,Mint Chip Choco,2024-07-14,2837.65,212.0,0.16080622109002005,-0.7362058960406823,0.44656084656084655,0.4142322670267799
Barr Faughny,Canada,Drinking Coco,2024-04-18,7496.03,259.0,0.42544384290879933,0.3490931453089549,0.546031746031746,0.8107852836278617
Oby Sorrel,USA,Milk Bars,2024-06-14,1815.29,79.0,0.10272703496895495,-0.9743930615175681,0.16507936507936508,-0.7079283969720263
Oby Sorrel,UK,Orange Choco,2024-04-15,8250.03,228.0,0.46827778235799833,0.5247583931370899,0.4804232804232804,0.5492290386356589
Curtice Advani,Canada,Peanut Butter Cubes,2024-05-19,5605.82,64.0,0.31806301971745926,-0.09128378850698496,0.13333333333333333,-0.8344878703553502
Gigi Bohling,India,White Choc,2024-04-13,1563.39,179.0,0.08841686342087376,-1.0330801648702301,0.37671957671957673,0.1358014255834671
Husein Augar,Canada,Choco Coated Almonds,2024-08-15,3997.02,411.0,0.22666879984229835,-0.4660984446156099,0.8677248677248677,2.0932546139122117
Wilone O'Kielt,India,Choco Coated Almonds,2024-08-22,3284.22,230.0,0.18617538864947467,-0.632165007814409,0.4846560846560847,0.5661036350867688
Wilone O'Kielt,New Zealand,Baker's Choco Chips,2024-04-22,4609.67,58.0,0.2614727958682291,-0.3233646063106937,0.12063492063492064,-0.8851116597086799
Kaine Padly,UK,Choco Coated Almonds,2024-08-03,9412.06,123.0,0.5342914728860523,0.7954855654629881,0.2582010582010582,-0.33668727504760915
Dennison Crosswaite,New Zealand,Organic Choco Syrup,2024-01-04,427.36,249.0,0.023880205287619746,-1.2977499148572276,0.5248677248677248,0.7264123013723125
Kelci Walkden,Canada,After Nines,2024-01-13,17609.863750000004,204.0,1.0,2.7053917025852208,0.42962962962962964,0.34673388122234045
Van Tuxwell,Australia,Baker's Choco Chips,2024-05-11,14122.44,32.0,0.8018831594944316,1.892899451490428,0.0656084656084656,-1.104481413573108
Husein Augar,New Zealand,Peanut Butter Cubes,2024-02-16,2257.14,231.0,0.1278280643398151,-0.8714518284235876,0.48677248677248675,0.5745409333123237
Kaine Padly,UK,Caramel Stuffed Bars,2024-05-20,11334.21,72.0,0.6434867735654658,1.2433038096444857,0.15026455026455027,-0.7669894845509108
Jehu Rudeforth,UK,Drinking Coco,2024-02-03,7865.93,436.0,0.44645746917174195,0.43527162696893784,0.9206349206349206,2.304187069551085
Beverie Moffet,India,Manuka Honey Choco,2024-05-06,11462.32,172.0,0.6507645666461513,1.2731505933305103,0.3619047619047619,0.07674033800458258
Gunar Cockshoot,UK,Choco Coated Almonds,2024-06-30,6154.53,132.0,0.3492346522309473,0.036553450399879554,0.27724867724867724,-0.26075159101761475
Gunar Cockshoot,UK,Smooth Sliky Salty,2024-03-22,867.5,143.0,0.04888409137405269,-1.1952070737709206,0.30052910052910053,-0.16794131053651049
Camilla Castle,Canada,Orange Choco,2024-02-17,9056.1,58.0,0.5140697632224756,0.7125547940877855,0.12063492063492064,-0.8851116597086799
Jehu Rudeforth,UK,85% Dark Bars,2024-07-07,6569.4,66.0,0.37280297644751115,0.1332089429283388,0.13756613756613756,-0.8176132739042403
Oby Sorrel,UK,70% Dark Bites,2024-03-16,7431.0,180.0,0.4217495576536516,0.333942600128234,0.37883597883597886,0.14423872380902203
Kelci Walkden,UK,99% Dark & Pure,2024-08-12,3672.65,124.0,0.20824168453840355,-0.5416694478490476,0.26031746031746034,-0.32824997682205426
Gigi Bohling,New Zealand,After Nines,2024-01-21,6464.8,189.0,0.3668607615053544,0.10883946690337486,0.3978835978835979,0.22017440783901643
Oby Sorrel,Australia,50% Dark Bites,2024-05-06,813.58,163.0,0.04582095342299061,-1.2077692357906729,0.34285714285714286,0.0008046539745881715
Oby Sorrel,Canada,50% Dark Bites,2024-06-24,7301.81,134.0,0.4144104109196436,0.3038442004373631,0.2814814814814815,-0.2438769945665049
Barr Faughny,USA,White Choc,2024-05-05,8523.42,171.0,0.4838087779893199,0.5884521890306359,0.35978835978835977,0.06830303977902764
Rafaelita Blaksland,New Zealand,99% Dark & Pure,2024-03-25,3822.64,85.0,0.2167624571882515,-0.5067251102870557,0.17777777777777778,-0.6573046076186967
Curtice Advani,Australia,Caramel Stuffed Bars,2024-02-14,10219.39,139.0,0.5801550330127391,0.9835755184193383,0.2920634920634921,-0.20169050343873024
Curtice Advani,New Zealand,85% Dark Bars,2024-05-12,5798.43,206.0,0.3290049893160139,-0.04640993786484021,0.43386243386243384,0.36360847767345034
Barr Faughny,New Zealand,Smooth Sliky Salty,2024-01-25,4487.01,184.0,0.2545046115010689,-0.35194166108337144,0.3873015873015873,0.17798791671124178
Ches Bonnell,UK,85% Dark Bars,2024-06-28,17237.67,13.0,0.9788560682349197,2.618678828137165,0.025396825396825397,-1.2647900798586518
Dennison Crosswaite,Australia,Drinking Coco,2024-07-13,7497.22,184.0,0.42551144554533055,0.3493703888698509,0.3873015873015873,0.17798791671124178
Roddy Speechley,USA,Milk Bars,2024-05-16,3034.06,245.0,0.17196406465396855,-0.690446729825929,0.5164021164021164,0.6926631084700927
Jan Morforth,India,After Nines,2024-03-14,6795.06,177.0,0.3856224814556097,0.18578270927435606,0.3724867724867725,0.11892682913235723
Gunar Cockshoot,USA,After Nines,2024-08-15,4273.09,280.0,0.24235204342816088,-0.4017802682655924,0.5904761904761905,0.9879685463645154
Ches Bonnell,India,Orange Choco,2024-02-16,1412.6,278.0,0.07985064362041656,-1.0682108846580343,0.5862433862433862,0.9710939499134055
Mallorie Waber,UK,Manuka Honey Choco,2024-06-15,9852.89,43.0,0.5593345571398857,0.8981891612190579,0.08888888888888889,-1.0116711330920038
Barr Faughny,Australia,Raspberry Choco,2024-05-27,10744.23,105.0,0.6099706361699242,1.105851577663527,0.2201058201058201,-0.48855864310759795
Wilone O'Kielt,USA,Drinking Coco,2024-06-14,1213.63,101.0,0.06854736917451854,-1.114566473995387,0.21164021164021163,-0.5223078360098177
Wilone O'Kielt,India,Eclairs,2024-02-25,4263.93,80.0,0.24183167355368523,-0.4039143447511437,0.1671957671957672,-0.6994910987464713
Wilone O'Kielt,India,After Nines,2024-08-04,13808.46,270.0,0.784046289059074,1.8197490874147277,0.5693121693121693,0.903595564108966
Kelci Walkden,India,99% Dark & Pure,2024-06-28,2411.93,248.0,0.13662151989331844,-0.8353891975067216,0.5227513227513227,0.7179750031467576
Gunar Cockshoot,Canada,Spicy Special Slims,2024-04-05,14603.41,12.0,0.829206554530083,2.004954775426632,0.02328042328042328,-1.2732273780842067
Madelene Upcott,Canada,Peanut Butter Cubes,2024-07-05,17609.863750000004,120.0,1.0,2.7053917025852208,0.2518518518518518,-0.361999169724274
Kaine Padly,New Zealand,Eclairs,2024-01-20,14346.28,48.0,0.814599272234894,1.945049198272722,0.09947089947089947,-0.9694846419642292
Ches Bonnell,New Zealand,Drinking Coco,2024-02-16,10009.51,144.0,0.5682319730504076,0.9346781414774699,0.30264550264550266,-0.15950401231095557
Curtice Advani,UK,Drinking Coco,2024-07-12,494.27,186.0,0.02768129134669919,-1.2821613714458473,0.3915343915343915,0.19486251316235165
Kelci Walkden,India,Raspberry Choco,2024-06-16,9118.67,253.0,0.5176242984895,0.7271322139241335,0.5333333333333333,0.7601614942745322
Dotty Strutley,Australia,Choco Coated Almonds,2024-04-13,1751.26,293.0,0.09908955865206874,-0.9893106289160236,0.617989417989418,1.0976534232967294
Kaine Padly,UK,50% Dark Bites,2024-02-21,3402.47,69.0,0.19289304559890144,-0.6046153850615218,0.1439153439153439,-0.7923013792275756
Roddy Speechley,Canada,Choco Coated Almonds,2024-05-11,6841.28,237.0,0.3882481905820579,0.19655094237066412,0.49947089947089945,0.6251647226656533
Ches Bonnell,India,50% Dark Bites,2024-04-15,12584.46,328.0,0.7145121486269526,1.5345842819218405,0.692063492063492,1.392958861191152
Oby Sorrel,Canada,Peanut Butter Cubes,2024-06-07,14291.3,179.0,0.8114759168092747,1.9322400798037684,0.37671957671957673,0.1358014255834671
Oby Sorrel,UK,White Choc,2024-06-27,1998.41,303.0,0.11312988774340764,-0.9317301700291225,0.6391534391534391,1.182026405552279
Barr Faughny,India,After Nines,2024-07-29,9558.06,117.0,0.5425855778722367,0.829500321673741,0.2455026455026455,-0.38731106440093876
Wilone O'Kielt,Canada,Smooth Sliky Salty,2024-06-02,5594.84,174.0,0.3174392575753476,-0.09384188455625929,0.36613756613756615,0.09361493445569244
Rafaelita Blaksland,India,Mint Chip Choco,2024-01-26,16520.75,84.0,0.9381286042164586,2.451652396475433,0.17566137566137566,-0.6657419058442515
Rafaelita Blaksland,Canada,99% Dark & Pure,2024-03-02,5545.62,139.0,0.31464312163411473,-0.10530905099936384,0.2920634920634921,-0.20169050343873024
Van Tuxwell,Australia,70% Dark Bites,2024-01-10,8260.58,108.0,0.46887711665665754,0.52721630873999,0.22645502645502646,-0.46324674843093316
Beverie Moffet,USA,70% Dark Bites,2024-06-27,2636.16,110.0,0.14935978811970294,-0.783148589389344,0.2306878306878307,-0.44637215197982333
Barr Faughny,Canada,Orange Choco,2024-06-30,8285.38,18.0,0.4702859783255436,0.5329941577401726,0.03597883597883598,-1.2226035887308773
Roddy Speechley,Australia,85% Dark Bars,2024-07-08,4590.0,78.0,0.2603553640526246,-0.3279472792878548,0.16296296296296298,-0.7163656951975812
Oby Sorrel,India,Spicy Special Slims,2024-06-08,13189.14,95.0,0.7488633774149389,1.6754612873021013,0.19894179894179895,-0.5729316253631473
Jan Morforth,UK,Manuka Honey Choco,2024-08-18,3768.3,212.0,0.21367545948311958,-0.5193851229753591,0.44656084656084655,0.4142322670267799
Kaine Padly,Australia,After Nines,2024-04-08,7962.71,293.0,0.4519554382166935,0.4578192167365862,0.617989417989418,1.0976534232967294
Wilone O'Kielt,Canada,Fruit & Nut Bars,2024-08-08,3665.13,191.0,0.2078144813226768,-0.5434214407716836,0.4021164021164021,0.23704900429012632
Wilone O'Kielt,UK,Milk Bars,2024-08-26,334.81,66.0,0.018622538051514485,-1.319312008605893,0.13756613756613756,-0.8176132739042403
Oby Sorrel,Canada,Fruit & Nut Bars,2024-01-14,2187.5,159.0,0.12387188987928169,-0.8876764011805521,0.3343915343915344,-0.032944538927631564
Dennison Crosswaite,USA,Baker's Choco Chips,2024-08-11,17609.863750000004,295.0,1.0,2.7053917025852208,0.6222222222222222,1.1145280197478393
Madelene Upcott,USA,Almond Choco,2024-05-31,11863.69,24.0,0.6735659701961846,1.3666608857983864,0.04867724867724868,-1.1719797993775476
Van Tuxwell,New Zealand,50% Dark Bites,2024-07-11,4332.41,10.0,0.24572194964583527,-0.3879600262216071,0.01904761904761905,-1.2901019745353166
Karlen McCaffrey,Canada,Caramel Stuffed Bars,2024-03-02,3653.33,327.0,0.20714413585119062,-0.5461705786024158,0.68994708994709,1.3845215629655974
Madelene Upcott,Australia,Raspberry Choco,2024-07-13,7023.94,89.0,0.39862491124491023,0.23910666407926767,0.18624338624338624,-0.6235554147164769
Rafaelita Blaksland,UK,Spicy Special Slims,2024-08-03,10001.95,132.0,0.5678024974771505,0.9329168294435434,0.27724867724867724,-0.26075159101761475
Curtice Advani,UK,Peanut Butter Cubes,2024-03-01,16460.65,171.0,0.9347143870269403,2.437650431761281,0.35978835978835977,0.06830303977902764
Kelci Walkden,New Zealand,White Choc,2024-04-13,8575.27,165.0,0.48675432143818065,0.6005320870410985,0.3470899470899471,0.01767925042569804
Beverie Moffet,Canada,Fruit & Nut Bars,2024-02-14,12191.42,177.0,0.6921839635326381,1.4430146943802358,0.3724867724867725,0.11892682913235723
Mallorie Waber,India,White Choc,2024-07-26,969.15,233.0,0.05465871994833794,-1.1715248822036397,0.491005291005291,0.5914155297634335
Brien Boise,UK,Drinking Coco,2024-01-27,6498.96,143.0,0.3688013548363685,0.11679798794556193,0.30052910052910053,-0.16794131053651049
Jehu Rudeforth,India,Peanut Butter Cubes,2024-04-14,33.68,473.5,0.0015156624728178104,-1.389468608179482,1.0,2.620585753009395
Oby Sorrel,USA,Almond Choco,2024-05-19,7640.61,154.0,0.43365727920265235,0.38277707306889086,0.3238095238095238,-0.07513103005540624
Husein Augar,India,Eclairs,2024-02-09,5596.93,62.0,0.3175579882563142,-0.09335496099132451,0.1291005291005291,-0.8513624668064601
Brien Boise,UK,Spicy Special Slims,2024-05-25,2639.55,59.0,0.14955237042040956,-0.7823587947074642,0.12275132275132275,-0.8766743614831249
Oby Sorrel,Australia,Manuka Honey Choco,2024-01-26,4626.87,78.0,0.26244990960632747,-0.31935738845572836,0.16296296296296298,-0.7163656951975812
Beverie Moffet,India,White Choc,2024-07-04,1900.09,297.0,0.1075444329335333,-0.9546365455814595,0.6264550264550265,1.1314026161989492
Ches Bonnell,India,Almond Choco,2024-04-13,13315.47,72.0,0.7560400505855188,1.704893370535693,0.15026455026455027,-0.7669894845509108
Gigi Bohling,Australia,Smooth Sliky Salty,2024-01-25,6359.09,121.0,0.36085548864172734,0.08421138554009616,0.25396825396825395,-0.35356187149871904
Camilla Castle,USA,85% Dark Bars,2024-04-25,2644.65,83.0,0.14984209600554338,-0.7811706080179104,0.17354497354497356,-0.6741792040698065
Camilla Castle,USA,Eclairs,2024-06-10,4879.55,427.0,0.2768043921262527,-0.26048856243289925,0.9015873015873016,2.228251385521091
Madelene Upcott,New Zealand,White Choc,2024-08-22,11572.5,51.0,0.6570237754638075,1.2988200853805154,0.10582010582010581,-0.9441727472875644
Van Tuxwell,India,After Nines,2024-06-27,15626.93,225.0,0.8873516390195315,2.243412195130946,0.4740740740740741,0.523917143958994
Husein Augar,India,Orange Choco,2024-06-30,4781.14,38.0,0.2712138245119348,-0.28341590598564026,0.07830687830687831,-1.0538576242197786
Jehu Rudeforth,India,Almond Choco,2024-08-30,11793.4,101.0,0.669572869925781,1.350284877482949,0.21164021164021163,-0.5223078360098177
Karlen McCaffrey,Australia,Raspberry Choco,2024-08-23,1061.03,58.0,0.05987832519580797,-1.1501188835690919,0.12063492063492064,-0.8851116597086799
Camilla Castle,New Zealand,99% Dark & Pure,2024-08-26,2499.92,44.0,0.1416201383709511,-0.8148894824451862,0.091005291005291,-1.003233834866449
Gigi Bohling,Australia,Orange Choco,2024-03-09,676.29,158.0,0.03802165428906418,-1.2397547555178938,0.3322751322751323,-0.041381837153186496
Kelci Walkden,UK,Drinking Coco,2024-04-20,1886.06,23.0,0.10674740352972394,-0.9579052238666437,0.04656084656084656,-1.1804170976031025
Mallorie Waber,Canada,Caramel Stuffed Bars,2024-06-10,5093.92,473.5,0.2889825242213784,-0.21054511524865888,1.0,2.620585753009395
Husein Augar,Australia,Organic Choco Syrup,2024-02-08,1018.8,157.0,0.05747928373302325,-1.159957535314161,0.33015873015873015,-0.04981913537874143
Brien Boise,Australia,White Choc,2024-08-25,5616.77,23.0,0.3186850775914231,-0.08873268179117832,0.04656084656084656,-1.1804170976031025
Dotty Strutley,India,Peanut Butter Cubes,2024-02-16,10461.82,78.0,0.5939272239154835,1.0400563221739467,0.16296296296296298,-0.7163656951975812
Dennison Crosswaite,UK,99% Dark & Pure,2024-05-30,12841.79,26.0,0.7291307927097941,1.5945364546322043,0.05291005291005291,-1.1551052029264377
Gigi Bohling,New Zealand,50% Dark Bites,2024-06-29,6723.42,67.0,0.3815526891185531,0.16909218095286052,0.13968253968253969,-0.8091759756786855
Gigi Bohling,USA,Milk Bars,2024-06-16,521.35,127.0,0.02921967739482162,-1.2758523331020994,0.26666666666666666,-0.3029380821453894
Brien Boise,UK,Caramel Stuffed Bars,2024-03-04,3106.11,159.0,0.17605714865571231,-0.6736606806137048,0.3343915343915344,-0.032944538927631564
Curtice Advani,New Zealand,Peanut Butter Cubes,2024-03-15,1684.28,419.0,0.09528449596731098,-1.0049154807721623,0.8846560846560847,2.1607529997166512
Curtice Advani,New Zealand,50% Dark Bites,2024-01-27,11226.14,84.0,0.6373474316075415,1.2181259007150607,0.17566137566137566,-0.6657419058442515
Beverie Moffet,Canada,Drinking Coco,2024-07-05,1172.53,124.0,0.06621252181196936,-1.1241418608464964,0.26031746031746034,-0.32824997682205426
Barr Faughny,USA,Caramel Stuffed Bars,2024-03-29,3917.13,287.0,0.22213033376458413,-0.4847110396407951,0.6052910052910053,1.0470296339434
Mallorie Waber,Canada,Almond Choco,2024-05-12,4871.07,33.0,0.27632265232979486,-0.2624642140265102,0.06772486772486773,-1.096044115347553
Oby Sorrel,USA,Drinking Coco,2024-03-11,9306.64,48.0,0.5283026746145211,0.7709250476565664,0.09947089947089947,-0.9694846419642292
Brien Boise,New Zealand,Eclairs,2024-07-11,5270.33,323.0,0.2990041890200962,-0.16944550467921426,0.6814814814814815,1.3507723700633776
Gunar Cockshoot,New Zealand,Choco Coated Almonds,2024-08-01,14722.35,61.0,0.8359634096469103,2.0326651528492827,0.12698412698412698,-0.859799765032015
Gunar Cockshoot,UK,Spicy Special Slims,2024-02-16,13444.87,197.0,0.7633911271965619,1.7350406955608402,0.4148148148148148,0.2876727936434559
Curtice Advani,USA,After Nines,2024-04-13,14885.97,248.0,0.8452584881252629,2.070784977583552,0.5227513227513227,0.7179750031467576
Oby Sorrel,India,Choco Coated Almonds,2024-02-14,53.31,371.0,0.002630821930891784,-1.3848952543136117,0.783068783068783,1.7557626848900143
Ches Bonnell,Australia,Peanut Butter Cubes,2024-03-14,11767.94,68.0,0.6681265143576424,1.3443532631464714,0.14179894179894179,-0.8007386774531305
Oby Sorrel,Australia,Spicy Special Slims,2024-04-26,12897.53,25.0,0.7322973229284921,1.6075226362156794,0.050793650793650794,-1.1635425011519926
Jehu Rudeforth,Canada,Manuka Honey Choco,2024-04-05,3867.62,214.0,0.21931772323125542,-0.4962457696407566,0.4507936507936508,0.4311068634778898
Camilla Castle,Canada,Drinking Coco,2024-03-03,13524.05,253.0,0.7678892589281102,1.7534878763606165,0.5333333333333333,0.7601614942745322
Kaine Padly,USA,Spicy Special Slims,2024-06-13,2319.1,189.0,0.13134794615449996,-0.8570165250344215,0.3978835978835979,0.22017440783901643
Marney O'Breen,New Zealand,70% Dark Bites,2024-02-14,9036.58,377.0,0.5129608527476104,0.7080070677779643,0.7957671957671958,1.806386474243344
Roddy Speechley,New Zealand,99% Dark & Pure,2024-04-18,8905.53,201.0,0.505516041388436,0.6774753294120798,0.42328042328042326,0.32142198654567566
Oby Sorrel,New Zealand,85% Dark Bars,2024-02-01,4040.65,423.0,0.2291473738186492,-0.45593362397536913,0.8931216931216931,2.194502192618871
Dotty Strutley,New Zealand,Orange Choco,2024-08-04,2204.17,145.0,0.12481889488010152,-0.8837926615501874,0.3047619047619048,-0.15106671408540062
Andria Kimpton,New Zealand,Almond Choco,2024-04-05,7037.21,172.0,0.39937876585564086,0.24219827924993004,0.3619047619047619,0.07674033800458258
Karlen McCaffrey,Australia,99% Dark & Pure,2024-01-26,12285.41,175.0,0.69752343563984,1.4649122761353637,0.3682539682539683,0.10205223268124737
Kaine Padly,UK,After Nines,2024-01-21,17609.863750000004,183.0,1.0,2.7053917025852208,0.3851851851851852,0.16955061848568684
Kaine Padly,Canada,After Nines,2024-08-22,6707.97,187.0,0.3806749910224124,0.16549267421685968,0.39365079365079364,0.20329981138790656
Kaine Padly,UK,Drinking Coco,2024-01-27,2513.58,226.0,0.1423961484676037,-0.8117070059394405,0.47619047619047616,0.532354442184549
Rafaelita Blaksland,UK,50% Dark Bites,2024-02-16,11491.21,71.0,0.6524057768725271,1.2798813214601583,0.14814814814814814,-0.7754267827764657
Dotty Strutley,USA,Raspberry Choco,2024-01-03,3762.58,49.0,0.21335051235626357,-0.5207177558899175,0.10158730158730159,-0.9610473437386743
Karlen McCaffrey,USA,White Choc,2024-08-24,5158.01,2.0,0.2926234090745603,-0.1956135691832674,0.0021164021164021165,-1.3576003603397562
Oby Sorrel,USA,Spicy Special Slims,2024-02-07,6660.69,418.0,0.3779890644214069,0.15447748467134995,0.8825396825396825,2.152315701491096
Mallorie Waber,Australia,Smooth Sliky Salty,2024-02-11,4786.05,107.0,0.271492756398799,-0.282271985074717,0.22433862433862434,-0.4716840466564881
Kaine Padly,Canada,Organic Choco Syrup,2024-03-29,6797.67,82.0,0.38577075278447226,0.18639078128606876,0.17142857142857143,-0.6826165022953614
Marney O'Breen,USA,Peanut Butter Cubes,2024-06-15,782.24,348.0,0.04404056129787404,-1.2150707594868715,0.7343915343915344,1.5617048257022508
Dennison Crosswaite,UK,Smooth Sliky Salty,2024-04-26,653.1,136.0,0.03670425501077913,-1.245157510288629,0.2857142857142857,-0.22700239811539502
Brien Boise,Australia,Organic Choco Syrup,2024-07-15,4768.88,281.0,0.2705173469288484,-0.28627221359621446,0.5925925925925926,0.9964058445900703
Beverie Moffet,India,Organic Choco Syrup,2024-06-23,1123.57,19.0,0.0634311561946845,-1.1355484530662119,0.0380952380952381,-1.2141662905053223
Dennison Crosswaite,Australia,Baker's Choco Chips,2024-01-11,16435.38,425.0,0.9332788251570713,2.4317630832034336,0.8973544973544973,2.211376789069981
Beverie Moffet,UK,50% Dark Bites,2024-02-09,2922.18,289.0,0.16560828064126776,-0.7165122841057855,0.6095238095238096,1.0639042303945099
Van Tuxwell,UK,Almond Choco,2024-06-06,12123.84,222.0,0.6883448154849234,1.427270055854738,0.4677248677248677,0.49860524928232924
Dotty Strutley,UK,Caramel Stuffed Bars,2024-08-10,6448.87,244.0,0.3659557951188481,0.10512813083188648,0.5142857142857142,0.6842258102445378
Wilone O'Kielt,Australia,Smooth Sliky Salty,2024-01-04,2587.61,44.0,0.14660171416710532,-0.7944596607183306,0.091005291005291,-1.003233834866449
Andria Kimpton,Canada,70% Dark Bites,2024-04-08,12109.0,16.0,0.6875017708411222,1.4238126655659191,0.031746031746031744,-1.2394781851819872
Barr Faughny,UK,Milk Bars,2024-03-02,4482.33,467.0,0.25423874567000493,-0.3530319971043737,0.9862433862433863,2.5657433145432877
Van Tuxwell,Canada,Drinking Coco,2024-06-15,5294.88,473.5,0.3003988484544169,-0.1637259001245979,1.0,2.620585753009395
Jehu Rudeforth,Australia,After Nines,2024-02-14,5512.57,46.0,0.3127655862245709,-0.11300896670323637,0.09523809523809523,-0.986359238415339
Husein Augar,UK,After Nines,2024-07-05,3707.27,392.0,0.21020840998101795,-0.5336037570270185,0.8275132275132275,1.932945947626668
Barr Faughny,India,Mint Chip Choco,2024-01-12,7899.01,461.0,0.44833670884943355,0.4429785320062783,0.9735449735449735,2.5151195251899585
Curtice Advani,India,Mint Chip Choco,2024-03-03,9813.42,100.0,0.5570923083467029,0.8889935281530416,0.20952380952380953,-0.5307451342353726
Jehu Rudeforth,New Zealand,Milk Bars,2024-05-18,2845.74,197.0,0.16126580540055588,-0.734321105782155,0.4148148148148148,0.2876727936434559
Gunar Cockshoot,India,Caramel Stuffed Bars,2024-07-28,2941.72,220.0,0.1667183272948982,-0.711959898240319,0.4634920634920635,0.48173065283121935
Curtice Advani,UK,Manuka Honey Choco,2024-02-07,1969.62,114.0,0.11149435841085797,-0.9384376003805442,0.23915343915343915,-0.41262295907760355
Andria Kimpton,India,Orange Choco,2024-05-30,339.64,452.0,0.018896925223317707,-1.3181867259175508,0.9544973544973545,2.439183841159964
Mallorie Waber,Australia,Raspberry Choco,2024-04-25,8818.17,29.0,0.500553212541908,0.6571223903533716,0.05925925925925926,-1.1297933082497729
Beverie Moffet,Canada,85% Dark Bars,2024-02-16,6829.86,46.0,0.38759943250711115,0.1938903360971929,0.09523809523809523,-0.986359238415339
Kelci Walkden,Australia,Drinking Coco,2024-05-04,1370.19,58.0,0.07744137654874479,-1.0780914724039112,0.12063492063492064,-0.8851116597086799
Van Tuxwell,Canada,70% Dark Bites,2024-06-02,7731.47,77.0,0.4388189393330956,0.40394543436552804,0.16084656084656085,-0.7248029934231361
Dennison Crosswaite,USA,Caramel Stuffed Bars,2024-07-11,2757.16,463.0,0.15623366964934893,-0.7549582777352268,0.9777777777777777,2.5319941216410684
Beverie Moffet,New Zealand,Spicy Special Slims,2024-06-07,70.19,63.0,0.0035897568087465306,-1.3809625893489714,0.1312169312169312,-0.8429251685809052
Jan Morforth,UK,Almond Choco,2024-07-06,10817.45,151.0,0.614130186629434,1.122910210881002,0.31746031746031744,-0.10044292473207103
Husein Augar,India,Raspberry Choco,2024-06-15,11595.41,153.0,0.6583252682393793,1.3041576063722164,0.3216931216931217,-0.08356832828096117
Dotty Strutley,India,Mint Chip Choco,2024-04-14,1375.22,231.0,0.07772712550820032,-1.076919594159116,0.48677248677248675,0.5745409333123237
Camilla Castle,India,Drinking Coco,2024-08-08,503.52,167.0,0.02820677402561841,-1.280006326959892,0.3513227513227513,0.0345538468768079
Marney O'Breen,UK,Drinking Coco,2024-03-29,1135.16,27.0,0.06408957178913573,-1.1328482405697555,0.05502645502645503,-1.1466679047008828
Roddy Speechley,Australia,Organic Choco Syrup,2024-07-04,4375.45,79.0,0.24816700634861183,-0.37793266247290297,0.16507936507936508,-0.7079283969720263
Ches Bonnell,India,99% Dark & Pure,2024-02-16,536.74,102.0,0.030093966954666675,-1.2722668050330346,0.21375661375661376,-0.5138705377842627
Rafaelita Blaksland,Canada,Spicy Special Slims,2024-05-02,2702.08,164.0,0.15310463332990346,-0.7677906939824067,0.344973544973545,0.009241952200143105
Van Tuxwell,India,Eclairs,2024-07-21,11064.27,104.0,0.6281517687711465,1.1804137870997558,0.21798941798941798,-0.4969959413331529
Gunar Cockshoot,Australia,99% Dark & Pure,2024-08-18,8861.83,226.0,0.5030334907864067,0.6672942003270803,0.47619047619047616,0.532354442184549
Kaine Padly,USA,85% Dark Bars,2024-06-22,564.67,256.0,0.0316806406003114,-1.265759735574361,0.5396825396825397,0.785473388951197
Camilla Castle,UK,Peanut Butter Cubes,2024-07-19,5267.69,120.0,0.29885421342308566,-0.1700605660243951,0.2518518518518518,-0.361999169724274
Madelene Upcott,UK,Peanut Butter Cubes,2024-08-12,8698.47,89.0,0.49375318263200196,0.6292349498161993,0.18624338624338624,-0.6235554147164769
Madelene Upcott,USA,Choco Coated Almonds,2024-06-07,6025.6,137.0,0.34191027582088734,0.0065156249323977105,0.2878306878306878,-0.2185650998898401
Marney O'Breen,Canada,Peanut Butter Cubes,2024-03-08,7032.54,87.0,0.3991134681139595,0.24111027300675045,0.182010582010582,-0.6404300111675868
Ches Bonnell,Australia,Choco Coated Almonds,2024-04-08,1572.79,176.0,0.0889508674405322,-1.0308901737169351,0.37037037037037035,0.1104895309068023
Curtice Advani,Canada,Eclairs,2024-05-06,857.34,197.0,0.048306912561315474,-1.1975741280387375,0.4148148148148148,0.2876727936434559
Roddy Speechley,India,Drinking Coco,2024-05-31,4899.47,11.0,0.27793602617642255,-0.2558476450101718,0.021164021164021163,-1.2816646763097617
Van Tuxwell,Australia,Mint Chip Choco,2024-01-13,2924.06,295.0,0.16571508144519947,-0.7160742858751264,0.6222222222222222,1.1145280197478393
Dennison Crosswaite,USA,70% Dark Bites,2024-03-15,730.06,78.0,0.04107627089938703,-1.2272275401654815,0.16296296296296298,-0.7163656951975812
Andria Kimpton,Canada,Peanut Butter Cubes,2024-02-16,1348.05,332.0,0.07618362665563436,-1.083249600503268,0.7005291005291006,1.4267080540933719
Gigi Bohling,USA,70% Dark Bites,2024-01-14,8561.59,204.0,0.48597717516276284,0.5973449509797074,0.42962962962962964,0.34673388122234045
Rafaelita Blaksland,Australia,White Choc,2024-03-21,7326.91,102.0,0.41583631527000814,0.3096919427722253,0.21375661375661376,-0.5138705377842627
Roddy Speechley,Canada,Drinking Coco,2024-05-17,8196.93,340.0,0.46526122773631073,0.5123872728987955,0.7174603174603175,1.4942064398978114
Camilla Castle,New Zealand,85% Dark Bars,2024-08-08,17609.863750000004,53.0,1.0,2.7053917025852208,0.11005291005291006,-0.9272981508364545
Madelene Upcott,Canada,Milk Bars,2024-04-26,4285.13,87.0,0.2430360230448298,-0.3989752157671166,0.182010582010582,-0.6404300111675868
Madelene Upcott,Australia,70% Dark Bites,2024-04-15,4196.23,256.0,0.23798570843337913,-0.41968694061051354,0.5396825396825397,0.785473388951197
Oby Sorrel,Canada,Eclairs,2024-05-19,6409.31,473.5,0.36370843352122173,0.09591152976546614,1.0,2.620585753009395
Dennison Crosswaite,Canada,Drinking Coco,2024-01-10,3010.07,24.0,0.1706012182250743,-0.6960358668224768,0.04867724867724868,-1.1719797993775476
Mallorie Waber,New Zealand,After Nines,2024-05-04,567.91,225.0,0.031864701560278784,-1.2650048875598212,0.4740740740740741,0.523917143958994
Roddy Speechley,Canada,White Choc,2024-04-05,6948.79,292.0,0.3943557195345557,0.22159838374202062,0.6158730158730159,1.0892161250711745
Andria Kimpton,India,After Nines,2024-01-17,1009.28,69.0,0.05693846264077342,-1.162175483801328,0.1439153439153439,-0.7923013792275756
Roddy Speechley,India,Spicy Special Slims,2024-03-22,12049.05,180.0,0.684096074992343,1.4098456475191063,0.37883597883597886,0.14423872380902203
Dotty Strutley,Australia,White Choc,2024-07-05,6969.38,102.0,0.3955254155733608,0.22639539627886587,0.21375661375661376,-0.5138705377842627
Oby Sorrel,Canada,Orange Choco,2024-04-27,10257.74,328.0,0.582333655795069,0.9925102163692177,0.692063492063492,1.392958861191152
Kaine Padly,Canada,Almond Choco,2024-08-12,7220.35,71.0,0.4097827548088588,0.28486583029402107,0.14814814814814814,-0.7754267827764657
Jan Morforth,UK,Baker's Choco Chips,2024-03-11,783.35,273.0,0.044103619219344345,-1.2148121541485566,0.5756613756613757,0.9289074587856309
Jehu Rudeforth,UK,Fruit & Nut Bars,2024-05-13,9434.44,221.0,0.5355628569243456,0.8006996082300887,0.4656084656084656,0.4901679510567743
Dennison Crosswaite,USA,Smooth Sliky Salty,2024-05-12,12755.99,99.0,0.7242565858069541,1.57454696091383,0.2074074074074074,-0.5391824324609276
Brien Boise,USA,Raspberry Choco,2024-01-12,807.26,198.0,0.04546192093317769,-1.2092416553745902,0.41693121693121693,0.2961100918690108
Madelene Upcott,New Zealand,Milk Bars,2024-03-29,13541.21,434.0,0.7688641003086782,1.7574857751042914,0.9164021164021164,2.287312473099975
Roddy Speechley,India,50% Dark Bites,2024-03-14,9976.22,12.0,0.566340803495681,0.9269223111058534,0.02328042328042328,-1.2732273780842067
Barr Faughny,New Zealand,99% Dark & Pure,2024-05-24,9152.72,208.0,0.5195586428373052,0.7350651074102713,0.4380952380952381,0.38048307412456017
Dennison Crosswaite,Canada,Organic Choco Syrup,2024-01-28,9251.37,79.0,0.525162844596806,0.7580483656307564,0.16507936507936508,-0.7079283969720263
Beverie Moffet,India,Almond Choco,2024-05-24,3634.26,100.0,0.20606078939854314,-0.5506134649102175,0.20952380952380953,-0.5307451342353726
Brien Boise,Australia,Peanut Butter Cubes,2024-08-19,352.51,196.0,0.01962805625874369,-1.3151883018597947,0.4126984126984127,0.279235495417901
Karlen McCaffrey,Australia,Spicy Special Slims,2024-05-17,5303.58,354.0,0.30089308621729227,-0.1616989934188887,0.7470899470899471,1.6123286150555804
Jehu Rudeforth,USA,White Choc,2024-06-07,7339.32,121.0,0.41654131419383383,0.31258319705013926,0.25396825396825395,-0.35356187149871904
Ches Bonnell,Canada,Organic Choco Syrup,2024-07-26,616.09,238.0,0.03460175620571965,-1.2537800180102727,0.5015873015873016,0.6336020208912082
Dotty Strutley,India,Eclairs,2024-07-28,2504.62,397.0,0.14188714038078032,-0.8137944868685387,0.8380952380952381,1.9751324387544427
Karlen McCaffrey,India,70% Dark Bites,2024-05-23,5915.87,355.0,0.3356766310254488,-0.019049027115588115,0.7492063492063492,1.6207659132811354
